2026-08-11 16:21:16: == Sync Started by User Command
2026-08-11 16:21:16: Create Folder '/Users/andrea/Documents/_DBXAndrea/github/stats4biology/_site/2024/r_ggplot_dualscaledaxes'
2026-08-11 16:21:16: Copy Over '/Users/andrea/Documents/_DBXAndrea/github/stats4biology_quarto/_freeze/posts/general_DeltaMethod/execute-results/html.json' -> '/Users/andrea/Documents/_DBXAndrea/github/stats4biology/_freeze/posts/general_DeltaMethod/execute-results/html.json' (12,417) (User Action)
2026-08-11 16:21:16: Copy Over '/Users/andrea/Documents/_DBXAndrea/github/stats4biology_quarto/_freeze/posts/general_DeltaMethod/figure-html/unnamed-chunk-3-1.png' -> '/Users/andrea/Documents/_DBXAndrea/github/stats4biology/_freeze/posts/general_DeltaMethod/figure-html/unnamed-chunk-3-1.png' (71,067) (User Action)
2026-08-11 16:21:16: Copy Over '/Users/andrea/Documents/_DBXAndrea/github/stats4biology_quarto/_freeze/posts/general_ErrorPropagation/execute-results/html.json' -> '/Users/andrea/Documents/_DBXAndrea/github/stats4biology/_freeze/posts/general_ErrorPropagation/execute-results/html.json' (10,078) (User Action)
2026-08-11 16:21:16: Copy Over '/Users/andrea/Documents/_DBXAndrea/github/stats4biology_quarto/_freeze/posts/general_percentiles/execute-results/html.json' -> '/Users/andrea/Documents/_DBXAndrea/github/stats4biology/_freeze/posts/general_percentiles/execute-results/html.json' (11,029) (User Action)
2026-08-11 16:21:16: Copy Over '/Users/andrea/Documents/_DBXAndrea/github/stats4biology_quarto/_freeze/posts/general_percentiles/figure-html/unnamed-chunk-6-1.png' -> '/Users/andrea/Documents/_DBXAndrea/github/stats4biology/_freeze/posts/general_percentiles/figure-html/unnamed-chunk-6-1.png' (67,730) (User Action)
2026-08-11 16:21:16: Copy Over '/Users/andrea/Documents/_DBXAndrea/github/stats4biology_quarto/_freeze/posts/general_VarianceSamplePop/execute-results/html.json' -> '/Users/andrea/Documents/_DBXAndrea/github/stats4biology/_freeze/posts/general_VarianceSamplePop/execute-results/html.json' (9,463) (User Action)
2026-08-11 16:21:16: Copy Over '/Users/andrea/Documents/_DBXAndrea/github/stats4biology_quarto/_freeze/posts/nlmm_DesignConstraints/execute-results/html.json' -> '/Users/andrea/Documents/_DBXAndrea/github/stats4biology/_freeze/posts/nlmm_DesignConstraints/execute-results/html.json' (17,454) (User Action)
2026-08-11 16:21:16: Copy Over '/Users/andrea/Documents/_DBXAndrea/github/stats4biology_quarto/_freeze/posts/nlmm_DesignConstraints/figure-html/unnamed-chunk-1-1.png' -> '/Users/andrea/Documents/_DBXAndrea/github/stats4biology/_freeze/posts/nlmm_DesignConstraints/figure-html/unnamed-chunk-1-1.png' (84,630) (User Action)
2026-08-11 16:21:16: Copy Over '/Users/andrea/Documents/_DBXAndrea/github/stats4biology_quarto/_freeze/posts/nlmm_DesignConstraints/figure-html/unnamed-chunk-7-1.png' -> '/Users/andrea/Documents/_DBXAndrea/github/stats4biology/_freeze/posts/nlmm_DesignConstraints/figure-html/unnamed-chunk-7-1.png' (76,759) (User Action)
2026-08-11 16:21:16: Copy Over '/Users/andrea/Documents/_DBXAndrea/github/stats4biology_quarto/_freeze/posts/nls_modelFitting/execute-results/html.json' -> '/Users/andrea/Documents/_DBXAndrea/github/stats4biology/_freeze/posts/nls_modelFitting/execute-results/html.json' (33,930) (User Action)
2026-08-11 16:21:16: Copy Over '/Users/andrea/Documents/_DBXAndrea/github/stats4biology_quarto/_freeze/posts/nls_modelFitting/figure-html/fig-1-1.png' -> '/Users/andrea/Documents/_DBXAndrea/github/stats4biology/_freeze/posts/nls_modelFitting/figure-html/fig-1-1.png' (231,732) (User Action)
2026-08-11 16:21:16: Copy Over '/Users/andrea/Documents/_DBXAndrea/github/stats4biology_quarto/_freeze/posts/nls_modelFitting/figure-html/unnamed-chunk-10-1.png' -> '/Users/andrea/Documents/_DBXAndrea/github/stats4biology/_freeze/posts/nls_modelFitting/figure-html/unnamed-chunk-10-1.png' (67,642) (User Action)
2026-08-11 16:21:16: Copy Over '/Users/andrea/Documents/_DBXAndrea/github/stats4biology_quarto/_freeze/posts/nls_modelFitting/figure-html/unnamed-chunk-11-1.png' -> '/Users/andrea/Documents/_DBXAndrea/github/stats4biology/_freeze/posts/nls_modelFitting/figure-html/unnamed-chunk-11-1.png' (77,303) (User Action)
2026-08-11 16:21:16: Copy Over '/Users/andrea/Documents/_DBXAndrea/github/stats4biology_quarto/_freeze/posts/nls_modelFitting/figure-html/unnamed-chunk-12-1.png' -> '/Users/andrea/Documents/_DBXAndrea/github/stats4biology/_freeze/posts/nls_modelFitting/figure-html/unnamed-chunk-12-1.png' (66,585) (User Action)
2026-08-11 16:21:16: Copy Over '/Users/andrea/Documents/_DBXAndrea/github/stats4biology_quarto/_freeze/posts/nls_modelFitting/figure-html/unnamed-chunk-13-1.png' -> '/Users/andrea/Documents/_DBXAndrea/github/stats4biology/_freeze/posts/nls_modelFitting/figure-html/unnamed-chunk-13-1.png' (71,178) (User Action)
2026-08-11 16:21:16: Copy Over '/Users/andrea/Documents/_DBXAndrea/github/stats4biology_quarto/_freeze/posts/nls_modelFitting/figure-html/unnamed-chunk-14-1.png' -> '/Users/andrea/Documents/_DBXAndrea/github/stats4biology/_freeze/posts/nls_modelFitting/figure-html/unnamed-chunk-14-1.png' (61,817) (User Action)
2026-08-11 16:21:16: Copy Over '/Users/andrea/Documents/_DBXAndrea/github/stats4biology_quarto/_freeze/posts/nls_modelFitting/figure-html/unnamed-chunk-15-1.png' -> '/Users/andrea/Documents/_DBXAndrea/github/stats4biology/_freeze/posts/nls_modelFitting/figure-html/unnamed-chunk-15-1.png' (68,236) (User Action)
2026-08-11 16:21:16: Copy Over '/Users/andrea/Documents/_DBXAndrea/github/stats4biology_quarto/_freeze/posts/nls_modelFitting/figure-html/unnamed-chunk-16-1.png' -> '/Users/andrea/Documents/_DBXAndrea/github/stats4biology/_freeze/posts/nls_modelFitting/figure-html/unnamed-chunk-16-1.png' (69,243) (User Action)
2026-08-11 16:21:16: Copy Over '/Users/andrea/Documents/_DBXAndrea/github/stats4biology_quarto/_freeze/posts/nls_modelFitting/figure-html/unnamed-chunk-17-1.png' -> '/Users/andrea/Documents/_DBXAndrea/github/stats4biology/_freeze/posts/nls_modelFitting/figure-html/unnamed-chunk-17-1.png' (74,310) (User Action)
2026-08-11 16:21:16: Copy Over '/Users/andrea/Documents/_DBXAndrea/github/stats4biology_quarto/_freeze/posts/nls_modelFitting/figure-html/unnamed-chunk-18-1.png' -> '/Users/andrea/Documents/_DBXAndrea/github/stats4biology/_freeze/posts/nls_modelFitting/figure-html/unnamed-chunk-18-1.png' (61,437) (User Action)
2026-08-11 16:21:16: Copy Over '/Users/andrea/Documents/_DBXAndrea/github/stats4biology_quarto/_freeze/posts/nls_modelFitting/figure-html/unnamed-chunk-19-1.png' -> '/Users/andrea/Documents/_DBXAndrea/github/stats4biology/_freeze/posts/nls_modelFitting/figure-html/unnamed-chunk-19-1.png' (58,423) (User Action)
2026-08-11 16:21:16: Copy Over '/Users/andrea/Documents/_DBXAndrea/github/stats4biology_quarto/_freeze/posts/nls_modelFitting/figure-html/unnamed-chunk-2-1.png' -> '/Users/andrea/Documents/_DBXAndrea/github/stats4biology/_freeze/posts/nls_modelFitting/figure-html/unnamed-chunk-2-1.png' (156,934) (User Action)
2026-08-11 16:21:16: Copy Over '/Users/andrea/Documents/_DBXAndrea/github/stats4biology_quarto/_freeze/posts/nls_modelFitting/figure-html/unnamed-chunk-20-1.png' -> '/Users/andrea/Documents/_DBXAndrea/github/stats4biology/_freeze/posts/nls_modelFitting/figure-html/unnamed-chunk-20-1.png' (65,592) (User Action)
2026-08-11 16:21:16: Copy Over '/Users/andrea/Documents/_DBXAndrea/github/stats4biology_quarto/_freeze/posts/nls_modelFitting/figure-html/unnamed-chunk-21-1.png' -> '/Users/andrea/Documents/_DBXAndrea/github/stats4biology/_freeze/posts/nls_modelFitting/figure-html/unnamed-chunk-21-1.png' (70,085) (User Action)
2026-08-11 16:21:16: Copy Over '/Users/andrea/Documents/_DBXAndrea/github/stats4biology_quarto/_freeze/posts/nls_modelFitting/figure-html/unnamed-chunk-22-1.png' -> '/Users/andrea/Documents/_DBXAndrea/github/stats4biology/_freeze/posts/nls_modelFitting/figure-html/unnamed-chunk-22-1.png' (73,955) (User Action)
2026-08-11 16:21:16: Copy Over '/Users/andrea/Documents/_DBXAndrea/github/stats4biology_quarto/_freeze/posts/nls_modelFitting/figure-html/unnamed-chunk-23-1.png' -> '/Users/andrea/Documents/_DBXAndrea/github/stats4biology/_freeze/posts/nls_modelFitting/figure-html/unnamed-chunk-23-1.png' (70,086) (User Action)
2026-08-11 16:21:16: Copy Over '/Users/andrea/Documents/_DBXAndrea/github/stats4biology_quarto/_freeze/posts/nls_modelFitting/figure-html/unnamed-chunk-3-1.png' -> '/Users/andrea/Documents/_DBXAndrea/github/stats4biology/_freeze/posts/nls_modelFitting/figure-html/unnamed-chunk-3-1.png' (83,504) (User Action)
2026-08-11 16:21:16: Copy Over '/Users/andrea/Documents/_DBXAndrea/github/stats4biology_quarto/_freeze/posts/nls_modelFitting/figure-html/unnamed-chunk-4-1.png' -> '/Users/andrea/Documents/_DBXAndrea/github/stats4biology/_freeze/posts/nls_modelFitting/figure-html/unnamed-chunk-4-1.png' (71,773) (User Action)
2026-08-11 16:21:16: Copy Over '/Users/andrea/Documents/_DBXAndrea/github/stats4biology_quarto/_freeze/posts/nls_modelFitting/figure-html/unnamed-chunk-5-1.png' -> '/Users/andrea/Documents/_DBXAndrea/github/stats4biology/_freeze/posts/nls_modelFitting/figure-html/unnamed-chunk-5-1.png' (78,791) (User Action)
2026-08-11 16:21:16: Copy Over '/Users/andrea/Documents/_DBXAndrea/github/stats4biology_quarto/_freeze/posts/nls_modelFitting/figure-html/unnamed-chunk-6-1.png' -> '/Users/andrea/Documents/_DBXAndrea/github/stats4biology/_freeze/posts/nls_modelFitting/figure-html/unnamed-chunk-6-1.png' (67,315) (User Action)
2026-08-11 16:21:16: Copy Over '/Users/andrea/Documents/_DBXAndrea/github/stats4biology_quarto/_freeze/posts/nls_modelFitting/figure-html/unnamed-chunk-7-1.png' -> '/Users/andrea/Documents/_DBXAndrea/github/stats4biology/_freeze/posts/nls_modelFitting/figure-html/unnamed-chunk-7-1.png' (63,793) (User Action)
2026-08-11 16:21:16: Copy Over '/Users/andrea/Documents/_DBXAndrea/github/stats4biology_quarto/_freeze/posts/nls_modelFitting/figure-html/unnamed-chunk-8-1.png' -> '/Users/andrea/Documents/_DBXAndrea/github/stats4biology/_freeze/posts/nls_modelFitting/figure-html/unnamed-chunk-8-1.png' (55,080) (User Action)
2026-08-11 16:21:16: Copy Over '/Users/andrea/Documents/_DBXAndrea/github/stats4biology_quarto/_freeze/posts/nls_modelFitting/figure-html/unnamed-chunk-9-1.png' -> '/Users/andrea/Documents/_DBXAndrea/github/stats4biology/_freeze/posts/nls_modelFitting/figure-html/unnamed-chunk-9-1.png' (78,884) (User Action)
2026-08-11 16:21:16: Copy Over '/Users/andrea/Documents/_DBXAndrea/github/stats4biology_quarto/_freeze/posts/nls_selfStarting/execute-results/html.json' -> '/Users/andrea/Documents/_DBXAndrea/github/stats4biology/_freeze/posts/nls_selfStarting/execute-results/html.json' (12,064) (User Action)
2026-08-11 16:21:16: Copy Over '/Users/andrea/Documents/_DBXAndrea/github/stats4biology_quarto/_freeze/posts/nls_selfStarting/figure-html/unnamed-chunk-1-1.png' -> '/Users/andrea/Documents/_DBXAndrea/github/stats4biology/_freeze/posts/nls_selfStarting/figure-html/unnamed-chunk-1-1.png' (54,677) (User Action)
2026-08-11 16:21:16: Copy Over '/Users/andrea/Documents/_DBXAndrea/github/stats4biology_quarto/_freeze/posts/nls_selfStarting/figure-html/unnamed-chunk-6-1.png' -> '/Users/andrea/Documents/_DBXAndrea/github/stats4biology/_freeze/posts/nls_selfStarting/figure-html/unnamed-chunk-6-1.png' (71,979) (User Action)
2026-08-11 16:21:16: Copy Over '/Users/andrea/Documents/_DBXAndrea/github/stats4biology_quarto/_freeze/posts/nls_usefulEquations/execute-results/html.json' -> '/Users/andrea/Documents/_DBXAndrea/github/stats4biology/_freeze/posts/nls_usefulEquations/execute-results/html.json' (33,291) (User Action)
2026-08-11 16:21:16: Copy Over '/Users/andrea/Documents/_DBXAndrea/github/stats4biology_quarto/_freeze/posts/nls_usefulEquations/figure-html/fig-1-1.png' -> '/Users/andrea/Documents/_DBXAndrea/github/stats4biology/_freeze/posts/nls_usefulEquations/figure-html/fig-1-1.png' (231,732) (User Action)
2026-08-11 16:21:16: Copy Over '/Users/andrea/Documents/_DBXAndrea/github/stats4biology_quarto/_freeze/posts/nls_usefulEquations/figure-html/fig-2-1.png' -> '/Users/andrea/Documents/_DBXAndrea/github/stats4biology/_freeze/posts/nls_usefulEquations/figure-html/fig-2-1.png' (92,529) (User Action)
2026-08-11 16:21:16: Copy Over '/Users/andrea/Documents/_DBXAndrea/github/stats4biology_quarto/_freeze/posts/nls_usefulEquations/figure-html/fig-3-1.png' -> '/Users/andrea/Documents/_DBXAndrea/github/stats4biology/_freeze/posts/nls_usefulEquations/figure-html/fig-3-1.png' (91,081) (User Action)
2026-08-11 16:21:16: Copy Over '/Users/andrea/Documents/_DBXAndrea/github/stats4biology_quarto/_freeze/posts/nls_usefulEquations/figure-html/fig-4-1.png' -> '/Users/andrea/Documents/_DBXAndrea/github/stats4biology/_freeze/posts/nls_usefulEquations/figure-html/fig-4-1.png' (97,671) (User Action)
2026-08-11 16:21:16: Copy Over '/Users/andrea/Documents/_DBXAndrea/github/stats4biology_quarto/_freeze/posts/nls_usefulEquations/figure-html/unnamed-chunk-1-1.png' -> '/Users/andrea/Documents/_DBXAndrea/github/stats4biology/_freeze/posts/nls_usefulEquations/figure-html/unnamed-chunk-1-1.png' (164,556) (User Action)
2026-08-11 16:21:16: Copy Over '/Users/andrea/Documents/_DBXAndrea/github/stats4biology_quarto/_freeze/posts/nls_usefulEquations/figure-html/unnamed-chunk-10-1.png' -> '/Users/andrea/Documents/_DBXAndrea/github/stats4biology/_freeze/posts/nls_usefulEquations/figure-html/unnamed-chunk-10-1.png' (92,529) (User Action)
2026-08-11 16:21:16: Copy Over '/Users/andrea/Documents/_DBXAndrea/github/stats4biology_quarto/_freeze/posts/nls_usefulEquations/figure-html/unnamed-chunk-11-1.png' -> '/Users/andrea/Documents/_DBXAndrea/github/stats4biology/_freeze/posts/nls_usefulEquations/figure-html/unnamed-chunk-11-1.png' (63,648) (User Action)
2026-08-11 16:21:16: Copy Over '/Users/andrea/Documents/_DBXAndrea/github/stats4biology_quarto/_freeze/posts/nls_usefulEquations/figure-html/unnamed-chunk-12-1.png' -> '/Users/andrea/Documents/_DBXAndrea/github/stats4biology/_freeze/posts/nls_usefulEquations/figure-html/unnamed-chunk-12-1.png' (63,696) (User Action)
2026-08-11 16:21:16: Copy Over '/Users/andrea/Documents/_DBXAndrea/github/stats4biology_quarto/_freeze/posts/nls_usefulEquations/figure-html/unnamed-chunk-13-1.png' -> '/Users/andrea/Documents/_DBXAndrea/github/stats4biology/_freeze/posts/nls_usefulEquations/figure-html/unnamed-chunk-13-1.png' (63,490) (User Action)
2026-08-11 16:21:16: Copy Over '/Users/andrea/Documents/_DBXAndrea/github/stats4biology_quarto/_freeze/posts/nls_usefulEquations/figure-html/unnamed-chunk-14-1.png' -> '/Users/andrea/Documents/_DBXAndrea/github/stats4biology/_freeze/posts/nls_usefulEquations/figure-html/unnamed-chunk-14-1.png' (62,440) (User Action)
2026-08-11 16:21:16: Copy Over '/Users/andrea/Documents/_DBXAndrea/github/stats4biology_quarto/_freeze/posts/nls_usefulEquations/figure-html/unnamed-chunk-15-1.png' -> '/Users/andrea/Documents/_DBXAndrea/github/stats4biology/_freeze/posts/nls_usefulEquations/figure-html/unnamed-chunk-15-1.png' (63,861) (User Action)
2026-08-11 16:21:16: Copy Over '/Users/andrea/Documents/_DBXAndrea/github/stats4biology_quarto/_freeze/posts/nls_usefulEquations/figure-html/unnamed-chunk-16-1.png' -> '/Users/andrea/Documents/_DBXAndrea/github/stats4biology/_freeze/posts/nls_usefulEquations/figure-html/unnamed-chunk-16-1.png' (96,419) (User Action)
2026-08-11 16:21:16: Copy Over '/Users/andrea/Documents/_DBXAndrea/github/stats4biology_quarto/_freeze/posts/nls_usefulEquations/figure-html/unnamed-chunk-17-1.png' -> '/Users/andrea/Documents/_DBXAndrea/github/stats4biology/_freeze/posts/nls_usefulEquations/figure-html/unnamed-chunk-17-1.png' (97,424) (User Action)
2026-08-11 16:21:16: Copy Over '/Users/andrea/Documents/_DBXAndrea/github/stats4biology_quarto/_freeze/posts/nls_usefulEquations/figure-html/unnamed-chunk-18-1.png' -> '/Users/andrea/Documents/_DBXAndrea/github/stats4biology/_freeze/posts/nls_usefulEquations/figure-html/unnamed-chunk-18-1.png' (70,086) (User Action)
2026-08-11 16:21:16: Copy Over '/Users/andrea/Documents/_DBXAndrea/github/stats4biology_quarto/_freeze/posts/nls_usefulEquations/figure-html/unnamed-chunk-9-1.png' -> '/Users/andrea/Documents/_DBXAndrea/github/stats4biology/_freeze/posts/nls_usefulEquations/figure-html/unnamed-chunk-9-1.png' (92,529) (User Action)
2026-08-11 16:21:16: Copy Over '/Users/andrea/Documents/_DBXAndrea/github/stats4biology_quarto/_freeze/posts/post-with-code/index/execute-results/html.json' -> '/Users/andrea/Documents/_DBXAndrea/github/stats4biology/_freeze/posts/post-with-code/index/execute-results/html.json' (594) (User Action)
2026-08-11 16:21:16: Copy Over '/Users/andrea/Documents/_DBXAndrea/github/stats4biology_quarto/_freeze/posts/R_ggplot_dualScaledAxes/execute-results/html.json' -> '/Users/andrea/Documents/_DBXAndrea/github/stats4biology/_freeze/posts/R_ggplot_dualScaledAxes/execute-results/html.json' (11,008) (User Action)
2026-08-11 16:21:16: Copy Over '/Users/andrea/Documents/_DBXAndrea/github/stats4biology_quarto/_freeze/posts/R_ggplot_dualScaledAxes/figure-html/unnamed-chunk-3-1.png' -> '/Users/andrea/Documents/_DBXAndrea/github/stats4biology/_freeze/posts/R_ggplot_dualScaledAxes/figure-html/unnamed-chunk-3-1.png' (73,897) (User Action)
2026-08-11 16:21:16: Copy Over '/Users/andrea/Documents/_DBXAndrea/github/stats4biology_quarto/_freeze/posts/R_ggplot_dualScaledAxes/figure-html/unnamed-chunk-4-1.png' -> '/Users/andrea/Documents/_DBXAndrea/github/stats4biology/_freeze/posts/R_ggplot_dualScaledAxes/figure-html/unnamed-chunk-4-1.png' (78,547) (User Action)
2026-08-11 16:21:16: Copy Over '/Users/andrea/Documents/_DBXAndrea/github/stats4biology_quarto/_freeze/posts/R_ggplot_dualScaledAxes/figure-html/unnamed-chunk-5-1.png' -> '/Users/andrea/Documents/_DBXAndrea/github/stats4biology/_freeze/posts/R_ggplot_dualScaledAxes/figure-html/unnamed-chunk-5-1.png' (106,811) (User Action)
2026-08-11 16:21:16: Copy Over '/Users/andrea/Documents/_DBXAndrea/github/stats4biology_quarto/_freeze/posts/R_ggplot_dualScaledAxes/figure-html/unnamed-chunk-6-1.png' -> '/Users/andrea/Documents/_DBXAndrea/github/stats4biology/_freeze/posts/R_ggplot_dualScaledAxes/figure-html/unnamed-chunk-6-1.png' (166,531) (User Action)
2026-08-11 16:21:16: Copy Over '/Users/andrea/Documents/_DBXAndrea/github/stats4biology_quarto/_freeze/posts/R_QuartoSteps/execute-results/html.json' -> '/Users/andrea/Documents/_DBXAndrea/github/stats4biology/_freeze/posts/R_QuartoSteps/execute-results/html.json' (7,940) (User Action)
2026-08-11 16:21:16: Copy Over '/Users/andrea/Documents/_DBXAndrea/github/stats4biology_quarto/_freeze/posts/Stat_General_VarianceSamplePop/execute-results/html.json' -> '/Users/andrea/Documents/_DBXAndrea/github/stats4biology/_freeze/posts/Stat_General_VarianceSamplePop/execute-results/html.json' (9,437) (User Action)
2026-08-11 16:21:16: Copy Over '/Users/andrea/Documents/_DBXAndrea/github/stats4biology_quarto/_freeze/site_libs/clipboard/clipboard.min.js' -> '/Users/andrea/Documents/_DBXAndrea/github/stats4biology/_freeze/site_libs/clipboard/clipboard.min.js' (9,160) (User Action)
2026-08-11 16:21:16: Copy Over '/Users/andrea/Documents/_DBXAndrea/github/stats4biology_quarto/_freeze/site_libs/quarto-listing/list.min.js' -> '/Users/andrea/Documents/_DBXAndrea/github/stats4biology/_freeze/site_libs/quarto-listing/list.min.js' (19,446) (User Action)
2026-08-11 16:21:16: Copy Over '/Users/andrea/Documents/_DBXAndrea/github/stats4biology_quarto/_freeze/site_libs/quarto-listing/quarto-listing.js' -> '/Users/andrea/Documents/_DBXAndrea/github/stats4biology/_freeze/site_libs/quarto-listing/quarto-listing.js' (7,111) (User Action)
2026-08-11 16:21:16: Copy Over '/Users/andrea/Documents/_DBXAndrea/github/stats4biology_quarto/_MyLibrary.bib' -> '/Users/andrea/Documents/_DBXAndrea/github/stats4biology/_MyLibrary.bib' (877,176) (User Action)
2026-08-11 16:21:16: Copy Over '/Users/andrea/Documents/_DBXAndrea/github/stats4biology_quarto/_quarto.yml' -> '/Users/andrea/Documents/_DBXAndrea/github/stats4biology/_quarto.yml' (2,109) (User Action)
2026-08-11 16:21:16: Copy Over '/Users/andrea/Documents/_DBXAndrea/github/stats4biology_quarto/_seedtutorial/index.html' -> '/Users/andrea/Documents/_DBXAndrea/github/stats4biology/_seedtutorial/index.html' (272) (User Action)
2026-08-11 16:21:16: Copy Over '/Users/andrea/Documents/_DBXAndrea/github/stats4biology_quarto/_site/2014/2014-06-08-the-danger-of-r/index.html' -> '/Users/andrea/Documents/_DBXAndrea/github/stats4biology/_site/2014/2014-06-08-the-danger-of-r/index.html' (612) (User Action)
2026-08-11 16:21:16: Copy Over '/Users/andrea/Documents/_DBXAndrea/github/stats4biology_quarto/_site/2018/stat_general_variancesamplepop/index.html' -> '/Users/andrea/Documents/_DBXAndrea/github/stats4biology/_site/2018/stat_general_variancesamplepop/index.html' (623) (User Action)
2026-08-11 16:21:16: Copy Over '/Users/andrea/Documents/_DBXAndrea/github/stats4biology_quarto/_site/2020/stat_general_percentiles/index.html' -> '/Users/andrea/Documents/_DBXAndrea/github/stats4biology/_site/2020/stat_general_percentiles/index.html' (617) (User Action)
2026-08-11 16:21:16: Copy Over '/Users/andrea/Documents/_DBXAndrea/github/stats4biology_quarto/_site/2020/stat_nlmm_designconstraints/index.html' -> '/Users/andrea/Documents/_DBXAndrea/github/stats4biology/_site/2020/stat_nlmm_designconstraints/index.html' (620) (User Action)
2026-08-11 16:21:16: Copy Over '/Users/andrea/Documents/_DBXAndrea/github/stats4biology_quarto/_site/2020/stat_nls_selfstarting/index.html' -> '/Users/andrea/Documents/_DBXAndrea/github/stats4biology/_site/2020/stat_nls_selfstarting/index.html' (614) (User Action)
2026-08-11 16:21:16: Copy Over '/Users/andrea/Documents/_DBXAndrea/github/stats4biology_quarto/_site/2020/stat_nls_usefulfunctions/index.html' -> '/Users/andrea/Documents/_DBXAndrea/github/stats4biology/_site/2020/stat_nls_usefulfunctions/index.html' (614) (User Action)
2026-08-11 16:21:16: Copy New '/Users/andrea/Documents/_DBXAndrea/github/stats4biology_quarto/_site/2024/r_ggplot_dualscaledaxes/index.html' -> '/Users/andrea/Documents/_DBXAndrea/github/stats4biology/_site/2024/r_ggplot_dualscaledaxes/index.html' (621)
2026-08-11 16:21:16: Copy Over '/Users/andrea/Documents/_DBXAndrea/github/stats4biology_quarto/_site/2024/stat_general_errorpropagation/index.html' -> '/Users/andrea/Documents/_DBXAndrea/github/stats4biology/_site/2024/stat_general_errorpropagation/index.html' (622) (User Action)
2026-08-11 16:21:16: Copy Over '/Users/andrea/Documents/_DBXAndrea/github/stats4biology_quarto/_site/2024/stat_general_thedeltamethod/index.html' -> '/Users/andrea/Documents/_DBXAndrea/github/stats4biology/_site/2024/stat_general_thedeltamethod/index.html' (617) (User Action)
2026-08-11 16:21:16: Copy Over '/Users/andrea/Documents/_DBXAndrea/github/stats4biology_quarto/_site/2024/stat_general_thedeltamethod_edit/index.html' -> '/Users/andrea/Documents/_DBXAndrea/github/stats4biology/_site/2024/stat_general_thedeltamethod_edit/index.html' (617) (User Action)
2026-08-11 16:21:16: Copy Over '/Users/andrea/Documents/_DBXAndrea/github/stats4biology_quarto/_site/_seedtutorial/index.html' -> '/Users/andrea/Documents/_DBXAndrea/github/stats4biology/_site/_seedtutorial/index.html' (272) (User Action)
2026-08-11 16:21:16: Copy Over '/Users/andrea/Documents/_DBXAndrea/github/stats4biology_quarto/_site/_Statbook/404.html' -> '/Users/andrea/Documents/_DBXAndrea/github/stats4biology/_site/_Statbook/404.html' (62,563) (User Action)
2026-08-11 16:21:16: Copy Over '/Users/andrea/Documents/_DBXAndrea/github/stats4biology_quarto/_site/_Statbook/_images/CorrelationExample.png' -> '/Users/andrea/Documents/_DBXAndrea/github/stats4biology/_site/_Statbook/_images/CorrelationExample.png' (68,929) (User Action)
2026-08-11 16:21:16: Copy Over '/Users/andrea/Documents/_DBXAndrea/github/stats4biology_quarto/_site/_Statbook/_images/cover.jpeg' -> '/Users/andrea/Documents/_DBXAndrea/github/stats4biology/_site/_Statbook/_images/cover.jpeg' (1,051,540) (User Action)
2026-08-11 16:21:16: Copy Over '/Users/andrea/Documents/_DBXAndrea/github/stats4biology_quarto/_site/_Statbook/_images/coverSpringer.jpg' -> '/Users/andrea/Documents/_DBXAndrea/github/stats4biology/_site/_Statbook/_images/coverSpringer.jpg' (17,022) (User Action)
2026-08-11 16:21:16: Copy Over '/Users/andrea/Documents/_DBXAndrea/github/stats4biology_quarto/_site/_Statbook/_images/FalseResults.jpg' -> '/Users/andrea/Documents/_DBXAndrea/github/stats4biology/_site/_Statbook/_images/FalseResults.jpg' (46,919) (User Action)
2026-08-11 16:21:16: Copy Over '/Users/andrea/Documents/_DBXAndrea/github/stats4biology_quarto/_site/_Statbook/_images/InferenceProcess.jpeg' -> '/Users/andrea/Documents/_DBXAndrea/github/stats4biology/_site/_Statbook/_images/InferenceProcess.jpeg' (99,749) (User Action)
2026-08-11 16:21:16: Copy Over '/Users/andrea/Documents/_DBXAndrea/github/stats4biology_quarto/_site/_Statbook/_images/Mappa1.png' -> '/Users/andrea/Documents/_DBXAndrea/github/stats4biology/_site/_Statbook/_images/Mappa1.png' (32,716) (User Action)
2026-08-11 16:21:16: Copy Over '/Users/andrea/Documents/_DBXAndrea/github/stats4biology_quarto/_site/_Statbook/_images/Mappa1CRBD.png' -> '/Users/andrea/Documents/_DBXAndrea/github/stats4biology/_site/_Statbook/_images/Mappa1CRBD.png' (49,454) (User Action)
2026-08-11 16:21:16: Copy Over '/Users/andrea/Documents/_DBXAndrea/github/stats4biology_quarto/_site/_Statbook/_images/Mappa1CRD.png' -> '/Users/andrea/Documents/_DBXAndrea/github/stats4biology/_site/_Statbook/_images/Mappa1CRD.png' (51,098) (User Action)
2026-08-11 16:21:16: Copy Over '/Users/andrea/Documents/_DBXAndrea/github/stats4biology_quarto/_site/_Statbook/_images/Mappa2LS.png' -> '/Users/andrea/Documents/_DBXAndrea/github/stats4biology/_site/_Statbook/_images/Mappa2LS.png' (31,892) (User Action)
2026-08-11 16:21:16: Copy Over '/Users/andrea/Documents/_DBXAndrea/github/stats4biology_quarto/_site/_Statbook/_images/Mappa3FATT.png' -> '/Users/andrea/Documents/_DBXAndrea/github/stats4biology/_site/_Statbook/_images/Mappa3FATT.png' (93,598) (User Action)
2026-08-11 16:21:16: Copy Over '/Users/andrea/Documents/_DBXAndrea/github/stats4biology_quarto/_site/_Statbook/_images/Mappa3split.png' -> '/Users/andrea/Documents/_DBXAndrea/github/stats4biology/_site/_Statbook/_images/Mappa3split.png' (65,475) (User Action)
2026-08-11 16:21:16: Copy Over '/Users/andrea/Documents/_DBXAndrea/github/stats4biology_quarto/_site/_Statbook/_images/Mappa3Strip.png' -> '/Users/andrea/Documents/_DBXAndrea/github/stats4biology/_site/_Statbook/_images/Mappa3Strip.png' (57,929) (User Action)
2026-08-11 16:21:16: Copy Over '/Users/andrea/Documents/_DBXAndrea/github/stats4biology_quarto/_site/_Statbook/_images/MSAMap.jpg' -> '/Users/andrea/Documents/_DBXAndrea/github/stats4biology/_site/_Statbook/_images/MSAMap.jpg' (38,340) (User Action)
2026-08-11 16:21:16: Copy Over '/Users/andrea/Documents/_DBXAndrea/github/stats4biology_quarto/_site/_Statbook/_images/OnFarmTrial.png' -> '/Users/andrea/Documents/_DBXAndrea/github/stats4biology/_site/_Statbook/_images/OnFarmTrial.png' (1,074,859) (User Action)
2026-08-11 16:21:16: Copy Over '/Users/andrea/Documents/_DBXAndrea/github/stats4biology_quarto/_site/_Statbook/_images/PannaAcida.png' -> '/Users/andrea/Documents/_DBXAndrea/github/stats4biology/_site/_Statbook/_images/PannaAcida.png' (248,791) (User Action)
2026-08-11 16:21:16: Copy Over '/Users/andrea/Documents/_DBXAndrea/github/stats4biology_quarto/_site/_Statbook/_images/PeerReview.jpg' -> '/Users/andrea/Documents/_DBXAndrea/github/stats4biology/_site/_Statbook/_images/PeerReview.jpg' (74,755) (User Action)
2026-08-11 16:21:16: Copy Over '/Users/andrea/Documents/_DBXAndrea/github/stats4biology_quarto/_site/_Statbook/_images/Randomisation.jpg' -> '/Users/andrea/Documents/_DBXAndrea/github/stats4biology/_site/_Statbook/_images/Randomisation.jpg' (216,646) (User Action)
2026-08-11 16:21:16: Copy Over '/Users/andrea/Documents/_DBXAndrea/github/stats4biology_quarto/_site/_Statbook/_images/SamplingDistribF_false.png' -> '/Users/andrea/Documents/_DBXAndrea/github/stats4biology/_site/_Statbook/_images/SamplingDistribF_false.png' (58,304) (User Action)
2026-08-11 16:21:16: Copy Over '/Users/andrea/Documents/_DBXAndrea/github/stats4biology_quarto/_site/_Statbook/_images/SorgoProveVarietali.jpg' -> '/Users/andrea/Documents/_DBXAndrea/github/stats4biology/_site/_Statbook/_images/SorgoProveVarietali.jpg' (500,596) (User Action)
2026-08-11 16:21:16: Copy Over '/Users/andrea/Documents/_DBXAndrea/github/stats4biology_quarto/_site/_Statbook/_images/statisticalErrors.jpeg' -> '/Users/andrea/Documents/_DBXAndrea/github/stats4biology/_site/_Statbook/_images/statisticalErrors.jpeg' (52,604) (User Action)
2026-08-11 16:21:16: Copy Over '/Users/andrea/Documents/_DBXAndrea/github/stats4biology_quarto/_site/_Statbook/_images/TurniOperatori.png' -> '/Users/andrea/Documents/_DBXAndrea/github/stats4biology/_site/_Statbook/_images/TurniOperatori.png' (28,320) (User Action)
2026-08-11 16:21:16: Copy Over '/Users/andrea/Documents/_DBXAndrea/github/stats4biology_quarto/_site/_Statbook/_main.md' -> '/Users/andrea/Documents/_DBXAndrea/github/stats4biology/_site/_Statbook/_main.md' (558,806) (User Action)
2026-08-11 16:21:16: Copy Over '/Users/andrea/Documents/_DBXAndrea/github/stats4biology_quarto/_site/_Statbook/_main.pdf' -> '/Users/andrea/Documents/_DBXAndrea/github/stats4biology/_site/_Statbook/_main.pdf' (4,308,702) (User Action)
2026-08-11 16:21:16: Copy Over '/Users/andrea/Documents/_DBXAndrea/github/stats4biology_quarto/_site/_Statbook/_main.tex' -> '/Users/andrea/Documents/_DBXAndrea/github/stats4biology/_site/_Statbook/_main.tex' (737,140) (User Action)
2026-08-11 16:21:16: Copy Over '/Users/andrea/Documents/_DBXAndrea/github/stats4biology_quarto/_site/_Statbook/_main_files/figure-html/figName100-1.png' -> '/Users/andrea/Documents/_DBXAndrea/github/stats4biology/_site/_Statbook/_main_files/figure-html/figName100-1.png' (68,293) (User Action)
2026-08-11 16:21:16: Copy Over '/Users/andrea/Documents/_DBXAndrea/github/stats4biology_quarto/_site/_Statbook/_main_files/figure-html/figName100prima-1.png' -> '/Users/andrea/Documents/_DBXAndrea/github/stats4biology/_site/_Statbook/_main_files/figure-html/figName100prima-1.png' (54,648) (User Action)
2026-08-11 16:21:16: Copy Over '/Users/andrea/Documents/_DBXAndrea/github/stats4biology_quarto/_site/_Statbook/_main_files/figure-html/figName101-1.png' -> '/Users/andrea/Documents/_DBXAndrea/github/stats4biology/_site/_Statbook/_main_files/figure-html/figName101-1.png' (97,348) (User Action)
2026-08-11 16:21:16: Copy Over '/Users/andrea/Documents/_DBXAndrea/github/stats4biology_quarto/_site/_Statbook/_main_files/figure-html/figName105-1.png' -> '/Users/andrea/Documents/_DBXAndrea/github/stats4biology/_site/_Statbook/_main_files/figure-html/figName105-1.png' (68,524) (User Action)
2026-08-11 16:21:16: Copy Over '/Users/andrea/Documents/_DBXAndrea/github/stats4biology_quarto/_site/_Statbook/_main_files/figure-html/figName110-1.png' -> '/Users/andrea/Documents/_DBXAndrea/github/stats4biology/_site/_Statbook/_main_files/figure-html/figName110-1.png' (39,420) (User Action)
2026-08-11 16:21:16: Copy Over '/Users/andrea/Documents/_DBXAndrea/github/stats4biology_quarto/_site/_Statbook/_main_files/figure-html/figName110a-1.png' -> '/Users/andrea/Documents/_DBXAndrea/github/stats4biology/_site/_Statbook/_main_files/figure-html/figName110a-1.png' (39,750) (User Action)
2026-08-11 16:21:16: Copy Over '/Users/andrea/Documents/_DBXAndrea/github/stats4biology_quarto/_site/_Statbook/_main_files/figure-html/figName111a-1.png' -> '/Users/andrea/Documents/_DBXAndrea/github/stats4biology/_site/_Statbook/_main_files/figure-html/figName111a-1.png' (27,844) (User Action)
2026-08-11 16:21:16: Copy Over '/Users/andrea/Documents/_DBXAndrea/github/stats4biology_quarto/_site/_Statbook/_main_files/figure-html/figName111b-1.png' -> '/Users/andrea/Documents/_DBXAndrea/github/stats4biology/_site/_Statbook/_main_files/figure-html/figName111b-1.png' (29,512) (User Action)
2026-08-11 16:21:16: Copy Over '/Users/andrea/Documents/_DBXAndrea/github/stats4biology_quarto/_site/_Statbook/_main_files/figure-html/figName11doseRes-1.png' -> '/Users/andrea/Documents/_DBXAndrea/github/stats4biology/_site/_Statbook/_main_files/figure-html/figName11doseRes-1.png' (35,511) (User Action)
2026-08-11 16:21:16: Copy Over '/Users/andrea/Documents/_DBXAndrea/github/stats4biology_quarto/_site/_Statbook/_main_files/figure-html/figName11met-1.png' -> '/Users/andrea/Documents/_DBXAndrea/github/stats4biology/_site/_Statbook/_main_files/figure-html/figName11met-1.png' (61,700) (User Action)
2026-08-11 16:21:16: Copy Over '/Users/andrea/Documents/_DBXAndrea/github/stats4biology_quarto/_site/_Statbook/_main_files/figure-html/figName11modFit-1.png' -> '/Users/andrea/Documents/_DBXAndrea/github/stats4biology/_site/_Statbook/_main_files/figure-html/figName11modFit-1.png' (26,130) (User Action)
2026-08-11 16:21:16: Copy Over '/Users/andrea/Documents/_DBXAndrea/github/stats4biology_quarto/_site/_Statbook/_main_files/figure-html/figName121-1.png' -> '/Users/andrea/Documents/_DBXAndrea/github/stats4biology/_site/_Statbook/_main_files/figure-html/figName121-1.png' (44,183) (User Action)
2026-08-11 16:21:16: Copy Over '/Users/andrea/Documents/_DBXAndrea/github/stats4biology_quarto/_site/_Statbook/_main_files/figure-html/figName122-1.png' -> '/Users/andrea/Documents/_DBXAndrea/github/stats4biology/_site/_Statbook/_main_files/figure-html/figName122-1.png' (42,121) (User Action)
2026-08-11 16:21:16: Copy Over '/Users/andrea/Documents/_DBXAndrea/github/stats4biology_quarto/_site/_Statbook/_main_files/figure-html/figName12models-1.png' -> '/Users/andrea/Documents/_DBXAndrea/github/stats4biology/_site/_Statbook/_main_files/figure-html/figName12models-1.png' (58,059) (User Action)
2026-08-11 16:21:16: Copy Over '/Users/andrea/Documents/_DBXAndrea/github/stats4biology_quarto/_site/_Statbook/_main_files/figure-html/figName133-1.png' -> '/Users/andrea/Documents/_DBXAndrea/github/stats4biology/_site/_Statbook/_main_files/figure-html/figName133-1.png' (55,039) (User Action)
2026-08-11 16:21:16: Copy Over '/Users/andrea/Documents/_DBXAndrea/github/stats4biology_quarto/_site/_Statbook/_main_files/figure-html/figName133one-1.png' -> '/Users/andrea/Documents/_DBXAndrea/github/stats4biology/_site/_Statbook/_main_files/figure-html/figName133one-1.png' (40,444) (User Action)
2026-08-11 16:21:16: Copy Over '/Users/andrea/Documents/_DBXAndrea/github/stats4biology_quarto/_site/_Statbook/_main_files/figure-html/figName231-1.png' -> '/Users/andrea/Documents/_DBXAndrea/github/stats4biology/_site/_Statbook/_main_files/figure-html/figName231-1.png' (20,104) (User Action)
2026-08-11 16:21:16: Copy Over '/Users/andrea/Documents/_DBXAndrea/github/stats4biology_quarto/_site/_Statbook/_main_files/figure-html/figName232-1.png' -> '/Users/andrea/Documents/_DBXAndrea/github/stats4biology/_site/_Statbook/_main_files/figure-html/figName232-1.png' (21,021) (User Action)
2026-08-11 16:21:16: Copy Over '/Users/andrea/Documents/_DBXAndrea/github/stats4biology_quarto/_site/_Statbook/_main_files/figure-html/figName233-1.png' -> '/Users/andrea/Documents/_DBXAndrea/github/stats4biology/_site/_Statbook/_main_files/figure-html/figName233-1.png' (27,100) (User Action)
2026-08-11 16:21:16: Copy Over '/Users/andrea/Documents/_DBXAndrea/github/stats4biology_quarto/_site/_Statbook/_main_files/figure-html/figName233b-1.png' -> '/Users/andrea/Documents/_DBXAndrea/github/stats4biology/_site/_Statbook/_main_files/figure-html/figName233b-1.png' (24,163) (User Action)
2026-08-11 16:21:16: Copy Over '/Users/andrea/Documents/_DBXAndrea/github/stats4biology_quarto/_site/_Statbook/_main_files/figure-html/figName234-1.png' -> '/Users/andrea/Documents/_DBXAndrea/github/stats4biology/_site/_Statbook/_main_files/figure-html/figName234-1.png' (20,287) (User Action)
2026-08-11 16:21:16: Copy Over '/Users/andrea/Documents/_DBXAndrea/github/stats4biology_quarto/_site/_Statbook/_main_files/figure-html/figName235-1.png' -> '/Users/andrea/Documents/_DBXAndrea/github/stats4biology/_site/_Statbook/_main_files/figure-html/figName235-1.png' (21,043) (User Action)
2026-08-11 16:21:16: Copy Over '/Users/andrea/Documents/_DBXAndrea/github/stats4biology_quarto/_site/_Statbook/_main_files/figure-html/figName241-1.png' -> '/Users/andrea/Documents/_DBXAndrea/github/stats4biology/_site/_Statbook/_main_files/figure-html/figName241-1.png' (19,360) (User Action)
2026-08-11 16:21:16: Copy Over '/Users/andrea/Documents/_DBXAndrea/github/stats4biology_quarto/_site/_Statbook/_main_files/figure-html/figName242-1.png' -> '/Users/andrea/Documents/_DBXAndrea/github/stats4biology/_site/_Statbook/_main_files/figure-html/figName242-1.png' (14,621) (User Action)
2026-08-11 16:21:16: Copy Over '/Users/andrea/Documents/_DBXAndrea/github/stats4biology_quarto/_site/_Statbook/_main_files/figure-html/figName41a-1.png' -> '/Users/andrea/Documents/_DBXAndrea/github/stats4biology/_site/_Statbook/_main_files/figure-html/figName41a-1.png' (27,476) (User Action)
2026-08-11 16:21:16: Copy Over '/Users/andrea/Documents/_DBXAndrea/github/stats4biology_quarto/_site/_Statbook/_main_files/figure-html/figName4b5-1.png' -> '/Users/andrea/Documents/_DBXAndrea/github/stats4biology/_site/_Statbook/_main_files/figure-html/figName4b5-1.png' (27,704) (User Action)
2026-08-11 16:21:16: Copy Over '/Users/andrea/Documents/_DBXAndrea/github/stats4biology_quarto/_site/_Statbook/_main_files/figure-html/figName50b-1.png' -> '/Users/andrea/Documents/_DBXAndrea/github/stats4biology/_site/_Statbook/_main_files/figure-html/figName50b-1.png' (57,511) (User Action)
2026-08-11 16:21:16: Copy Over '/Users/andrea/Documents/_DBXAndrea/github/stats4biology_quarto/_site/_Statbook/_main_files/figure-html/figName51-1.png' -> '/Users/andrea/Documents/_DBXAndrea/github/stats4biology/_site/_Statbook/_main_files/figure-html/figName51-1.png' (29,516) (User Action)
2026-08-11 16:21:16: Copy Over '/Users/andrea/Documents/_DBXAndrea/github/stats4biology_quarto/_site/_Statbook/_main_files/figure-html/figName52-1.png' -> '/Users/andrea/Documents/_DBXAndrea/github/stats4biology/_site/_Statbook/_main_files/figure-html/figName52-1.png' (28,733) (User Action)
2026-08-11 16:21:16: Copy Over '/Users/andrea/Documents/_DBXAndrea/github/stats4biology_quarto/_site/_Statbook/_main_files/figure-html/figName52b-1.png' -> '/Users/andrea/Documents/_DBXAndrea/github/stats4biology/_site/_Statbook/_main_files/figure-html/figName52b-1.png' (20,661) (User Action)
2026-08-11 16:21:16: Copy Over '/Users/andrea/Documents/_DBXAndrea/github/stats4biology_quarto/_site/_Statbook/_main_files/figure-html/figName52c-1.png' -> '/Users/andrea/Documents/_DBXAndrea/github/stats4biology/_site/_Statbook/_main_files/figure-html/figName52c-1.png' (29,414) (User Action)
2026-08-11 16:21:16: Copy Over '/Users/andrea/Documents/_DBXAndrea/github/stats4biology_quarto/_site/_Statbook/_main_files/figure-html/figName52panels-1.png' -> '/Users/andrea/Documents/_DBXAndrea/github/stats4biology/_site/_Statbook/_main_files/figure-html/figName52panels-1.png' (54,042) (User Action)
2026-08-11 16:21:16: Copy Over '/Users/andrea/Documents/_DBXAndrea/github/stats4biology_quarto/_site/_Statbook/_main_files/figure-html/figName62-1.png' -> '/Users/andrea/Documents/_DBXAndrea/github/stats4biology/_site/_Statbook/_main_files/figure-html/figName62-1.png' (30,722) (User Action)
2026-08-11 16:21:16: Copy Over '/Users/andrea/Documents/_DBXAndrea/github/stats4biology_quarto/_site/_Statbook/_main_files/figure-html/figName62b-1.png' -> '/Users/andrea/Documents/_DBXAndrea/github/stats4biology/_site/_Statbook/_main_files/figure-html/figName62b-1.png' (42,004) (User Action)
2026-08-11 16:21:16: Copy Over '/Users/andrea/Documents/_DBXAndrea/github/stats4biology_quarto/_site/_Statbook/_main_files/figure-html/figName71-1.png' -> '/Users/andrea/Documents/_DBXAndrea/github/stats4biology/_site/_Statbook/_main_files/figure-html/figName71-1.png' (42,216) (User Action)
2026-08-11 16:21:16: Copy Over '/Users/andrea/Documents/_DBXAndrea/github/stats4biology_quarto/_site/_Statbook/_main_files/figure-html/figNameA3113-1.png' -> '/Users/andrea/Documents/_DBXAndrea/github/stats4biology/_site/_Statbook/_main_files/figure-html/figNameA3113-1.png' (26,410) (User Action)
2026-08-11 16:21:16: Copy Over '/Users/andrea/Documents/_DBXAndrea/github/stats4biology_quarto/_site/_Statbook/_main_files/figure-html/figNameF-1.png' -> '/Users/andrea/Documents/_DBXAndrea/github/stats4biology/_site/_Statbook/_main_files/figure-html/figNameF-1.png' (29,616) (User Action)
2026-08-11 16:21:16: Copy Over '/Users/andrea/Documents/_DBXAndrea/github/stats4biology_quarto/_site/_Statbook/_main_files/figure-html/unnamed-chunk-212-1.png' -> '/Users/andrea/Documents/_DBXAndrea/github/stats4biology/_site/_Statbook/_main_files/figure-html/unnamed-chunk-212-1.png' (34,391) (User Action)
2026-08-11 16:21:16: Copy Over '/Users/andrea/Documents/_DBXAndrea/github/stats4biology_quarto/_site/_Statbook/appendice-a-breve-introduzione-ad-r.html' -> '/Users/andrea/Documents/_DBXAndrea/github/stats4biology/_site/_Statbook/appendice-a-breve-introduzione-ad-r.html' (125,637) (User Action)
2026-08-11 16:21:16: Copy Over '/Users/andrea/Documents/_DBXAndrea/github/stats4biology_quarto/_site/_Statbook/appendice-b-statistica-descrittiva-per-le-variabili-nominali.html' -> '/Users/andrea/Documents/_DBXAndrea/github/stats4biology/_site/_Statbook/appendice-b-statistica-descrittiva-per-le-variabili-nominali.html' (93,339) (User Action)
2026-08-11 16:21:16: Copy Over '/Users/andrea/Documents/_DBXAndrea/github/stats4biology_quarto/_site/_Statbook/appendice-c-intervalli-di-confidenza-per-una-proporzione.html' -> '/Users/andrea/Documents/_DBXAndrea/github/stats4biology/_site/_Statbook/appendice-c-intervalli-di-confidenza-per-una-proporzione.html' (73,305) (User Action)
2026-08-11 16:21:16: Copy Over '/Users/andrea/Documents/_DBXAndrea/github/stats4biology_quarto/_site/_Statbook/appendice-e-confronto-di-due-proporzioni.html' -> '/Users/andrea/Documents/_DBXAndrea/github/stats4biology/_site/_Statbook/appendice-e-confronto-di-due-proporzioni.html' (79,954) (User Action)
2026-08-11 16:21:16: Copy Over '/Users/andrea/Documents/_DBXAndrea/github/stats4biology_quarto/_site/_Statbook/appendice-f-alcuni-problemi-collegati-con-le-deviazioni-rispetti-agli-assunti-di-base.html' -> '/Users/andrea/Documents/_DBXAndrea/github/stats4biology/_site/_Statbook/appendice-f-alcuni-problemi-collegati-con-le-deviazioni-rispetti-agli-assunti-di-base.html' (66,934) (User Action)
2026-08-11 16:21:16: Copy Over '/Users/andrea/Documents/_DBXAndrea/github/stats4biology_quarto/_site/_Statbook/book_assets/anchor-sections-1.1.0/anchor-sections-hash.css' -> '/Users/andrea/Documents/_DBXAndrea/github/stats4biology/_site/_Statbook/book_assets/anchor-sections-1.1.0/anchor-sections-hash.css' (89) (User Action)
2026-08-11 16:21:16: Copy Over '/Users/andrea/Documents/_DBXAndrea/github/stats4biology_quarto/_site/_Statbook/book_assets/anchor-sections-1.1.0/anchor-sections.css' -> '/Users/andrea/Documents/_DBXAndrea/github/stats4biology/_site/_Statbook/book_assets/anchor-sections-1.1.0/anchor-sections.css' (207) (User Action)
2026-08-11 16:21:16: Copy Over '/Users/andrea/Documents/_DBXAndrea/github/stats4biology_quarto/_site/_Statbook/book_assets/anchor-sections-1.1.0/anchor-sections.js' -> '/Users/andrea/Documents/_DBXAndrea/github/stats4biology/_site/_Statbook/book_assets/anchor-sections-1.1.0/anchor-sections.js' (487) (User Action)
2026-08-11 16:21:16: Copy Over '/Users/andrea/Documents/_DBXAndrea/github/stats4biology_quarto/_site/_Statbook/book_assets/gitbook-2.6.7/css/fontawesome/fontawesome-webfont.ttf' -> '/Users/andrea/Documents/_DBXAndrea/github/stats4biology/_site/_Statbook/book_assets/gitbook-2.6.7/css/fontawesome/fontawesome-webfont.ttf' (165,548) (User Action)
2026-08-11 16:21:16: Copy Over '/Users/andrea/Documents/_DBXAndrea/github/stats4biology_quarto/_site/_Statbook/book_assets/gitbook-2.6.7/css/plugin-bookdown.css' -> '/Users/andrea/Documents/_DBXAndrea/github/stats4biology/_site/_Statbook/book_assets/gitbook-2.6.7/css/plugin-bookdown.css' (2,549) (User Action)
2026-08-11 16:21:16: Copy Over '/Users/andrea/Documents/_DBXAndrea/github/stats4biology_quarto/_site/_Statbook/book_assets/gitbook-2.6.7/css/plugin-clipboard.css' -> '/Users/andrea/Documents/_DBXAndrea/github/stats4biology/_site/_Statbook/book_assets/gitbook-2.6.7/css/plugin-clipboard.css' (266) (User Action)
2026-08-11 16:21:16: Copy Over '/Users/andrea/Documents/_DBXAndrea/github/stats4biology_quarto/_site/_Statbook/book_assets/gitbook-2.6.7/css/plugin-fontsettings.css' -> '/Users/andrea/Documents/_DBXAndrea/github/stats4biology/_site/_Statbook/book_assets/gitbook-2.6.7/css/plugin-fontsettings.css' (8,787) (User Action)
2026-08-11 16:21:16: Copy Over '/Users/andrea/Documents/_DBXAndrea/github/stats4biology_quarto/_site/_Statbook/book_assets/gitbook-2.6.7/css/plugin-highlight.css' -> '/Users/andrea/Documents/_DBXAndrea/github/stats4biology/_site/_Statbook/book_assets/gitbook-2.6.7/css/plugin-highlight.css' (30,762) (User Action)
2026-08-11 16:21:16: Copy Over '/Users/andrea/Documents/_DBXAndrea/github/stats4biology_quarto/_site/_Statbook/book_assets/gitbook-2.6.7/css/plugin-search.css' -> '/Users/andrea/Documents/_DBXAndrea/github/stats4biology/_site/_Statbook/book_assets/gitbook-2.6.7/css/plugin-search.css' (694) (User Action)
2026-08-11 16:21:16: Copy Over '/Users/andrea/Documents/_DBXAndrea/github/stats4biology_quarto/_site/_Statbook/book_assets/gitbook-2.6.7/css/plugin-table.css' -> '/Users/andrea/Documents/_DBXAndrea/github/stats4biology/_site/_Statbook/book_assets/gitbook-2.6.7/css/plugin-table.css' (623) (User Action)
2026-08-11 16:21:16: Copy Over '/Users/andrea/Documents/_DBXAndrea/github/stats4biology_quarto/_site/_Statbook/book_assets/gitbook-2.6.7/css/style.css' -> '/Users/andrea/Documents/_DBXAndrea/github/stats4biology/_site/_Statbook/book_assets/gitbook-2.6.7/css/style.css' (48,663) (User Action)
2026-08-11 16:21:16: Copy Over '/Users/andrea/Documents/_DBXAndrea/github/stats4biology_quarto/_site/_Statbook/book_assets/gitbook-2.6.7/js/app.min.js' -> '/Users/andrea/Documents/_DBXAndrea/github/stats4biology/_site/_Statbook/book_assets/gitbook-2.6.7/js/app.min.js' (146,237) (User Action)
2026-08-11 16:21:16: Copy Over '/Users/andrea/Documents/_DBXAndrea/github/stats4biology_quarto/_site/_Statbook/book_assets/gitbook-2.6.7/js/clipboard.min.js' -> '/Users/andrea/Documents/_DBXAndrea/github/stats4biology/_site/_Statbook/book_assets/gitbook-2.6.7/js/clipboard.min.js' (10,754) (User Action)
2026-08-11 16:21:16: Copy Over '/Users/andrea/Documents/_DBXAndrea/github/stats4biology_quarto/_site/_Statbook/book_assets/gitbook-2.6.7/js/jquery.highlight.js' -> '/Users/andrea/Documents/_DBXAndrea/github/stats4biology/_site/_Statbook/book_assets/gitbook-2.6.7/js/jquery.highlight.js' (3,201) (User Action)
2026-08-11 16:21:16: Copy Over '/Users/andrea/Documents/_DBXAndrea/github/stats4biology_quarto/_site/_Statbook/book_assets/gitbook-2.6.7/js/plugin-bookdown.js' -> '/Users/andrea/Documents/_DBXAndrea/github/stats4biology/_site/_Statbook/book_assets/gitbook-2.6.7/js/plugin-bookdown.js' (8,991) (User Action)
2026-08-11 16:21:16: Copy Over '/Users/andrea/Documents/_DBXAndrea/github/stats4biology_quarto/_site/_Statbook/book_assets/gitbook-2.6.7/js/plugin-clipboard.js' -> '/Users/andrea/Documents/_DBXAndrea/github/stats4biology/_site/_Statbook/book_assets/gitbook-2.6.7/js/plugin-clipboard.js' (1,113) (User Action)
2026-08-11 16:21:16: Copy Over '/Users/andrea/Documents/_DBXAndrea/github/stats4biology_quarto/_site/_Statbook/book_assets/gitbook-2.6.7/js/plugin-fontsettings.js' -> '/Users/andrea/Documents/_DBXAndrea/github/stats4biology/_site/_Statbook/book_assets/gitbook-2.6.7/js/plugin-fontsettings.js' (4,056) (User Action)
2026-08-11 16:21:16: Copy Over '/Users/andrea/Documents/_DBXAndrea/github/stats4biology_quarto/_site/_Statbook/book_assets/gitbook-2.6.7/js/plugin-search.js' -> '/Users/andrea/Documents/_DBXAndrea/github/stats4biology/_site/_Statbook/book_assets/gitbook-2.6.7/js/plugin-search.js' (9,078) (User Action)
2026-08-11 16:21:16: Copy Over '/Users/andrea/Documents/_DBXAndrea/github/stats4biology_quarto/_site/_Statbook/book_assets/gitbook-2.6.7/js/plugin-sharing.js' -> '/Users/andrea/Documents/_DBXAndrea/github/stats4biology/_site/_Statbook/book_assets/gitbook-2.6.7/js/plugin-sharing.js' (4,027) (User Action)
2026-08-11 16:21:16: Copy Over '/Users/andrea/Documents/_DBXAndrea/github/stats4biology_quarto/_site/_Statbook/book_assets/jquery-3.6.0/jquery-3.6.0.min.js' -> '/Users/andrea/Documents/_DBXAndrea/github/stats4biology/_site/_Statbook/book_assets/jquery-3.6.0/jquery-3.6.0.min.js' (89,501) (User Action)
2026-08-11 16:21:16: Copy Over '/Users/andrea/Documents/_DBXAndrea/github/stats4biology_quarto/_site/_Statbook/breve-introduzione-ai-modelli-misti.html' -> '/Users/andrea/Documents/_DBXAndrea/github/stats4biology/_site/_Statbook/breve-introduzione-ai-modelli-misti.html' (199,610) (User Action)
2026-08-11 16:21:16: Copy Over '/Users/andrea/Documents/_DBXAndrea/github/stats4biology_quarto/_site/_Statbook/combinazioni-linearinonlineari-dei-parametri.html' -> '/Users/andrea/Documents/_DBXAndrea/github/stats4biology/_site/_Statbook/combinazioni-linearinonlineari-dei-parametri.html' (215,817) (User Action)
2026-08-11 16:21:16: Copy Over '/Users/andrea/Documents/_DBXAndrea/github/stats4biology_quarto/_site/_Statbook/decisioni-ed-incertezza.html' -> '/Users/andrea/Documents/_DBXAndrea/github/stats4biology/_site/_Statbook/decisioni-ed-incertezza.html' (128,227) (User Action)
2026-08-11 16:21:16: Copy Over '/Users/andrea/Documents/_DBXAndrea/github/stats4biology_quarto/_site/_Statbook/index.html' -> '/Users/andrea/Documents/_DBXAndrea/github/stats4biology/_site/_Statbook/index.html' (75,533) (User Action)
2026-08-11 16:21:16: Copy Over '/Users/andrea/Documents/_DBXAndrea/github/stats4biology_quarto/_site/_Statbook/index.md' -> '/Users/andrea/Documents/_DBXAndrea/github/stats4biology/_site/_Statbook/index.md' (566,575) (User Action)
2026-08-11 16:21:16: Copy Over '/Users/andrea/Documents/_DBXAndrea/github/stats4biology_quarto/_site/_Statbook/le-relazioni-causa-effetto.html' -> '/Users/andrea/Documents/_DBXAndrea/github/stats4biology/_site/_Statbook/le-relazioni-causa-effetto.html' (170,146) (User Action)
2026-08-11 16:21:16: Copy Over '/Users/andrea/Documents/_DBXAndrea/github/stats4biology_quarto/_site/_Statbook/modelli-di-regressione-avanzati.html' -> '/Users/andrea/Documents/_DBXAndrea/github/stats4biology/_site/_Statbook/modelli-di-regressione-avanzati.html' (169,138) (User Action)
2026-08-11 16:21:16: Copy Over '/Users/andrea/Documents/_DBXAndrea/github/stats4biology_quarto/_site/_Statbook/modelli-stocastici.html' -> '/Users/andrea/Documents/_DBXAndrea/github/stats4biology/_site/_Statbook/modelli-stocastici.html' (130,774) (User Action)
2026-08-11 16:21:16: Copy Over '/Users/andrea/Documents/_DBXAndrea/github/stats4biology_quarto/_site/_Statbook/progettare-un-esperimento.html' -> '/Users/andrea/Documents/_DBXAndrea/github/stats4biology/_site/_Statbook/progettare-un-esperimento.html' (125,221) (User Action)
2026-08-11 16:21:16: Copy Over '/Users/andrea/Documents/_DBXAndrea/github/stats4biology_quarto/_site/_Statbook/richiami-di-statistica-descrittiva.html' -> '/Users/andrea/Documents/_DBXAndrea/github/stats4biology/_site/_Statbook/richiami-di-statistica-descrittiva.html' (104,450) (User Action)
2026-08-11 16:21:16: Copy Over '/Users/andrea/Documents/_DBXAndrea/github/stats4biology_quarto/_site/_Statbook/ricomponiamo-il-puzzle.html' -> '/Users/andrea/Documents/_DBXAndrea/github/stats4biology/_site/_Statbook/ricomponiamo-il-puzzle.html' (193,022) (User Action)
2026-08-11 16:21:16: Copy Over '/Users/andrea/Documents/_DBXAndrea/github/stats4biology_quarto/_site/_Statbook/scienza-e-pseudo-scienza.html' -> '/Users/andrea/Documents/_DBXAndrea/github/stats4biology/_site/_Statbook/scienza-e-pseudo-scienza.html' (108,537) (User Action)
2026-08-11 16:21:16: Copy Over '/Users/andrea/Documents/_DBXAndrea/github/stats4biology_quarto/_site/_Statbook/search_index.json' -> '/Users/andrea/Documents/_DBXAndrea/github/stats4biology/_site/_Statbook/search_index.json' (543,727) (User Action)
2026-08-11 16:21:16: Copy Over '/Users/andrea/Documents/_DBXAndrea/github/stats4biology_quarto/_site/_Statbook/stime-ed-incertezza.html' -> '/Users/andrea/Documents/_DBXAndrea/github/stats4biology/_site/_Statbook/stime-ed-incertezza.html' (119,854) (User Action)
2026-08-11 16:21:16: Copy Over '/Users/andrea/Documents/_DBXAndrea/github/stats4biology_quarto/_site/_Statbook/verifica-dei-modelli.html' -> '/Users/andrea/Documents/_DBXAndrea/github/stats4biology/_site/_Statbook/verifica-dei-modelli.html' (145,090) (User Action)
2026-08-11 16:21:16: Copy Over '/Users/andrea/Documents/_DBXAndrea/github/stats4biology_quarto/_site/_StatbookEng/404.html' -> '/Users/andrea/Documents/_DBXAndrea/github/stats4biology/_site/_StatbookEng/404.html' (22,370) (User Action)
2026-08-11 16:21:16: Copy Over '/Users/andrea/Documents/_DBXAndrea/github/stats4biology_quarto/_site/_StatbookEng/_images/coverSpringer.jpg' -> '/Users/andrea/Documents/_DBXAndrea/github/stats4biology/_site/_StatbookEng/_images/coverSpringer.jpg' (17,022) (User Action)
2026-08-11 16:21:16: Copy Over '/Users/andrea/Documents/_DBXAndrea/github/stats4biology_quarto/_site/_StatbookEng/_images/Esercizio2.7.xls.png' -> '/Users/andrea/Documents/_DBXAndrea/github/stats4biology/_site/_StatbookEng/_images/Esercizio2.7.xls.png' (286,437) (User Action)
2026-08-11 16:21:16: Copy Over '/Users/andrea/Documents/_DBXAndrea/github/stats4biology_quarto/_site/_StatbookEng/_main_files/figure-html/unnamed-chunk-7-1.png' -> '/Users/andrea/Documents/_DBXAndrea/github/stats4biology/_site/_StatbookEng/_main_files/figure-html/unnamed-chunk-7-1.png' (34,849) (User Action)
2026-08-11 16:21:16: Copy Over '/Users/andrea/Documents/_DBXAndrea/github/stats4biology_quarto/_site/_StatbookEng/_main_files/figure-html/unnamed-chunk-8-1.png' -> '/Users/andrea/Documents/_DBXAndrea/github/stats4biology/_site/_StatbookEng/_main_files/figure-html/unnamed-chunk-8-1.png' (34,849) (User Action)
2026-08-11 16:21:16: Copy Over '/Users/andrea/Documents/_DBXAndrea/github/stats4biology_quarto/_site/_StatbookEng/book_assets/anchor-sections-1.1.0/anchor-sections-hash.css' -> '/Users/andrea/Documents/_DBXAndrea/github/stats4biology/_site/_StatbookEng/book_assets/anchor-sections-1.1.0/anchor-sections-hash.css' (89) (User Action)
2026-08-11 16:21:16: Copy Over '/Users/andrea/Documents/_DBXAndrea/github/stats4biology_quarto/_site/_StatbookEng/book_assets/anchor-sections-1.1.0/anchor-sections.css' -> '/Users/andrea/Documents/_DBXAndrea/github/stats4biology/_site/_StatbookEng/book_assets/anchor-sections-1.1.0/anchor-sections.css' (207) (User Action)
2026-08-11 16:21:16: Copy Over '/Users/andrea/Documents/_DBXAndrea/github/stats4biology_quarto/_site/_StatbookEng/book_assets/anchor-sections-1.1.0/anchor-sections.js' -> '/Users/andrea/Documents/_DBXAndrea/github/stats4biology/_site/_StatbookEng/book_assets/anchor-sections-1.1.0/anchor-sections.js' (487) (User Action)
2026-08-11 16:21:16: Copy Over '/Users/andrea/Documents/_DBXAndrea/github/stats4biology_quarto/_site/_StatbookEng/book_assets/gitbook-2.6.7/css/fontawesome/fontawesome-webfont.ttf' -> '/Users/andrea/Documents/_DBXAndrea/github/stats4biology/_site/_StatbookEng/book_assets/gitbook-2.6.7/css/fontawesome/fontawesome-webfont.ttf' (165,548) (User Action)
2026-08-11 16:21:16: Copy Over '/Users/andrea/Documents/_DBXAndrea/github/stats4biology_quarto/_site/_StatbookEng/book_assets/gitbook-2.6.7/css/plugin-bookdown.css' -> '/Users/andrea/Documents/_DBXAndrea/github/stats4biology/_site/_StatbookEng/book_assets/gitbook-2.6.7/css/plugin-bookdown.css' (2,549) (User Action)
2026-08-11 16:21:16: Copy Over '/Users/andrea/Documents/_DBXAndrea/github/stats4biology_quarto/_site/_StatbookEng/book_assets/gitbook-2.6.7/css/plugin-clipboard.css' -> '/Users/andrea/Documents/_DBXAndrea/github/stats4biology/_site/_StatbookEng/book_assets/gitbook-2.6.7/css/plugin-clipboard.css' (266) (User Action)
2026-08-11 16:21:16: Copy Over '/Users/andrea/Documents/_DBXAndrea/github/stats4biology_quarto/_site/_StatbookEng/book_assets/gitbook-2.6.7/css/plugin-fontsettings.css' -> '/Users/andrea/Documents/_DBXAndrea/github/stats4biology/_site/_StatbookEng/book_assets/gitbook-2.6.7/css/plugin-fontsettings.css' (8,787) (User Action)
2026-08-11 16:21:16: Copy Over '/Users/andrea/Documents/_DBXAndrea/github/stats4biology_quarto/_site/_StatbookEng/book_assets/gitbook-2.6.7/css/plugin-highlight.css' -> '/Users/andrea/Documents/_DBXAndrea/github/stats4biology/_site/_StatbookEng/book_assets/gitbook-2.6.7/css/plugin-highlight.css' (30,762) (User Action)
2026-08-11 16:21:16: Copy Over '/Users/andrea/Documents/_DBXAndrea/github/stats4biology_quarto/_site/_StatbookEng/book_assets/gitbook-2.6.7/css/plugin-search.css' -> '/Users/andrea/Documents/_DBXAndrea/github/stats4biology/_site/_StatbookEng/book_assets/gitbook-2.6.7/css/plugin-search.css' (694) (User Action)
2026-08-11 16:21:16: Copy Over '/Users/andrea/Documents/_DBXAndrea/github/stats4biology_quarto/_site/_StatbookEng/book_assets/gitbook-2.6.7/css/plugin-table.css' -> '/Users/andrea/Documents/_DBXAndrea/github/stats4biology/_site/_StatbookEng/book_assets/gitbook-2.6.7/css/plugin-table.css' (623) (User Action)
2026-08-11 16:21:16: Copy Over '/Users/andrea/Documents/_DBXAndrea/github/stats4biology_quarto/_site/_StatbookEng/book_assets/gitbook-2.6.7/css/style.css' -> '/Users/andrea/Documents/_DBXAndrea/github/stats4biology/_site/_StatbookEng/book_assets/gitbook-2.6.7/css/style.css' (48,663) (User Action)
2026-08-11 16:21:16: Copy Over '/Users/andrea/Documents/_DBXAndrea/github/stats4biology_quarto/_site/_StatbookEng/book_assets/gitbook-2.6.7/js/app.min.js' -> '/Users/andrea/Documents/_DBXAndrea/github/stats4biology/_site/_StatbookEng/book_assets/gitbook-2.6.7/js/app.min.js' (146,237) (User Action)
2026-08-11 16:21:16: Copy Over '/Users/andrea/Documents/_DBXAndrea/github/stats4biology_quarto/_site/_StatbookEng/book_assets/gitbook-2.6.7/js/clipboard.min.js' -> '/Users/andrea/Documents/_DBXAndrea/github/stats4biology/_site/_StatbookEng/book_assets/gitbook-2.6.7/js/clipboard.min.js' (10,754) (User Action)
2026-08-11 16:21:16: Copy Over '/Users/andrea/Documents/_DBXAndrea/github/stats4biology_quarto/_site/_StatbookEng/book_assets/gitbook-2.6.7/js/jquery.highlight.js' -> '/Users/andrea/Documents/_DBXAndrea/github/stats4biology/_site/_StatbookEng/book_assets/gitbook-2.6.7/js/jquery.highlight.js' (3,201) (User Action)
2026-08-11 16:21:16: Copy Over '/Users/andrea/Documents/_DBXAndrea/github/stats4biology_quarto/_site/_StatbookEng/book_assets/gitbook-2.6.7/js/plugin-bookdown.js' -> '/Users/andrea/Documents/_DBXAndrea/github/stats4biology/_site/_StatbookEng/book_assets/gitbook-2.6.7/js/plugin-bookdown.js' (8,991) (User Action)
2026-08-11 16:21:16: Copy Over '/Users/andrea/Documents/_DBXAndrea/github/stats4biology_quarto/_site/_StatbookEng/book_assets/gitbook-2.6.7/js/plugin-clipboard.js' -> '/Users/andrea/Documents/_DBXAndrea/github/stats4biology/_site/_StatbookEng/book_assets/gitbook-2.6.7/js/plugin-clipboard.js' (1,113) (User Action)
2026-08-11 16:21:16: Copy Over '/Users/andrea/Documents/_DBXAndrea/github/stats4biology_quarto/_site/_StatbookEng/book_assets/gitbook-2.6.7/js/plugin-fontsettings.js' -> '/Users/andrea/Documents/_DBXAndrea/github/stats4biology/_site/_StatbookEng/book_assets/gitbook-2.6.7/js/plugin-fontsettings.js' (4,056) (User Action)
2026-08-11 16:21:16: Copy Over '/Users/andrea/Documents/_DBXAndrea/github/stats4biology_quarto/_site/_StatbookEng/book_assets/gitbook-2.6.7/js/plugin-search.js' -> '/Users/andrea/Documents/_DBXAndrea/github/stats4biology/_site/_StatbookEng/book_assets/gitbook-2.6.7/js/plugin-search.js' (9,078) (User Action)
2026-08-11 16:21:16: Copy Over '/Users/andrea/Documents/_DBXAndrea/github/stats4biology_quarto/_site/_StatbookEng/book_assets/gitbook-2.6.7/js/plugin-sharing.js' -> '/Users/andrea/Documents/_DBXAndrea/github/stats4biology/_site/_StatbookEng/book_assets/gitbook-2.6.7/js/plugin-sharing.js' (4,027) (User Action)
2026-08-11 16:21:16: Copy Over '/Users/andrea/Documents/_DBXAndrea/github/stats4biology_quarto/_site/_StatbookEng/book_assets/jquery-3.6.0/jquery-3.6.0.min.js' -> '/Users/andrea/Documents/_DBXAndrea/github/stats4biology/_site/_StatbookEng/book_assets/jquery-3.6.0/jquery-3.6.0.min.js' (89,501) (User Action)
2026-08-11 16:21:16: Copy Over '/Users/andrea/Documents/_DBXAndrea/github/stats4biology_quarto/_site/_StatbookEng/cause-effect-relationships.html' -> '/Users/andrea/Documents/_DBXAndrea/github/stats4biology/_site/_StatbookEng/cause-effect-relationships.html' (22,910) (User Action)
2026-08-11 16:21:16: Copy Over '/Users/andrea/Documents/_DBXAndrea/github/stats4biology_quarto/_site/_StatbookEng/describing-nominal-data.html' -> '/Users/andrea/Documents/_DBXAndrea/github/stats4biology/_site/_StatbookEng/describing-nominal-data.html' (54,435) (User Action)
2026-08-11 16:21:16: Copy Over '/Users/andrea/Documents/_DBXAndrea/github/stats4biology_quarto/_site/_StatbookEng/index.html' -> '/Users/andrea/Documents/_DBXAndrea/github/stats4biology/_site/_StatbookEng/index.html' (27,558) (User Action)
2026-08-11 16:21:16: Copy Over '/Users/andrea/Documents/_DBXAndrea/github/stats4biology_quarto/_site/_StatbookEng/index.md' -> '/Users/andrea/Documents/_DBXAndrea/github/stats4biology/_site/_StatbookEng/index.md' (59,646) (User Action)
2026-08-11 16:21:16: Copy Over '/Users/andrea/Documents/_DBXAndrea/github/stats4biology_quarto/_site/_StatbookEng/linearnonlinear-combinations-of-model-parameters.html' -> '/Users/andrea/Documents/_DBXAndrea/github/stats4biology/_site/_StatbookEng/linearnonlinear-combinations-of-model-parameters.html' (52,530) (User Action)
2026-08-11 16:21:16: Copy Over '/Users/andrea/Documents/_DBXAndrea/github/stats4biology_quarto/_site/_StatbookEng/reference-keys.txt' -> '/Users/andrea/Documents/_DBXAndrea/github/stats4biology/_site/_StatbookEng/reference-keys.txt' (561) (User Action)
2026-08-11 16:21:16: Copy Over '/Users/andrea/Documents/_DBXAndrea/github/stats4biology_quarto/_site/_StatbookEng/science-data-and-experiments.html' -> '/Users/andrea/Documents/_DBXAndrea/github/stats4biology/_site/_StatbookEng/science-data-and-experiments.html' (22,936) (User Action)
2026-08-11 16:21:16: Copy Over '/Users/andrea/Documents/_DBXAndrea/github/stats4biology_quarto/_site/_StatbookEng/search_index.json' -> '/Users/andrea/Documents/_DBXAndrea/github/stats4biology/_site/_StatbookEng/search_index.json' (57,054) (User Action)
2026-08-11 16:21:16: Copy Over '/Users/andrea/Documents/_DBXAndrea/github/stats4biology_quarto/_site/_StatbookEng/statistical-inference.html' -> '/Users/andrea/Documents/_DBXAndrea/github/stats4biology/_site/_StatbookEng/statistical-inference.html' (22,910) (User Action)
2026-08-11 16:21:16: Copy Over '/Users/andrea/Documents/_DBXAndrea/github/stats4biology_quarto/_site/_StatbookEng/stochastic-models.html' -> '/Users/andrea/Documents/_DBXAndrea/github/stats4biology/_site/_StatbookEng/stochastic-models.html' (22,834) (User Action)
2026-08-11 16:21:16: Copy Over '/Users/andrea/Documents/_DBXAndrea/github/stats4biology_quarto/_site/_StatbookEng/suggestions-to-lay-out-field-experiments-chapter-2.html' -> '/Users/andrea/Documents/_DBXAndrea/github/stats4biology/_site/_StatbookEng/suggestions-to-lay-out-field-experiments-chapter-2.html' (22,723) (User Action)
2026-08-11 16:21:16: Copy Over '/Users/andrea/Documents/_DBXAndrea/github/stats4biology_quarto/_site/_StatbookEng/the-design-of-field-experiments.html' -> '/Users/andrea/Documents/_DBXAndrea/github/stats4biology/_site/_StatbookEng/the-design-of-field-experiments.html' (30,627) (User Action)
2026-08-11 16:21:16: Copy Over '/Users/andrea/Documents/_DBXAndrea/github/stats4biology_quarto/_site/_StatbookEng/updated-list-of-dataset.html' -> '/Users/andrea/Documents/_DBXAndrea/github/stats4biology/_site/_StatbookEng/updated-list-of-dataset.html' (72,395) (User Action)
2026-08-11 16:21:16: Copy Over '/Users/andrea/Documents/_DBXAndrea/github/stats4biology_quarto/_site/_StatbookEng/updated-list-of-datasets.html' -> '/Users/andrea/Documents/_DBXAndrea/github/stats4biology/_site/_StatbookEng/updated-list-of-datasets.html' (74,937) (User Action)
2026-08-11 16:21:16: Copy Over '/Users/andrea/Documents/_DBXAndrea/github/stats4biology_quarto/_site/about.html' -> '/Users/andrea/Documents/_DBXAndrea/github/stats4biology/_site/about.html' (24,796) (User Action)
2026-08-11 16:21:16: Copy Over '/Users/andrea/Documents/_DBXAndrea/github/stats4biology_quarto/_site/aboutThis.html' -> '/Users/andrea/Documents/_DBXAndrea/github/stats4biology/_site/aboutThis.html' (27,076) (User Action)
2026-08-11 16:21:16: Copy Over '/Users/andrea/Documents/_DBXAndrea/github/stats4biology_quarto/_site/agriCensData/_config.yml' -> '/Users/andrea/Documents/_DBXAndrea/github/stats4biology/_site/agriCensData/_config.yml' (28) (User Action)
2026-08-11 16:21:16: Copy Over '/Users/andrea/Documents/_DBXAndrea/github/stats4biology_quarto/_site/agriCensData/_site.yml' -> '/Users/andrea/Documents/_DBXAndrea/github/stats4biology/_site/agriCensData/_site.yml' (355) (User Action)
2026-08-11 16:21:16: Copy Over '/Users/andrea/Documents/_DBXAndrea/github/stats4biology_quarto/_site/agriCensData/censoredMixedModel.txt' -> '/Users/andrea/Documents/_DBXAndrea/github/stats4biology/_site/agriCensData/censoredMixedModel.txt' (1,046) (User Action)
2026-08-11 16:21:16: Copy Over '/Users/andrea/Documents/_DBXAndrea/github/stats4biology_quarto/_site/agriCensData/Example1.html' -> '/Users/andrea/Documents/_DBXAndrea/github/stats4biology/_site/agriCensData/Example1.html' (13,612) (User Action)
2026-08-11 16:21:16: Copy Over '/Users/andrea/Documents/_DBXAndrea/github/stats4biology_quarto/_site/agriCensData/Example1.pdf' -> '/Users/andrea/Documents/_DBXAndrea/github/stats4biology/_site/agriCensData/Example1.pdf' (225,291) (User Action)
2026-08-11 16:21:16: Copy Over '/Users/andrea/Documents/_DBXAndrea/github/stats4biology_quarto/_site/agriCensData/Example2.html' -> '/Users/andrea/Documents/_DBXAndrea/github/stats4biology/_site/agriCensData/Example2.html' (19,885) (User Action)
2026-08-11 16:21:16: Copy Over '/Users/andrea/Documents/_DBXAndrea/github/stats4biology_quarto/_site/agriCensData/Example2.pdf' -> '/Users/andrea/Documents/_DBXAndrea/github/stats4biology/_site/agriCensData/Example2.pdf' (261,389) (User Action)
2026-08-11 16:21:16: Copy Over '/Users/andrea/Documents/_DBXAndrea/github/stats4biology_quarto/_site/agriCensData/Example3.html' -> '/Users/andrea/Documents/_DBXAndrea/github/stats4biology/_site/agriCensData/Example3.html' (20,111) (User Action)
2026-08-11 16:21:16: Copy Over '/Users/andrea/Documents/_DBXAndrea/github/stats4biology_quarto/_site/agriCensData/Example3.pdf' -> '/Users/andrea/Documents/_DBXAndrea/github/stats4biology/_site/agriCensData/Example3.pdf' (258,892) (User Action)
2026-08-11 16:21:16: Copy Over '/Users/andrea/Documents/_DBXAndrea/github/stats4biology_quarto/_site/agriCensData/googled7b9a109e4758b8d.html' -> '/Users/andrea/Documents/_DBXAndrea/github/stats4biology/_site/agriCensData/googled7b9a109e4758b8d.html' (53) (User Action)
2026-08-11 16:21:16: Copy Over '/Users/andrea/Documents/_DBXAndrea/github/stats4biology_quarto/_site/agriCensData/GroupedData.bib' -> '/Users/andrea/Documents/_DBXAndrea/github/stats4biology/_site/agriCensData/GroupedData.bib' (11,208) (User Action)
2026-08-11 16:21:16: Copy Over '/Users/andrea/Documents/_DBXAndrea/github/stats4biology_quarto/_site/agriCensData/Index.html' -> '/Users/andrea/Documents/_DBXAndrea/github/stats4biology/_site/agriCensData/Index.html' (11,148) (User Action)
2026-08-11 16:21:16: Copy Over '/Users/andrea/Documents/_DBXAndrea/github/stats4biology_quarto/_site/agriCensData/RandomEffects.html' -> '/Users/andrea/Documents/_DBXAndrea/github/stats4biology/_site/agriCensData/RandomEffects.html' (20,129) (User Action)
2026-08-11 16:21:16: Copy Over '/Users/andrea/Documents/_DBXAndrea/github/stats4biology_quarto/_site/agriCensData/RandomEffects.pdf' -> '/Users/andrea/Documents/_DBXAndrea/github/stats4biology/_site/agriCensData/RandomEffects.pdf' (283,934) (User Action)
2026-08-11 16:21:16: Copy Over '/Users/andrea/Documents/_DBXAndrea/github/stats4biology_quarto/_site/agriCensData/site_libs/bootstrap-3.3.5/css/bootstrap-theme.css' -> '/Users/andrea/Documents/_DBXAndrea/github/stats4biology/_site/agriCensData/site_libs/bootstrap-3.3.5/css/bootstrap-theme.css' (26,132) (User Action)
2026-08-11 16:21:16: Copy Over '/Users/andrea/Documents/_DBXAndrea/github/stats4biology_quarto/_site/agriCensData/site_libs/bootstrap-3.3.5/css/bootstrap-theme.css.map' -> '/Users/andrea/Documents/_DBXAndrea/github/stats4biology/_site/agriCensData/site_libs/bootstrap-3.3.5/css/bootstrap-theme.css.map' (47,721) (User Action)
2026-08-11 16:21:16: Copy Over '/Users/andrea/Documents/_DBXAndrea/github/stats4biology_quarto/_site/agriCensData/site_libs/bootstrap-3.3.5/css/bootstrap-theme.min.css' -> '/Users/andrea/Documents/_DBXAndrea/github/stats4biology/_site/agriCensData/site_libs/bootstrap-3.3.5/css/bootstrap-theme.min.css' (23,357) (User Action)
2026-08-11 16:21:16: Copy Over '/Users/andrea/Documents/_DBXAndrea/github/stats4biology_quarto/_site/agriCensData/site_libs/bootstrap-3.3.5/css/bootstrap.css' -> '/Users/andrea/Documents/_DBXAndrea/github/stats4biology/_site/agriCensData/site_libs/bootstrap-3.3.5/css/bootstrap.css' (147,302) (User Action)
2026-08-11 16:21:16: Copy Over '/Users/andrea/Documents/_DBXAndrea/github/stats4biology_quarto/_site/agriCensData/site_libs/bootstrap-3.3.5/css/bootstrap.css.map' -> '/Users/andrea/Documents/_DBXAndrea/github/stats4biology/_site/agriCensData/site_libs/bootstrap-3.3.5/css/bootstrap.css.map' (390,377) (User Action)
2026-08-11 16:21:16: Copy Over '/Users/andrea/Documents/_DBXAndrea/github/stats4biology_quarto/_site/agriCensData/site_libs/bootstrap-3.3.5/css/bootstrap.min.css' -> '/Users/andrea/Documents/_DBXAndrea/github/stats4biology/_site/agriCensData/site_libs/bootstrap-3.3.5/css/bootstrap.min.css' (122,425) (User Action)
2026-08-11 16:21:16: Copy Over '/Users/andrea/Documents/_DBXAndrea/github/stats4biology_quarto/_site/agriCensData/site_libs/bootstrap-3.3.5/css/cerulean.min.css' -> '/Users/andrea/Documents/_DBXAndrea/github/stats4biology/_site/agriCensData/site_libs/bootstrap-3.3.5/css/cerulean.min.css' (128,200) (User Action)
2026-08-11 16:21:16: Copy Over '/Users/andrea/Documents/_DBXAndrea/github/stats4biology_quarto/_site/agriCensData/site_libs/bootstrap-3.3.5/css/cosmo.min.css' -> '/Users/andrea/Documents/_DBXAndrea/github/stats4biology/_site/agriCensData/site_libs/bootstrap-3.3.5/css/cosmo.min.css' (125,929) (User Action)
2026-08-11 16:21:16: Copy Over '/Users/andrea/Documents/_DBXAndrea/github/stats4biology_quarto/_site/agriCensData/site_libs/bootstrap-3.3.5/css/flatly.min.css' -> '/Users/andrea/Documents/_DBXAndrea/github/stats4biology/_site/agriCensData/site_libs/bootstrap-3.3.5/css/flatly.min.css' (127,578) (User Action)
2026-08-11 16:21:16: Copy Over '/Users/andrea/Documents/_DBXAndrea/github/stats4biology_quarto/_site/agriCensData/site_libs/bootstrap-3.3.5/css/fonts/Lato.ttf' -> '/Users/andrea/Documents/_DBXAndrea/github/stats4biology/_site/agriCensData/site_libs/bootstrap-3.3.5/css/fonts/Lato.ttf' (81,980) (User Action)
2026-08-11 16:21:16: Copy Over '/Users/andrea/Documents/_DBXAndrea/github/stats4biology_quarto/_site/agriCensData/site_libs/bootstrap-3.3.5/css/fonts/LatoBold.ttf' -> '/Users/andrea/Documents/_DBXAndrea/github/stats4biology/_site/agriCensData/site_libs/bootstrap-3.3.5/css/fonts/LatoBold.ttf' (82,368) (User Action)
2026-08-11 16:21:16: Copy Over '/Users/andrea/Documents/_DBXAndrea/github/stats4biology_quarto/_site/agriCensData/site_libs/bootstrap-3.3.5/css/fonts/LatoItalic.ttf' -> '/Users/andrea/Documents/_DBXAndrea/github/stats4biology/_site/agriCensData/site_libs/bootstrap-3.3.5/css/fonts/LatoItalic.ttf' (81,332) (User Action)
2026-08-11 16:21:16: Copy Over '/Users/andrea/Documents/_DBXAndrea/github/stats4biology_quarto/_site/agriCensData/site_libs/bootstrap-3.3.5/css/fonts/NewsCycle.ttf' -> '/Users/andrea/Documents/_DBXAndrea/github/stats4biology/_site/agriCensData/site_libs/bootstrap-3.3.5/css/fonts/NewsCycle.ttf' (28,716) (User Action)
2026-08-11 16:21:16: Copy Over '/Users/andrea/Documents/_DBXAndrea/github/stats4biology_quarto/_site/agriCensData/site_libs/bootstrap-3.3.5/css/fonts/NewsCycleBold.ttf' -> '/Users/andrea/Documents/_DBXAndrea/github/stats4biology/_site/agriCensData/site_libs/bootstrap-3.3.5/css/fonts/NewsCycleBold.ttf' (28,724) (User Action)
2026-08-11 16:21:16: Copy Over '/Users/andrea/Documents/_DBXAndrea/github/stats4biology_quarto/_site/agriCensData/site_libs/bootstrap-3.3.5/css/fonts/OpenSans.ttf' -> '/Users/andrea/Documents/_DBXAndrea/github/stats4biology/_site/agriCensData/site_libs/bootstrap-3.3.5/css/fonts/OpenSans.ttf' (34,112) (User Action)
2026-08-11 16:21:16: Copy Over '/Users/andrea/Documents/_DBXAndrea/github/stats4biology_quarto/_site/agriCensData/site_libs/bootstrap-3.3.5/css/fonts/OpenSansBold.ttf' -> '/Users/andrea/Documents/_DBXAndrea/github/stats4biology/_site/agriCensData/site_libs/bootstrap-3.3.5/css/fonts/OpenSansBold.ttf' (35,760) (User Action)
2026-08-11 16:21:16: Copy Over '/Users/andrea/Documents/_DBXAndrea/github/stats4biology_quarto/_site/agriCensData/site_libs/bootstrap-3.3.5/css/fonts/OpenSansBoldItalic.ttf' -> '/Users/andrea/Documents/_DBXAndrea/github/stats4biology/_site/agriCensData/site_libs/bootstrap-3.3.5/css/fonts/OpenSansBoldItalic.ttf' (33,064) (User Action)
2026-08-11 16:21:16: Copy Over '/Users/andrea/Documents/_DBXAndrea/github/stats4biology_quarto/_site/agriCensData/site_libs/bootstrap-3.3.5/css/fonts/OpenSansItalic.ttf' -> '/Users/andrea/Documents/_DBXAndrea/github/stats4biology/_site/agriCensData/site_libs/bootstrap-3.3.5/css/fonts/OpenSansItalic.ttf' (32,808) (User Action)
2026-08-11 16:21:16: Copy Over '/Users/andrea/Documents/_DBXAndrea/github/stats4biology_quarto/_site/agriCensData/site_libs/bootstrap-3.3.5/css/fonts/OpenSansLight.ttf' -> '/Users/andrea/Documents/_DBXAndrea/github/stats4biology/_site/agriCensData/site_libs/bootstrap-3.3.5/css/fonts/OpenSansLight.ttf' (35,340) (User Action)
2026-08-11 16:21:16: Copy Over '/Users/andrea/Documents/_DBXAndrea/github/stats4biology_quarto/_site/agriCensData/site_libs/bootstrap-3.3.5/css/fonts/OpenSansLightItalic.ttf' -> '/Users/andrea/Documents/_DBXAndrea/github/stats4biology/_site/agriCensData/site_libs/bootstrap-3.3.5/css/fonts/OpenSansLightItalic.ttf' (32,680) (User Action)
2026-08-11 16:21:16: Copy Over '/Users/andrea/Documents/_DBXAndrea/github/stats4biology_quarto/_site/agriCensData/site_libs/bootstrap-3.3.5/css/fonts/Raleway.ttf' -> '/Users/andrea/Documents/_DBXAndrea/github/stats4biology/_site/agriCensData/site_libs/bootstrap-3.3.5/css/fonts/Raleway.ttf' (63,796) (User Action)
2026-08-11 16:21:16: Copy Over '/Users/andrea/Documents/_DBXAndrea/github/stats4biology_quarto/_site/agriCensData/site_libs/bootstrap-3.3.5/css/fonts/RalewayBold.ttf' -> '/Users/andrea/Documents/_DBXAndrea/github/stats4biology/_site/agriCensData/site_libs/bootstrap-3.3.5/css/fonts/RalewayBold.ttf' (62,224) (User Action)
2026-08-11 16:21:16: Copy Over '/Users/andrea/Documents/_DBXAndrea/github/stats4biology_quarto/_site/agriCensData/site_libs/bootstrap-3.3.5/css/fonts/Roboto.ttf' -> '/Users/andrea/Documents/_DBXAndrea/github/stats4biology/_site/agriCensData/site_libs/bootstrap-3.3.5/css/fonts/Roboto.ttf' (32,652) (User Action)
2026-08-11 16:21:16: Copy Over '/Users/andrea/Documents/_DBXAndrea/github/stats4biology_quarto/_site/agriCensData/site_libs/bootstrap-3.3.5/css/fonts/RobotoBold.ttf' -> '/Users/andrea/Documents/_DBXAndrea/github/stats4biology/_site/agriCensData/site_libs/bootstrap-3.3.5/css/fonts/RobotoBold.ttf' (32,500) (User Action)
2026-08-11 16:21:16: Copy Over '/Users/andrea/Documents/_DBXAndrea/github/stats4biology_quarto/_site/agriCensData/site_libs/bootstrap-3.3.5/css/fonts/RobotoLight.ttf' -> '/Users/andrea/Documents/_DBXAndrea/github/stats4biology/_site/agriCensData/site_libs/bootstrap-3.3.5/css/fonts/RobotoLight.ttf' (32,664) (User Action)
2026-08-11 16:21:16: Copy Over '/Users/andrea/Documents/_DBXAndrea/github/stats4biology_quarto/_site/agriCensData/site_libs/bootstrap-3.3.5/css/fonts/RobotoMedium.ttf' -> '/Users/andrea/Documents/_DBXAndrea/github/stats4biology/_site/agriCensData/site_libs/bootstrap-3.3.5/css/fonts/RobotoMedium.ttf' (32,580) (User Action)
2026-08-11 16:21:16: Copy Over '/Users/andrea/Documents/_DBXAndrea/github/stats4biology_quarto/_site/agriCensData/site_libs/bootstrap-3.3.5/css/fonts/SourceSansPro.ttf' -> '/Users/andrea/Documents/_DBXAndrea/github/stats4biology/_site/agriCensData/site_libs/bootstrap-3.3.5/css/fonts/SourceSansPro.ttf' (35,064) (User Action)
2026-08-11 16:21:16: Copy Over '/Users/andrea/Documents/_DBXAndrea/github/stats4biology_quarto/_site/agriCensData/site_libs/bootstrap-3.3.5/css/fonts/SourceSansProBold.ttf' -> '/Users/andrea/Documents/_DBXAndrea/github/stats4biology/_site/agriCensData/site_libs/bootstrap-3.3.5/css/fonts/SourceSansProBold.ttf' (34,908) (User Action)
2026-08-11 16:21:16: Copy Over '/Users/andrea/Documents/_DBXAndrea/github/stats4biology_quarto/_site/agriCensData/site_libs/bootstrap-3.3.5/css/fonts/SourceSansProItalic.ttf' -> '/Users/andrea/Documents/_DBXAndrea/github/stats4biology/_site/agriCensData/site_libs/bootstrap-3.3.5/css/fonts/SourceSansProItalic.ttf' (33,864) (User Action)
2026-08-11 16:21:16: Copy Over '/Users/andrea/Documents/_DBXAndrea/github/stats4biology_quarto/_site/agriCensData/site_libs/bootstrap-3.3.5/css/fonts/SourceSansProLight.ttf' -> '/Users/andrea/Documents/_DBXAndrea/github/stats4biology/_site/agriCensData/site_libs/bootstrap-3.3.5/css/fonts/SourceSansProLight.ttf' (35,368) (User Action)
2026-08-11 16:21:16: Copy Over '/Users/andrea/Documents/_DBXAndrea/github/stats4biology_quarto/_site/agriCensData/site_libs/bootstrap-3.3.5/css/fonts/Ubuntu.ttf' -> '/Users/andrea/Documents/_DBXAndrea/github/stats4biology/_site/agriCensData/site_libs/bootstrap-3.3.5/css/fonts/Ubuntu.ttf' (73,608) (User Action)
2026-08-11 16:21:16: Copy Over '/Users/andrea/Documents/_DBXAndrea/github/stats4biology_quarto/_site/agriCensData/site_libs/bootstrap-3.3.5/css/journal.min.css' -> '/Users/andrea/Documents/_DBXAndrea/github/stats4biology/_site/agriCensData/site_libs/bootstrap-3.3.5/css/journal.min.css' (124,651) (User Action)
2026-08-11 16:21:16: Copy Over '/Users/andrea/Documents/_DBXAndrea/github/stats4biology_quarto/_site/agriCensData/site_libs/bootstrap-3.3.5/css/lumen.min.css' -> '/Users/andrea/Documents/_DBXAndrea/github/stats4biology/_site/agriCensData/site_libs/bootstrap-3.3.5/css/lumen.min.css' (131,260) (User Action)
2026-08-11 16:21:16: Copy Over '/Users/andrea/Documents/_DBXAndrea/github/stats4biology_quarto/_site/agriCensData/site_libs/bootstrap-3.3.5/css/paper.min.css' -> '/Users/andrea/Documents/_DBXAndrea/github/stats4biology/_site/agriCensData/site_libs/bootstrap-3.3.5/css/paper.min.css' (141,648) (User Action)
2026-08-11 16:21:16: Copy Over '/Users/andrea/Documents/_DBXAndrea/github/stats4biology_quarto/_site/agriCensData/site_libs/bootstrap-3.3.5/css/readable.min.css' -> '/Users/andrea/Documents/_DBXAndrea/github/stats4biology/_site/agriCensData/site_libs/bootstrap-3.3.5/css/readable.min.css' (124,680) (User Action)
2026-08-11 16:21:16: Copy Over '/Users/andrea/Documents/_DBXAndrea/github/stats4biology_quarto/_site/agriCensData/site_libs/bootstrap-3.3.5/css/sandstone.min.css' -> '/Users/andrea/Documents/_DBXAndrea/github/stats4biology/_site/agriCensData/site_libs/bootstrap-3.3.5/css/sandstone.min.css' (125,076) (User Action)
2026-08-11 16:21:16: Copy Over '/Users/andrea/Documents/_DBXAndrea/github/stats4biology_quarto/_site/agriCensData/site_libs/bootstrap-3.3.5/css/simplex.min.css' -> '/Users/andrea/Documents/_DBXAndrea/github/stats4biology/_site/agriCensData/site_libs/bootstrap-3.3.5/css/simplex.min.css' (127,698) (User Action)
2026-08-11 16:21:16: Copy Over '/Users/andrea/Documents/_DBXAndrea/github/stats4biology_quarto/_site/agriCensData/site_libs/bootstrap-3.3.5/css/spacelab.min.css' -> '/Users/andrea/Documents/_DBXAndrea/github/stats4biology/_site/agriCensData/site_libs/bootstrap-3.3.5/css/spacelab.min.css' (131,641) (User Action)
2026-08-11 16:21:16: Copy Over '/Users/andrea/Documents/_DBXAndrea/github/stats4biology_quarto/_site/agriCensData/site_libs/bootstrap-3.3.5/css/united.min.css' -> '/Users/andrea/Documents/_DBXAndrea/github/stats4biology/_site/agriCensData/site_libs/bootstrap-3.3.5/css/united.min.css' (122,856) (User Action)
2026-08-11 16:21:16: Copy Over '/Users/andrea/Documents/_DBXAndrea/github/stats4biology_quarto/_site/agriCensData/site_libs/bootstrap-3.3.5/css/yeti.min.css' -> '/Users/andrea/Documents/_DBXAndrea/github/stats4biology/_site/agriCensData/site_libs/bootstrap-3.3.5/css/yeti.min.css' (128,392) (User Action)
2026-08-11 16:21:16: Copy Over '/Users/andrea/Documents/_DBXAndrea/github/stats4biology_quarto/_site/agriCensData/site_libs/bootstrap-3.3.5/fonts/glyphicons-halflings-regular.eot' -> '/Users/andrea/Documents/_DBXAndrea/github/stats4biology/_site/agriCensData/site_libs/bootstrap-3.3.5/fonts/glyphicons-halflings-regular.eot' (20,127) (User Action)
2026-08-11 16:21:16: Copy Over '/Users/andrea/Documents/_DBXAndrea/github/stats4biology_quarto/_site/agriCensData/site_libs/bootstrap-3.3.5/fonts/glyphicons-halflings-regular.svg' -> '/Users/andrea/Documents/_DBXAndrea/github/stats4biology/_site/agriCensData/site_libs/bootstrap-3.3.5/fonts/glyphicons-halflings-regular.svg' (108,738) (User Action)
2026-08-11 16:21:16: Copy Over '/Users/andrea/Documents/_DBXAndrea/github/stats4biology_quarto/_site/agriCensData/site_libs/bootstrap-3.3.5/fonts/glyphicons-halflings-regular.ttf' -> '/Users/andrea/Documents/_DBXAndrea/github/stats4biology/_site/agriCensData/site_libs/bootstrap-3.3.5/fonts/glyphicons-halflings-regular.ttf' (45,404) (User Action)
2026-08-11 16:21:16: Copy Over '/Users/andrea/Documents/_DBXAndrea/github/stats4biology_quarto/_site/agriCensData/site_libs/bootstrap-3.3.5/fonts/glyphicons-halflings-regular.woff' -> '/Users/andrea/Documents/_DBXAndrea/github/stats4biology/_site/agriCensData/site_libs/bootstrap-3.3.5/fonts/glyphicons-halflings-regular.woff' (23,424) (User Action)
2026-08-11 16:21:16: Copy Over '/Users/andrea/Documents/_DBXAndrea/github/stats4biology_quarto/_site/agriCensData/site_libs/bootstrap-3.3.5/fonts/glyphicons-halflings-regular.woff2' -> '/Users/andrea/Documents/_DBXAndrea/github/stats4biology/_site/agriCensData/site_libs/bootstrap-3.3.5/fonts/glyphicons-halflings-regular.woff2' (18,028) (User Action)
2026-08-11 16:21:16: Copy Over '/Users/andrea/Documents/_DBXAndrea/github/stats4biology_quarto/_site/agriCensData/site_libs/bootstrap-3.3.5/js/bootstrap.js' -> '/Users/andrea/Documents/_DBXAndrea/github/stats4biology/_site/agriCensData/site_libs/bootstrap-3.3.5/js/bootstrap.js' (68,890) (User Action)
2026-08-11 16:21:16: Copy Over '/Users/andrea/Documents/_DBXAndrea/github/stats4biology_quarto/_site/agriCensData/site_libs/bootstrap-3.3.5/js/bootstrap.min.js' -> '/Users/andrea/Documents/_DBXAndrea/github/stats4biology/_site/agriCensData/site_libs/bootstrap-3.3.5/js/bootstrap.min.js' (36,816) (User Action)
2026-08-11 16:21:16: Copy Over '/Users/andrea/Documents/_DBXAndrea/github/stats4biology_quarto/_site/agriCensData/site_libs/bootstrap-3.3.5/js/npm.js' -> '/Users/andrea/Documents/_DBXAndrea/github/stats4biology/_site/agriCensData/site_libs/bootstrap-3.3.5/js/npm.js' (484) (User Action)
2026-08-11 16:21:16: Copy Over '/Users/andrea/Documents/_DBXAndrea/github/stats4biology_quarto/_site/agriCensData/site_libs/bootstrap-3.3.5/shim/html5shiv.min.js' -> '/Users/andrea/Documents/_DBXAndrea/github/stats4biology/_site/agriCensData/site_libs/bootstrap-3.3.5/shim/html5shiv.min.js' (2,722) (User Action)
2026-08-11 16:21:16: Copy Over '/Users/andrea/Documents/_DBXAndrea/github/stats4biology_quarto/_site/agriCensData/site_libs/bootstrap-3.3.5/shim/respond.min.js' -> '/Users/andrea/Documents/_DBXAndrea/github/stats4biology/_site/agriCensData/site_libs/bootstrap-3.3.5/shim/respond.min.js' (4,463) (User Action)
2026-08-11 16:21:16: Copy Over '/Users/andrea/Documents/_DBXAndrea/github/stats4biology_quarto/_site/agriCensData/site_libs/highlightjs-1.1/default.css' -> '/Users/andrea/Documents/_DBXAndrea/github/stats4biology/_site/agriCensData/site_libs/highlightjs-1.1/default.css' (299) (User Action)
2026-08-11 16:21:16: Copy Over '/Users/andrea/Documents/_DBXAndrea/github/stats4biology_quarto/_site/agriCensData/site_libs/highlightjs-1.1/highlight.js' -> '/Users/andrea/Documents/_DBXAndrea/github/stats4biology/_site/agriCensData/site_libs/highlightjs-1.1/highlight.js' (32,311) (User Action)
2026-08-11 16:21:16: Copy Over '/Users/andrea/Documents/_DBXAndrea/github/stats4biology_quarto/_site/agriCensData/site_libs/highlightjs-1.1/textmate.css' -> '/Users/andrea/Documents/_DBXAndrea/github/stats4biology/_site/agriCensData/site_libs/highlightjs-1.1/textmate.css' (320) (User Action)
2026-08-11 16:21:16: Copy Over '/Users/andrea/Documents/_DBXAndrea/github/stats4biology_quarto/_site/agriCensData/site_libs/highlightjs-9.12.0/default.css' -> '/Users/andrea/Documents/_DBXAndrea/github/stats4biology/_site/agriCensData/site_libs/highlightjs-9.12.0/default.css' (213) (User Action)
2026-08-11 16:21:16: Copy Over '/Users/andrea/Documents/_DBXAndrea/github/stats4biology_quarto/_site/agriCensData/site_libs/highlightjs-9.12.0/highlight.js' -> '/Users/andrea/Documents/_DBXAndrea/github/stats4biology/_site/agriCensData/site_libs/highlightjs-9.12.0/highlight.js' (51,225) (User Action)
2026-08-11 16:21:16: Copy Over '/Users/andrea/Documents/_DBXAndrea/github/stats4biology_quarto/_site/agriCensData/site_libs/highlightjs-9.12.0/textmate.css' -> '/Users/andrea/Documents/_DBXAndrea/github/stats4biology/_site/agriCensData/site_libs/highlightjs-9.12.0/textmate.css' (222) (User Action)
2026-08-11 16:21:16: Copy Over '/Users/andrea/Documents/_DBXAndrea/github/stats4biology_quarto/_site/agriCensData/site_libs/jquery-1.11.3/jquery.min.js' -> '/Users/andrea/Documents/_DBXAndrea/github/stats4biology/_site/agriCensData/site_libs/jquery-1.11.3/jquery.min.js' (95,957) (User Action)
2026-08-11 16:21:16: Copy Over '/Users/andrea/Documents/_DBXAndrea/github/stats4biology_quarto/_site/agriCensData/site_libs/jqueryui-1.11.4/images/ui-icons_444444_256x240.png' -> '/Users/andrea/Documents/_DBXAndrea/github/stats4biology/_site/agriCensData/site_libs/jqueryui-1.11.4/images/ui-icons_444444_256x240.png' (6,992) (User Action)
2026-08-11 16:21:16: Copy Over '/Users/andrea/Documents/_DBXAndrea/github/stats4biology_quarto/_site/agriCensData/site_libs/jqueryui-1.11.4/images/ui-icons_555555_256x240.png' -> '/Users/andrea/Documents/_DBXAndrea/github/stats4biology/_site/agriCensData/site_libs/jqueryui-1.11.4/images/ui-icons_555555_256x240.png' (6,988) (User Action)
2026-08-11 16:21:16: Copy Over '/Users/andrea/Documents/_DBXAndrea/github/stats4biology_quarto/_site/agriCensData/site_libs/jqueryui-1.11.4/images/ui-icons_777620_256x240.png' -> '/Users/andrea/Documents/_DBXAndrea/github/stats4biology/_site/agriCensData/site_libs/jqueryui-1.11.4/images/ui-icons_777620_256x240.png' (4,549) (User Action)
2026-08-11 16:21:16: Copy Over '/Users/andrea/Documents/_DBXAndrea/github/stats4biology_quarto/_site/agriCensData/site_libs/jqueryui-1.11.4/images/ui-icons_777777_256x240.png' -> '/Users/andrea/Documents/_DBXAndrea/github/stats4biology/_site/agriCensData/site_libs/jqueryui-1.11.4/images/ui-icons_777777_256x240.png' (6,999) (User Action)
2026-08-11 16:21:16: Copy Over '/Users/andrea/Documents/_DBXAndrea/github/stats4biology_quarto/_site/agriCensData/site_libs/jqueryui-1.11.4/images/ui-icons_cc0000_256x240.png' -> '/Users/andrea/Documents/_DBXAndrea/github/stats4biology/_site/agriCensData/site_libs/jqueryui-1.11.4/images/ui-icons_cc0000_256x240.png' (4,549) (User Action)
2026-08-11 16:21:16: Copy Over '/Users/andrea/Documents/_DBXAndrea/github/stats4biology_quarto/_site/agriCensData/site_libs/jqueryui-1.11.4/images/ui-icons_ffffff_256x240.png' -> '/Users/andrea/Documents/_DBXAndrea/github/stats4biology/_site/agriCensData/site_libs/jqueryui-1.11.4/images/ui-icons_ffffff_256x240.png' (6,299) (User Action)
2026-08-11 16:21:16: Copy Over '/Users/andrea/Documents/_DBXAndrea/github/stats4biology_quarto/_site/agriCensData/site_libs/jqueryui-1.11.4/index.html' -> '/Users/andrea/Documents/_DBXAndrea/github/stats4biology/_site/agriCensData/site_libs/jqueryui-1.11.4/index.html' (31,572) (User Action)
2026-08-11 16:21:16: Copy Over '/Users/andrea/Documents/_DBXAndrea/github/stats4biology_quarto/_site/agriCensData/site_libs/jqueryui-1.11.4/jquery-ui.css' -> '/Users/andrea/Documents/_DBXAndrea/github/stats4biology/_site/agriCensData/site_libs/jqueryui-1.11.4/jquery-ui.css' (31,045) (User Action)
2026-08-11 16:21:16: Copy Over '/Users/andrea/Documents/_DBXAndrea/github/stats4biology_quarto/_site/agriCensData/site_libs/jqueryui-1.11.4/jquery-ui.js' -> '/Users/andrea/Documents/_DBXAndrea/github/stats4biology/_site/agriCensData/site_libs/jqueryui-1.11.4/jquery-ui.js' (392,842) (User Action)
2026-08-11 16:21:16: Copy Over '/Users/andrea/Documents/_DBXAndrea/github/stats4biology_quarto/_site/agriCensData/site_libs/jqueryui-1.11.4/jquery-ui.min.css' -> '/Users/andrea/Documents/_DBXAndrea/github/stats4biology/_site/agriCensData/site_libs/jqueryui-1.11.4/jquery-ui.min.css' (26,302) (User Action)
2026-08-11 16:21:16: Copy Over '/Users/andrea/Documents/_DBXAndrea/github/stats4biology_quarto/_site/agriCensData/site_libs/jqueryui-1.11.4/jquery-ui.min.js' -> '/Users/andrea/Documents/_DBXAndrea/github/stats4biology/_site/agriCensData/site_libs/jqueryui-1.11.4/jquery-ui.min.js' (204,224) (User Action)
2026-08-11 16:21:16: Copy Over '/Users/andrea/Documents/_DBXAndrea/github/stats4biology_quarto/_site/agriCensData/site_libs/jqueryui-1.11.4/jquery-ui.structure.css' -> '/Users/andrea/Documents/_DBXAndrea/github/stats4biology/_site/agriCensData/site_libs/jqueryui-1.11.4/jquery-ui.structure.css' (14,618) (User Action)
2026-08-11 16:21:16: Copy Over '/Users/andrea/Documents/_DBXAndrea/github/stats4biology_quarto/_site/agriCensData/site_libs/jqueryui-1.11.4/jquery-ui.structure.min.css' -> '/Users/andrea/Documents/_DBXAndrea/github/stats4biology/_site/agriCensData/site_libs/jqueryui-1.11.4/jquery-ui.structure.min.css' (11,809) (User Action)
2026-08-11 16:21:16: Copy Over '/Users/andrea/Documents/_DBXAndrea/github/stats4biology_quarto/_site/agriCensData/site_libs/jqueryui-1.11.4/jquery-ui.theme.css' -> '/Users/andrea/Documents/_DBXAndrea/github/stats4biology/_site/agriCensData/site_libs/jqueryui-1.11.4/jquery-ui.theme.css' (16,531) (User Action)
2026-08-11 16:21:16: Copy Over '/Users/andrea/Documents/_DBXAndrea/github/stats4biology_quarto/_site/agriCensData/site_libs/jqueryui-1.11.4/jquery-ui.theme.min.css' -> '/Users/andrea/Documents/_DBXAndrea/github/stats4biology/_site/agriCensData/site_libs/jqueryui-1.11.4/jquery-ui.theme.min.css' (13,217) (User Action)
2026-08-11 16:21:16: Copy Over '/Users/andrea/Documents/_DBXAndrea/github/stats4biology_quarto/_site/agriCensData/site_libs/jqueryui-1.11.4/README' -> '/Users/andrea/Documents/_DBXAndrea/github/stats4biology/_site/agriCensData/site_libs/jqueryui-1.11.4/README' (408) (User Action)
2026-08-11 16:21:16: Copy Over '/Users/andrea/Documents/_DBXAndrea/github/stats4biology_quarto/_site/agriCensData/site_libs/navigation-1.1/codefolding.js' -> '/Users/andrea/Documents/_DBXAndrea/github/stats4biology/_site/agriCensData/site_libs/navigation-1.1/codefolding.js' (1,753) (User Action)
2026-08-11 16:21:16: Copy Over '/Users/andrea/Documents/_DBXAndrea/github/stats4biology_quarto/_site/agriCensData/site_libs/navigation-1.1/sourceembed.js' -> '/Users/andrea/Documents/_DBXAndrea/github/stats4biology/_site/agriCensData/site_libs/navigation-1.1/sourceembed.js' (357) (User Action)
2026-08-11 16:21:16: Copy Over '/Users/andrea/Documents/_DBXAndrea/github/stats4biology_quarto/_site/agriCensData/site_libs/navigation-1.1/tabsets.js' -> '/Users/andrea/Documents/_DBXAndrea/github/stats4biology/_site/agriCensData/site_libs/navigation-1.1/tabsets.js' (4,299) (User Action)
2026-08-11 16:21:16: Copy Over '/Users/andrea/Documents/_DBXAndrea/github/stats4biology_quarto/_site/agriCensData/site_libs/tocify-1.9.1/jquery.tocify.css' -> '/Users/andrea/Documents/_DBXAndrea/github/stats4biology/_site/agriCensData/site_libs/tocify-1.9.1/jquery.tocify.css' (1,927) (User Action)
2026-08-11 16:21:16: Copy Over '/Users/andrea/Documents/_DBXAndrea/github/stats4biology_quarto/_site/agriCensData/site_libs/tocify-1.9.1/jquery.tocify.js' -> '/Users/andrea/Documents/_DBXAndrea/github/stats4biology/_site/agriCensData/site_libs/tocify-1.9.1/jquery.tocify.js' (31,740) (User Action)
2026-08-11 16:21:16: Copy Over '/Users/andrea/Documents/_DBXAndrea/github/stats4biology_quarto/_site/agriCensData/Tutorial.html' -> '/Users/andrea/Documents/_DBXAndrea/github/stats4biology/_site/agriCensData/Tutorial.html' (44,107) (User Action)
2026-08-11 16:21:16: Copy Over '/Users/andrea/Documents/_DBXAndrea/github/stats4biology_quarto/_site/agriCensData/weed-research.csl' -> '/Users/andrea/Documents/_DBXAndrea/github/stats4biology/_site/agriCensData/weed-research.csl' (7,017) (User Action)
2026-08-11 16:21:16: Copy Over '/Users/andrea/Documents/_DBXAndrea/github/stats4biology_quarto/_site/articles/usefulequations/index.html' -> '/Users/andrea/Documents/_DBXAndrea/github/stats4biology/_site/articles/usefulequations/index.html' (617) (User Action)
2026-08-11 16:21:16: Copy Over '/Users/andrea/Documents/_DBXAndrea/github/stats4biology_quarto/_site/CVA/biplot.jpg' -> '/Users/andrea/Documents/_DBXAndrea/github/stats4biology/_site/CVA/biplot.jpg' (32,924) (User Action)
2026-08-11 16:21:16: Copy Over '/Users/andrea/Documents/_DBXAndrea/github/stats4biology_quarto/_site/CVA/Fig1.jpg' -> '/Users/andrea/Documents/_DBXAndrea/github/stats4biology/_site/CVA/Fig1.jpg' (10,481) (User Action)
2026-08-11 16:21:16: Copy Over '/Users/andrea/Documents/_DBXAndrea/github/stats4biology_quarto/_site/CVA/Index.html' -> '/Users/andrea/Documents/_DBXAndrea/github/stats4biology/_site/CVA/Index.html' (57,904) (User Action)
2026-08-11 16:21:16: Copy Over '/Users/andrea/Documents/_DBXAndrea/github/stats4biology_quarto/_site/CVA/PDFver/biplot.jpg' -> '/Users/andrea/Documents/_DBXAndrea/github/stats4biology/_site/CVA/PDFver/biplot.jpg' (32,924) (User Action)
2026-08-11 16:21:16: Copy Over '/Users/andrea/Documents/_DBXAndrea/github/stats4biology_quarto/_site/CVA/PDFver/dsp_multivar_PCA.pdf' -> '/Users/andrea/Documents/_DBXAndrea/github/stats4biology/_site/CVA/PDFver/dsp_multivar_PCA.pdf' (252,530) (User Action)
2026-08-11 16:21:16: Copy Over '/Users/andrea/Documents/_DBXAndrea/github/stats4biology_quarto/_site/CVA/PDFver/Fig1.jpg' -> '/Users/andrea/Documents/_DBXAndrea/github/stats4biology/_site/CVA/PDFver/Fig1.jpg' (10,481) (User Action)
2026-08-11 16:21:16: Copy Over '/Users/andrea/Documents/_DBXAndrea/github/stats4biology_quarto/_site/CVA/site_libs/bootstrap-3.3.5/css/bootstrap-theme.css' -> '/Users/andrea/Documents/_DBXAndrea/github/stats4biology/_site/CVA/site_libs/bootstrap-3.3.5/css/bootstrap-theme.css' (26,132) (User Action)
2026-08-11 16:21:16: Copy Over '/Users/andrea/Documents/_DBXAndrea/github/stats4biology_quarto/_site/CVA/site_libs/bootstrap-3.3.5/css/bootstrap-theme.css.map' -> '/Users/andrea/Documents/_DBXAndrea/github/stats4biology/_site/CVA/site_libs/bootstrap-3.3.5/css/bootstrap-theme.css.map' (47,721) (User Action)
2026-08-11 16:21:16: Copy Over '/Users/andrea/Documents/_DBXAndrea/github/stats4biology_quarto/_site/CVA/site_libs/bootstrap-3.3.5/css/bootstrap-theme.min.css' -> '/Users/andrea/Documents/_DBXAndrea/github/stats4biology/_site/CVA/site_libs/bootstrap-3.3.5/css/bootstrap-theme.min.css' (23,357) (User Action)
2026-08-11 16:21:16: Copy Over '/Users/andrea/Documents/_DBXAndrea/github/stats4biology_quarto/_site/CVA/site_libs/bootstrap-3.3.5/css/bootstrap.css' -> '/Users/andrea/Documents/_DBXAndrea/github/stats4biology/_site/CVA/site_libs/bootstrap-3.3.5/css/bootstrap.css' (147,302) (User Action)
2026-08-11 16:21:16: Copy Over '/Users/andrea/Documents/_DBXAndrea/github/stats4biology_quarto/_site/CVA/site_libs/bootstrap-3.3.5/css/bootstrap.css.map' -> '/Users/andrea/Documents/_DBXAndrea/github/stats4biology/_site/CVA/site_libs/bootstrap-3.3.5/css/bootstrap.css.map' (390,377) (User Action)
2026-08-11 16:21:16: Copy Over '/Users/andrea/Documents/_DBXAndrea/github/stats4biology_quarto/_site/CVA/site_libs/bootstrap-3.3.5/css/bootstrap.min.css' -> '/Users/andrea/Documents/_DBXAndrea/github/stats4biology/_site/CVA/site_libs/bootstrap-3.3.5/css/bootstrap.min.css' (122,425) (User Action)
2026-08-11 16:21:16: Copy Over '/Users/andrea/Documents/_DBXAndrea/github/stats4biology_quarto/_site/CVA/site_libs/bootstrap-3.3.5/css/cerulean.min.css' -> '/Users/andrea/Documents/_DBXAndrea/github/stats4biology/_site/CVA/site_libs/bootstrap-3.3.5/css/cerulean.min.css' (128,200) (User Action)
2026-08-11 16:21:16: Copy Over '/Users/andrea/Documents/_DBXAndrea/github/stats4biology_quarto/_site/CVA/site_libs/bootstrap-3.3.5/css/cosmo.min.css' -> '/Users/andrea/Documents/_DBXAndrea/github/stats4biology/_site/CVA/site_libs/bootstrap-3.3.5/css/cosmo.min.css' (125,929) (User Action)
2026-08-11 16:21:16: Copy Over '/Users/andrea/Documents/_DBXAndrea/github/stats4biology_quarto/_site/CVA/site_libs/bootstrap-3.3.5/css/flatly.min.css' -> '/Users/andrea/Documents/_DBXAndrea/github/stats4biology/_site/CVA/site_libs/bootstrap-3.3.5/css/flatly.min.css' (127,578) (User Action)
2026-08-11 16:21:16: Copy Over '/Users/andrea/Documents/_DBXAndrea/github/stats4biology_quarto/_site/CVA/site_libs/bootstrap-3.3.5/css/fonts/Lato.ttf' -> '/Users/andrea/Documents/_DBXAndrea/github/stats4biology/_site/CVA/site_libs/bootstrap-3.3.5/css/fonts/Lato.ttf' (81,980) (User Action)
2026-08-11 16:21:16: Copy Over '/Users/andrea/Documents/_DBXAndrea/github/stats4biology_quarto/_site/CVA/site_libs/bootstrap-3.3.5/css/fonts/LatoBold.ttf' -> '/Users/andrea/Documents/_DBXAndrea/github/stats4biology/_site/CVA/site_libs/bootstrap-3.3.5/css/fonts/LatoBold.ttf' (82,368) (User Action)
2026-08-11 16:21:16: Copy Over '/Users/andrea/Documents/_DBXAndrea/github/stats4biology_quarto/_site/CVA/site_libs/bootstrap-3.3.5/css/fonts/LatoItalic.ttf' -> '/Users/andrea/Documents/_DBXAndrea/github/stats4biology/_site/CVA/site_libs/bootstrap-3.3.5/css/fonts/LatoItalic.ttf' (81,332) (User Action)
2026-08-11 16:21:16: Copy Over '/Users/andrea/Documents/_DBXAndrea/github/stats4biology_quarto/_site/CVA/site_libs/bootstrap-3.3.5/css/fonts/NewsCycle.ttf' -> '/Users/andrea/Documents/_DBXAndrea/github/stats4biology/_site/CVA/site_libs/bootstrap-3.3.5/css/fonts/NewsCycle.ttf' (28,716) (User Action)
2026-08-11 16:21:16: Copy Over '/Users/andrea/Documents/_DBXAndrea/github/stats4biology_quarto/_site/CVA/site_libs/bootstrap-3.3.5/css/fonts/NewsCycleBold.ttf' -> '/Users/andrea/Documents/_DBXAndrea/github/stats4biology/_site/CVA/site_libs/bootstrap-3.3.5/css/fonts/NewsCycleBold.ttf' (28,724) (User Action)
2026-08-11 16:21:16: Copy Over '/Users/andrea/Documents/_DBXAndrea/github/stats4biology_quarto/_site/CVA/site_libs/bootstrap-3.3.5/css/fonts/OpenSans.ttf' -> '/Users/andrea/Documents/_DBXAndrea/github/stats4biology/_site/CVA/site_libs/bootstrap-3.3.5/css/fonts/OpenSans.ttf' (34,112) (User Action)
2026-08-11 16:21:16: Copy Over '/Users/andrea/Documents/_DBXAndrea/github/stats4biology_quarto/_site/CVA/site_libs/bootstrap-3.3.5/css/fonts/OpenSansBold.ttf' -> '/Users/andrea/Documents/_DBXAndrea/github/stats4biology/_site/CVA/site_libs/bootstrap-3.3.5/css/fonts/OpenSansBold.ttf' (35,760) (User Action)
2026-08-11 16:21:16: Copy Over '/Users/andrea/Documents/_DBXAndrea/github/stats4biology_quarto/_site/CVA/site_libs/bootstrap-3.3.5/css/fonts/OpenSansBoldItalic.ttf' -> '/Users/andrea/Documents/_DBXAndrea/github/stats4biology/_site/CVA/site_libs/bootstrap-3.3.5/css/fonts/OpenSansBoldItalic.ttf' (33,064) (User Action)
2026-08-11 16:21:16: Copy Over '/Users/andrea/Documents/_DBXAndrea/github/stats4biology_quarto/_site/CVA/site_libs/bootstrap-3.3.5/css/fonts/OpenSansItalic.ttf' -> '/Users/andrea/Documents/_DBXAndrea/github/stats4biology/_site/CVA/site_libs/bootstrap-3.3.5/css/fonts/OpenSansItalic.ttf' (32,808) (User Action)
2026-08-11 16:21:16: Copy Over '/Users/andrea/Documents/_DBXAndrea/github/stats4biology_quarto/_site/CVA/site_libs/bootstrap-3.3.5/css/fonts/OpenSansLight.ttf' -> '/Users/andrea/Documents/_DBXAndrea/github/stats4biology/_site/CVA/site_libs/bootstrap-3.3.5/css/fonts/OpenSansLight.ttf' (35,340) (User Action)
2026-08-11 16:21:16: Copy Over '/Users/andrea/Documents/_DBXAndrea/github/stats4biology_quarto/_site/CVA/site_libs/bootstrap-3.3.5/css/fonts/OpenSansLightItalic.ttf' -> '/Users/andrea/Documents/_DBXAndrea/github/stats4biology/_site/CVA/site_libs/bootstrap-3.3.5/css/fonts/OpenSansLightItalic.ttf' (32,680) (User Action)
2026-08-11 16:21:16: Copy Over '/Users/andrea/Documents/_DBXAndrea/github/stats4biology_quarto/_site/CVA/site_libs/bootstrap-3.3.5/css/fonts/Raleway.ttf' -> '/Users/andrea/Documents/_DBXAndrea/github/stats4biology/_site/CVA/site_libs/bootstrap-3.3.5/css/fonts/Raleway.ttf' (63,796) (User Action)
2026-08-11 16:21:16: Copy Over '/Users/andrea/Documents/_DBXAndrea/github/stats4biology_quarto/_site/CVA/site_libs/bootstrap-3.3.5/css/fonts/RalewayBold.ttf' -> '/Users/andrea/Documents/_DBXAndrea/github/stats4biology/_site/CVA/site_libs/bootstrap-3.3.5/css/fonts/RalewayBold.ttf' (62,224) (User Action)
2026-08-11 16:21:16: Copy Over '/Users/andrea/Documents/_DBXAndrea/github/stats4biology_quarto/_site/CVA/site_libs/bootstrap-3.3.5/css/fonts/Roboto.ttf' -> '/Users/andrea/Documents/_DBXAndrea/github/stats4biology/_site/CVA/site_libs/bootstrap-3.3.5/css/fonts/Roboto.ttf' (32,652) (User Action)
2026-08-11 16:21:16: Copy Over '/Users/andrea/Documents/_DBXAndrea/github/stats4biology_quarto/_site/CVA/site_libs/bootstrap-3.3.5/css/fonts/RobotoBold.ttf' -> '/Users/andrea/Documents/_DBXAndrea/github/stats4biology/_site/CVA/site_libs/bootstrap-3.3.5/css/fonts/RobotoBold.ttf' (32,500) (User Action)
2026-08-11 16:21:16: Copy Over '/Users/andrea/Documents/_DBXAndrea/github/stats4biology_quarto/_site/CVA/site_libs/bootstrap-3.3.5/css/fonts/RobotoLight.ttf' -> '/Users/andrea/Documents/_DBXAndrea/github/stats4biology/_site/CVA/site_libs/bootstrap-3.3.5/css/fonts/RobotoLight.ttf' (32,664) (User Action)
2026-08-11 16:21:16: Copy Over '/Users/andrea/Documents/_DBXAndrea/github/stats4biology_quarto/_site/CVA/site_libs/bootstrap-3.3.5/css/fonts/RobotoMedium.ttf' -> '/Users/andrea/Documents/_DBXAndrea/github/stats4biology/_site/CVA/site_libs/bootstrap-3.3.5/css/fonts/RobotoMedium.ttf' (32,580) (User Action)
2026-08-11 16:21:16: Copy Over '/Users/andrea/Documents/_DBXAndrea/github/stats4biology_quarto/_site/CVA/site_libs/bootstrap-3.3.5/css/fonts/SourceSansPro.ttf' -> '/Users/andrea/Documents/_DBXAndrea/github/stats4biology/_site/CVA/site_libs/bootstrap-3.3.5/css/fonts/SourceSansPro.ttf' (35,064) (User Action)
2026-08-11 16:21:16: Copy Over '/Users/andrea/Documents/_DBXAndrea/github/stats4biology_quarto/_site/CVA/site_libs/bootstrap-3.3.5/css/fonts/SourceSansProBold.ttf' -> '/Users/andrea/Documents/_DBXAndrea/github/stats4biology/_site/CVA/site_libs/bootstrap-3.3.5/css/fonts/SourceSansProBold.ttf' (34,908) (User Action)
2026-08-11 16:21:16: Copy Over '/Users/andrea/Documents/_DBXAndrea/github/stats4biology_quarto/_site/CVA/site_libs/bootstrap-3.3.5/css/fonts/SourceSansProItalic.ttf' -> '/Users/andrea/Documents/_DBXAndrea/github/stats4biology/_site/CVA/site_libs/bootstrap-3.3.5/css/fonts/SourceSansProItalic.ttf' (33,864) (User Action)
2026-08-11 16:21:16: Copy Over '/Users/andrea/Documents/_DBXAndrea/github/stats4biology_quarto/_site/CVA/site_libs/bootstrap-3.3.5/css/fonts/SourceSansProLight.ttf' -> '/Users/andrea/Documents/_DBXAndrea/github/stats4biology/_site/CVA/site_libs/bootstrap-3.3.5/css/fonts/SourceSansProLight.ttf' (35,368) (User Action)
2026-08-11 16:21:16: Copy Over '/Users/andrea/Documents/_DBXAndrea/github/stats4biology_quarto/_site/CVA/site_libs/bootstrap-3.3.5/css/fonts/Ubuntu.ttf' -> '/Users/andrea/Documents/_DBXAndrea/github/stats4biology/_site/CVA/site_libs/bootstrap-3.3.5/css/fonts/Ubuntu.ttf' (73,608) (User Action)
2026-08-11 16:21:16: Copy Over '/Users/andrea/Documents/_DBXAndrea/github/stats4biology_quarto/_site/CVA/site_libs/bootstrap-3.3.5/css/journal.min.css' -> '/Users/andrea/Documents/_DBXAndrea/github/stats4biology/_site/CVA/site_libs/bootstrap-3.3.5/css/journal.min.css' (124,651) (User Action)
2026-08-11 16:21:16: Copy Over '/Users/andrea/Documents/_DBXAndrea/github/stats4biology_quarto/_site/CVA/site_libs/bootstrap-3.3.5/css/lumen.min.css' -> '/Users/andrea/Documents/_DBXAndrea/github/stats4biology/_site/CVA/site_libs/bootstrap-3.3.5/css/lumen.min.css' (131,260) (User Action)
2026-08-11 16:21:16: Copy Over '/Users/andrea/Documents/_DBXAndrea/github/stats4biology_quarto/_site/CVA/site_libs/bootstrap-3.3.5/css/paper.min.css' -> '/Users/andrea/Documents/_DBXAndrea/github/stats4biology/_site/CVA/site_libs/bootstrap-3.3.5/css/paper.min.css' (141,648) (User Action)
2026-08-11 16:21:16: Copy Over '/Users/andrea/Documents/_DBXAndrea/github/stats4biology_quarto/_site/CVA/site_libs/bootstrap-3.3.5/css/readable.min.css' -> '/Users/andrea/Documents/_DBXAndrea/github/stats4biology/_site/CVA/site_libs/bootstrap-3.3.5/css/readable.min.css' (124,680) (User Action)
2026-08-11 16:21:16: Copy Over '/Users/andrea/Documents/_DBXAndrea/github/stats4biology_quarto/_site/CVA/site_libs/bootstrap-3.3.5/css/sandstone.min.css' -> '/Users/andrea/Documents/_DBXAndrea/github/stats4biology/_site/CVA/site_libs/bootstrap-3.3.5/css/sandstone.min.css' (125,076) (User Action)
2026-08-11 16:21:16: Copy Over '/Users/andrea/Documents/_DBXAndrea/github/stats4biology_quarto/_site/CVA/site_libs/bootstrap-3.3.5/css/simplex.min.css' -> '/Users/andrea/Documents/_DBXAndrea/github/stats4biology/_site/CVA/site_libs/bootstrap-3.3.5/css/simplex.min.css' (127,698) (User Action)
2026-08-11 16:21:16: Copy Over '/Users/andrea/Documents/_DBXAndrea/github/stats4biology_quarto/_site/CVA/site_libs/bootstrap-3.3.5/css/spacelab.min.css' -> '/Users/andrea/Documents/_DBXAndrea/github/stats4biology/_site/CVA/site_libs/bootstrap-3.3.5/css/spacelab.min.css' (131,641) (User Action)
2026-08-11 16:21:16: Copy Over '/Users/andrea/Documents/_DBXAndrea/github/stats4biology_quarto/_site/CVA/site_libs/bootstrap-3.3.5/css/united.min.css' -> '/Users/andrea/Documents/_DBXAndrea/github/stats4biology/_site/CVA/site_libs/bootstrap-3.3.5/css/united.min.css' (122,856) (User Action)
2026-08-11 16:21:16: Copy Over '/Users/andrea/Documents/_DBXAndrea/github/stats4biology_quarto/_site/CVA/site_libs/bootstrap-3.3.5/css/yeti.min.css' -> '/Users/andrea/Documents/_DBXAndrea/github/stats4biology/_site/CVA/site_libs/bootstrap-3.3.5/css/yeti.min.css' (128,392) (User Action)
2026-08-11 16:21:16: Copy Over '/Users/andrea/Documents/_DBXAndrea/github/stats4biology_quarto/_site/CVA/site_libs/bootstrap-3.3.5/fonts/glyphicons-halflings-regular.eot' -> '/Users/andrea/Documents/_DBXAndrea/github/stats4biology/_site/CVA/site_libs/bootstrap-3.3.5/fonts/glyphicons-halflings-regular.eot' (20,127) (User Action)
2026-08-11 16:21:16: Copy Over '/Users/andrea/Documents/_DBXAndrea/github/stats4biology_quarto/_site/CVA/site_libs/bootstrap-3.3.5/fonts/glyphicons-halflings-regular.svg' -> '/Users/andrea/Documents/_DBXAndrea/github/stats4biology/_site/CVA/site_libs/bootstrap-3.3.5/fonts/glyphicons-halflings-regular.svg' (108,738) (User Action)
2026-08-11 16:21:16: Copy Over '/Users/andrea/Documents/_DBXAndrea/github/stats4biology_quarto/_site/CVA/site_libs/bootstrap-3.3.5/fonts/glyphicons-halflings-regular.ttf' -> '/Users/andrea/Documents/_DBXAndrea/github/stats4biology/_site/CVA/site_libs/bootstrap-3.3.5/fonts/glyphicons-halflings-regular.ttf' (45,404) (User Action)
2026-08-11 16:21:16: Copy Over '/Users/andrea/Documents/_DBXAndrea/github/stats4biology_quarto/_site/CVA/site_libs/bootstrap-3.3.5/fonts/glyphicons-halflings-regular.woff' -> '/Users/andrea/Documents/_DBXAndrea/github/stats4biology/_site/CVA/site_libs/bootstrap-3.3.5/fonts/glyphicons-halflings-regular.woff' (23,424) (User Action)
2026-08-11 16:21:16: Copy Over '/Users/andrea/Documents/_DBXAndrea/github/stats4biology_quarto/_site/CVA/site_libs/bootstrap-3.3.5/fonts/glyphicons-halflings-regular.woff2' -> '/Users/andrea/Documents/_DBXAndrea/github/stats4biology/_site/CVA/site_libs/bootstrap-3.3.5/fonts/glyphicons-halflings-regular.woff2' (18,028) (User Action)
2026-08-11 16:21:16: Copy Over '/Users/andrea/Documents/_DBXAndrea/github/stats4biology_quarto/_site/CVA/site_libs/bootstrap-3.3.5/js/bootstrap.js' -> '/Users/andrea/Documents/_DBXAndrea/github/stats4biology/_site/CVA/site_libs/bootstrap-3.3.5/js/bootstrap.js' (68,890) (User Action)
2026-08-11 16:21:16: Copy Over '/Users/andrea/Documents/_DBXAndrea/github/stats4biology_quarto/_site/CVA/site_libs/bootstrap-3.3.5/js/bootstrap.min.js' -> '/Users/andrea/Documents/_DBXAndrea/github/stats4biology/_site/CVA/site_libs/bootstrap-3.3.5/js/bootstrap.min.js' (36,816) (User Action)
2026-08-11 16:21:16: Copy Over '/Users/andrea/Documents/_DBXAndrea/github/stats4biology_quarto/_site/CVA/site_libs/bootstrap-3.3.5/js/npm.js' -> '/Users/andrea/Documents/_DBXAndrea/github/stats4biology/_site/CVA/site_libs/bootstrap-3.3.5/js/npm.js' (484) (User Action)
2026-08-11 16:21:16: Copy Over '/Users/andrea/Documents/_DBXAndrea/github/stats4biology_quarto/_site/CVA/site_libs/bootstrap-3.3.5/shim/html5shiv.min.js' -> '/Users/andrea/Documents/_DBXAndrea/github/stats4biology/_site/CVA/site_libs/bootstrap-3.3.5/shim/html5shiv.min.js' (2,722) (User Action)
2026-08-11 16:21:16: Copy Over '/Users/andrea/Documents/_DBXAndrea/github/stats4biology_quarto/_site/CVA/site_libs/bootstrap-3.3.5/shim/respond.min.js' -> '/Users/andrea/Documents/_DBXAndrea/github/stats4biology/_site/CVA/site_libs/bootstrap-3.3.5/shim/respond.min.js' (4,463) (User Action)
2026-08-11 16:21:16: Copy Over '/Users/andrea/Documents/_DBXAndrea/github/stats4biology_quarto/_site/CVA/site_libs/font-awesome-5.0.13/css/fa-svg-with-js.css' -> '/Users/andrea/Documents/_DBXAndrea/github/stats4biology/_site/CVA/site_libs/font-awesome-5.0.13/css/fa-svg-with-js.css' (7,408) (User Action)
2026-08-11 16:21:16: Copy Over '/Users/andrea/Documents/_DBXAndrea/github/stats4biology_quarto/_site/CVA/site_libs/font-awesome-5.0.13/fonts/fa-brands-400.ttf' -> '/Users/andrea/Documents/_DBXAndrea/github/stats4biology/_site/CVA/site_libs/font-awesome-5.0.13/fonts/fa-brands-400.ttf' (111,384) (User Action)
2026-08-11 16:21:16: Copy Over '/Users/andrea/Documents/_DBXAndrea/github/stats4biology_quarto/_site/CVA/site_libs/font-awesome-5.0.13/fonts/fa-regular-400.ttf' -> '/Users/andrea/Documents/_DBXAndrea/github/stats4biology/_site/CVA/site_libs/font-awesome-5.0.13/fonts/fa-regular-400.ttf' (31,044) (User Action)
2026-08-11 16:21:16: Copy Over '/Users/andrea/Documents/_DBXAndrea/github/stats4biology_quarto/_site/CVA/site_libs/font-awesome-5.0.13/fonts/fa-solid-900.ttf' -> '/Users/andrea/Documents/_DBXAndrea/github/stats4biology/_site/CVA/site_libs/font-awesome-5.0.13/fonts/fa-solid-900.ttf' (132,920) (User Action)
2026-08-11 16:21:16: Copy Over '/Users/andrea/Documents/_DBXAndrea/github/stats4biology_quarto/_site/CVA/site_libs/font-awesome-5.0.13/js/fa-v4-shims.min.js' -> '/Users/andrea/Documents/_DBXAndrea/github/stats4biology/_site/CVA/site_libs/font-awesome-5.0.13/js/fa-v4-shims.min.js' (15,206) (User Action)
2026-08-11 16:21:16: Copy Over '/Users/andrea/Documents/_DBXAndrea/github/stats4biology_quarto/_site/CVA/site_libs/font-awesome-5.0.13/js/fontawesome-all.min.js' -> '/Users/andrea/Documents/_DBXAndrea/github/stats4biology/_site/CVA/site_libs/font-awesome-5.0.13/js/fontawesome-all.min.js' (799,550) (User Action)
2026-08-11 16:21:16: Copy Over '/Users/andrea/Documents/_DBXAndrea/github/stats4biology_quarto/_site/CVA/site_libs/highlightjs-9.12.0/default.css' -> '/Users/andrea/Documents/_DBXAndrea/github/stats4biology/_site/CVA/site_libs/highlightjs-9.12.0/default.css' (213) (User Action)
2026-08-11 16:21:16: Copy Over '/Users/andrea/Documents/_DBXAndrea/github/stats4biology_quarto/_site/CVA/site_libs/highlightjs-9.12.0/highlight.js' -> '/Users/andrea/Documents/_DBXAndrea/github/stats4biology/_site/CVA/site_libs/highlightjs-9.12.0/highlight.js' (51,225) (User Action)
2026-08-11 16:21:16: Copy Over '/Users/andrea/Documents/_DBXAndrea/github/stats4biology_quarto/_site/CVA/site_libs/highlightjs-9.12.0/textmate.css' -> '/Users/andrea/Documents/_DBXAndrea/github/stats4biology/_site/CVA/site_libs/highlightjs-9.12.0/textmate.css' (222) (User Action)
2026-08-11 16:21:16: Copy Over '/Users/andrea/Documents/_DBXAndrea/github/stats4biology_quarto/_site/CVA/site_libs/jquery-1.11.3/jquery.min.js' -> '/Users/andrea/Documents/_DBXAndrea/github/stats4biology/_site/CVA/site_libs/jquery-1.11.3/jquery.min.js' (95,957) (User Action)
2026-08-11 16:21:16: Copy Over '/Users/andrea/Documents/_DBXAndrea/github/stats4biology_quarto/_site/CVA/site_libs/jqueryui-1.11.4/images/ui-icons_444444_256x240.png' -> '/Users/andrea/Documents/_DBXAndrea/github/stats4biology/_site/CVA/site_libs/jqueryui-1.11.4/images/ui-icons_444444_256x240.png' (6,992) (User Action)
2026-08-11 16:21:16: Copy Over '/Users/andrea/Documents/_DBXAndrea/github/stats4biology_quarto/_site/CVA/site_libs/jqueryui-1.11.4/images/ui-icons_555555_256x240.png' -> '/Users/andrea/Documents/_DBXAndrea/github/stats4biology/_site/CVA/site_libs/jqueryui-1.11.4/images/ui-icons_555555_256x240.png' (6,988) (User Action)
2026-08-11 16:21:16: Copy Over '/Users/andrea/Documents/_DBXAndrea/github/stats4biology_quarto/_site/CVA/site_libs/jqueryui-1.11.4/images/ui-icons_777620_256x240.png' -> '/Users/andrea/Documents/_DBXAndrea/github/stats4biology/_site/CVA/site_libs/jqueryui-1.11.4/images/ui-icons_777620_256x240.png' (4,549) (User Action)
2026-08-11 16:21:16: Copy Over '/Users/andrea/Documents/_DBXAndrea/github/stats4biology_quarto/_site/CVA/site_libs/jqueryui-1.11.4/images/ui-icons_777777_256x240.png' -> '/Users/andrea/Documents/_DBXAndrea/github/stats4biology/_site/CVA/site_libs/jqueryui-1.11.4/images/ui-icons_777777_256x240.png' (6,999) (User Action)
2026-08-11 16:21:16: Copy Over '/Users/andrea/Documents/_DBXAndrea/github/stats4biology_quarto/_site/CVA/site_libs/jqueryui-1.11.4/images/ui-icons_cc0000_256x240.png' -> '/Users/andrea/Documents/_DBXAndrea/github/stats4biology/_site/CVA/site_libs/jqueryui-1.11.4/images/ui-icons_cc0000_256x240.png' (4,549) (User Action)
2026-08-11 16:21:16: Copy Over '/Users/andrea/Documents/_DBXAndrea/github/stats4biology_quarto/_site/CVA/site_libs/jqueryui-1.11.4/images/ui-icons_ffffff_256x240.png' -> '/Users/andrea/Documents/_DBXAndrea/github/stats4biology/_site/CVA/site_libs/jqueryui-1.11.4/images/ui-icons_ffffff_256x240.png' (6,299) (User Action)
2026-08-11 16:21:16: Copy Over '/Users/andrea/Documents/_DBXAndrea/github/stats4biology_quarto/_site/CVA/site_libs/jqueryui-1.11.4/index.html' -> '/Users/andrea/Documents/_DBXAndrea/github/stats4biology/_site/CVA/site_libs/jqueryui-1.11.4/index.html' (31,572) (User Action)
2026-08-11 16:21:16: Copy Over '/Users/andrea/Documents/_DBXAndrea/github/stats4biology_quarto/_site/CVA/site_libs/jqueryui-1.11.4/jquery-ui.css' -> '/Users/andrea/Documents/_DBXAndrea/github/stats4biology/_site/CVA/site_libs/jqueryui-1.11.4/jquery-ui.css' (31,045) (User Action)
2026-08-11 16:21:16: Copy Over '/Users/andrea/Documents/_DBXAndrea/github/stats4biology_quarto/_site/CVA/site_libs/jqueryui-1.11.4/jquery-ui.js' -> '/Users/andrea/Documents/_DBXAndrea/github/stats4biology/_site/CVA/site_libs/jqueryui-1.11.4/jquery-ui.js' (392,842) (User Action)
2026-08-11 16:21:16: Copy Over '/Users/andrea/Documents/_DBXAndrea/github/stats4biology_quarto/_site/CVA/site_libs/jqueryui-1.11.4/jquery-ui.min.css' -> '/Users/andrea/Documents/_DBXAndrea/github/stats4biology/_site/CVA/site_libs/jqueryui-1.11.4/jquery-ui.min.css' (26,302) (User Action)
2026-08-11 16:21:16: Copy Over '/Users/andrea/Documents/_DBXAndrea/github/stats4biology_quarto/_site/CVA/site_libs/jqueryui-1.11.4/jquery-ui.min.js' -> '/Users/andrea/Documents/_DBXAndrea/github/stats4biology/_site/CVA/site_libs/jqueryui-1.11.4/jquery-ui.min.js' (204,224) (User Action)
2026-08-11 16:21:16: Copy Over '/Users/andrea/Documents/_DBXAndrea/github/stats4biology_quarto/_site/CVA/site_libs/jqueryui-1.11.4/jquery-ui.structure.css' -> '/Users/andrea/Documents/_DBXAndrea/github/stats4biology/_site/CVA/site_libs/jqueryui-1.11.4/jquery-ui.structure.css' (14,618) (User Action)
2026-08-11 16:21:16: Copy Over '/Users/andrea/Documents/_DBXAndrea/github/stats4biology_quarto/_site/CVA/site_libs/jqueryui-1.11.4/jquery-ui.structure.min.css' -> '/Users/andrea/Documents/_DBXAndrea/github/stats4biology/_site/CVA/site_libs/jqueryui-1.11.4/jquery-ui.structure.min.css' (11,809) (User Action)
2026-08-11 16:21:16: Copy Over '/Users/andrea/Documents/_DBXAndrea/github/stats4biology_quarto/_site/CVA/site_libs/jqueryui-1.11.4/jquery-ui.theme.css' -> '/Users/andrea/Documents/_DBXAndrea/github/stats4biology/_site/CVA/site_libs/jqueryui-1.11.4/jquery-ui.theme.css' (16,531) (User Action)
2026-08-11 16:21:16: Copy Over '/Users/andrea/Documents/_DBXAndrea/github/stats4biology_quarto/_site/CVA/site_libs/jqueryui-1.11.4/jquery-ui.theme.min.css' -> '/Users/andrea/Documents/_DBXAndrea/github/stats4biology/_site/CVA/site_libs/jqueryui-1.11.4/jquery-ui.theme.min.css' (13,217) (User Action)
2026-08-11 16:21:16: Copy Over '/Users/andrea/Documents/_DBXAndrea/github/stats4biology_quarto/_site/CVA/site_libs/jqueryui-1.11.4/README' -> '/Users/andrea/Documents/_DBXAndrea/github/stats4biology/_site/CVA/site_libs/jqueryui-1.11.4/README' (408) (User Action)
2026-08-11 16:21:16: Copy Over '/Users/andrea/Documents/_DBXAndrea/github/stats4biology_quarto/_site/CVA/site_libs/navigation-1.1/codefolding.js' -> '/Users/andrea/Documents/_DBXAndrea/github/stats4biology/_site/CVA/site_libs/navigation-1.1/codefolding.js' (1,753) (User Action)
2026-08-11 16:21:16: Copy Over '/Users/andrea/Documents/_DBXAndrea/github/stats4biology_quarto/_site/CVA/site_libs/navigation-1.1/sourceembed.js' -> '/Users/andrea/Documents/_DBXAndrea/github/stats4biology/_site/CVA/site_libs/navigation-1.1/sourceembed.js' (357) (User Action)
2026-08-11 16:21:16: Copy Over '/Users/andrea/Documents/_DBXAndrea/github/stats4biology_quarto/_site/CVA/site_libs/navigation-1.1/tabsets.js' -> '/Users/andrea/Documents/_DBXAndrea/github/stats4biology/_site/CVA/site_libs/navigation-1.1/tabsets.js' (4,299) (User Action)
2026-08-11 16:21:16: Copy Over '/Users/andrea/Documents/_DBXAndrea/github/stats4biology_quarto/_site/CVA/site_libs/tocify-1.9.1/jquery.tocify.css' -> '/Users/andrea/Documents/_DBXAndrea/github/stats4biology/_site/CVA/site_libs/tocify-1.9.1/jquery.tocify.css' (1,927) (User Action)
2026-08-11 16:21:16: Copy Over '/Users/andrea/Documents/_DBXAndrea/github/stats4biology_quarto/_site/CVA/site_libs/tocify-1.9.1/jquery.tocify.js' -> '/Users/andrea/Documents/_DBXAndrea/github/stats4biology/_site/CVA/site_libs/tocify-1.9.1/jquery.tocify.js' (31,740) (User Action)
2026-08-11 16:21:16: Copy Over '/Users/andrea/Documents/_DBXAndrea/github/stats4biology_quarto/_site/Figures/Email_Signature_978-3-032-08199-5.png' -> '/Users/andrea/Documents/_DBXAndrea/github/stats4biology/_site/Figures/Email_Signature_978-3-032-08199-5.png' (35,307) (User Action)
2026-08-11 16:21:17: Copy Over '/Users/andrea/Documents/_DBXAndrea/github/stats4biology_quarto/_site/Figures/logo copy.png' -> '/Users/andrea/Documents/_DBXAndrea/github/stats4biology/_site/Figures/logo copy.png' (617,967) (User Action)
2026-08-11 16:21:17: Copy Over '/Users/andrea/Documents/_DBXAndrea/github/stats4biology_quarto/_site/Figures/logo.jpg' -> '/Users/andrea/Documents/_DBXAndrea/github/stats4biology/_site/Figures/logo.jpg' (152,270) (User Action)
2026-08-11 16:21:17: Copy Over '/Users/andrea/Documents/_DBXAndrea/github/stats4biology_quarto/_site/Figures/logo.key' -> '/Users/andrea/Documents/_DBXAndrea/github/stats4biology/_site/Figures/logo.key' (507,951) (User Action)
2026-08-11 16:21:17: Copy Over '/Users/andrea/Documents/_DBXAndrea/github/stats4biology_quarto/_site/Figures/logo.png' -> '/Users/andrea/Documents/_DBXAndrea/github/stats4biology/_site/Figures/logo.png' (618,391) (User Action)
2026-08-11 16:21:17: Copy Over '/Users/andrea/Documents/_DBXAndrea/github/stats4biology_quarto/_site/Figures/logo_square.pdf' -> '/Users/andrea/Documents/_DBXAndrea/github/stats4biology/_site/Figures/logo_square.pdf' (156,829) (User Action)
2026-08-11 16:21:17: Copy Over '/Users/andrea/Documents/_DBXAndrea/github/stats4biology_quarto/_site/Figures/logo_square.png' -> '/Users/andrea/Documents/_DBXAndrea/github/stats4biology/_site/Figures/logo_square.png' (2,062,768) (User Action)
2026-08-11 16:21:17: Copy Over '/Users/andrea/Documents/_DBXAndrea/github/stats4biology_quarto/_site/Figures/Myself.JPEG' -> '/Users/andrea/Documents/_DBXAndrea/github/stats4biology/_site/Figures/Myself.JPEG' (124,393) (User Action)
2026-08-11 16:21:17: Copy Over '/Users/andrea/Documents/_DBXAndrea/github/stats4biology_quarto/_site/Figures/myself2.JPEG' -> '/Users/andrea/Documents/_DBXAndrea/github/stats4biology/_site/Figures/myself2.JPEG' (478,829) (User Action)
2026-08-11 16:21:17: Copy Over '/Users/andrea/Documents/_DBXAndrea/github/stats4biology_quarto/_site/Figures/profile.jpg' -> '/Users/andrea/Documents/_DBXAndrea/github/stats4biology/_site/Figures/profile.jpg' (60,521) (User Action)
2026-08-11 16:21:17: Copy Over '/Users/andrea/Documents/_DBXAndrea/github/stats4biology_quarto/_site/Figures/VarianceSamplePop.jpg' -> '/Users/andrea/Documents/_DBXAndrea/github/stats4biology/_site/Figures/VarianceSamplePop.jpg' (13,390) (User Action)
2026-08-11 16:21:17: Copy Over '/Users/andrea/Documents/_DBXAndrea/github/stats4biology_quarto/_site/index-r-bloggers.xml' -> '/Users/andrea/Documents/_DBXAndrea/github/stats4biology/_site/index-r-bloggers.xml' (362,670) (User Action)
2026-08-11 16:21:17: Copy Over '/Users/andrea/Documents/_DBXAndrea/github/stats4biology_quarto/_site/index.html' -> '/Users/andrea/Documents/_DBXAndrea/github/stats4biology/_site/index.html' (50,191) (User Action)
2026-08-11 16:21:17: Copy Over '/Users/andrea/Documents/_DBXAndrea/github/stats4biology_quarto/_site/index.xml' -> '/Users/andrea/Documents/_DBXAndrea/github/stats4biology/_site/index.xml' (388,589) (User Action)
2026-08-11 16:21:17: Copy Over '/Users/andrea/Documents/_DBXAndrea/github/stats4biology_quarto/_site/links.html' -> '/Users/andrea/Documents/_DBXAndrea/github/stats4biology/_site/links.html' (23,756) (User Action)
2026-08-11 16:21:17: Copy Over '/Users/andrea/Documents/_DBXAndrea/github/stats4biology_quarto/_site/listings.json' -> '/Users/andrea/Documents/_DBXAndrea/github/stats4biology/_site/listings.json' (625) (User Action)
2026-08-11 16:21:17: Copy Over '/Users/andrea/Documents/_DBXAndrea/github/stats4biology_quarto/_site/lmDiallel/index.html' -> '/Users/andrea/Documents/_DBXAndrea/github/stats4biology/_site/lmDiallel/index.html' (15,795) (User Action)
2026-08-11 16:21:17: Copy Over '/Users/andrea/Documents/_DBXAndrea/github/stats4biology_quarto/_site/lmDiallel/site_libs/bootstrap-3.3.5/css/bootstrap-theme.css' -> '/Users/andrea/Documents/_DBXAndrea/github/stats4biology/_site/lmDiallel/site_libs/bootstrap-3.3.5/css/bootstrap-theme.css' (26,132) (User Action)
2026-08-11 16:21:17: Copy Over '/Users/andrea/Documents/_DBXAndrea/github/stats4biology_quarto/_site/lmDiallel/site_libs/bootstrap-3.3.5/css/bootstrap-theme.css.map' -> '/Users/andrea/Documents/_DBXAndrea/github/stats4biology/_site/lmDiallel/site_libs/bootstrap-3.3.5/css/bootstrap-theme.css.map' (47,721) (User Action)
2026-08-11 16:21:17: Copy Over '/Users/andrea/Documents/_DBXAndrea/github/stats4biology_quarto/_site/lmDiallel/site_libs/bootstrap-3.3.5/css/bootstrap-theme.min.css' -> '/Users/andrea/Documents/_DBXAndrea/github/stats4biology/_site/lmDiallel/site_libs/bootstrap-3.3.5/css/bootstrap-theme.min.css' (23,357) (User Action)
2026-08-11 16:21:17: Copy Over '/Users/andrea/Documents/_DBXAndrea/github/stats4biology_quarto/_site/lmDiallel/site_libs/bootstrap-3.3.5/css/bootstrap.css' -> '/Users/andrea/Documents/_DBXAndrea/github/stats4biology/_site/lmDiallel/site_libs/bootstrap-3.3.5/css/bootstrap.css' (147,302) (User Action)
2026-08-11 16:21:17: Copy Over '/Users/andrea/Documents/_DBXAndrea/github/stats4biology_quarto/_site/lmDiallel/site_libs/bootstrap-3.3.5/css/bootstrap.css.map' -> '/Users/andrea/Documents/_DBXAndrea/github/stats4biology/_site/lmDiallel/site_libs/bootstrap-3.3.5/css/bootstrap.css.map' (390,377) (User Action)
2026-08-11 16:21:17: Copy Over '/Users/andrea/Documents/_DBXAndrea/github/stats4biology_quarto/_site/lmDiallel/site_libs/bootstrap-3.3.5/css/bootstrap.min.css' -> '/Users/andrea/Documents/_DBXAndrea/github/stats4biology/_site/lmDiallel/site_libs/bootstrap-3.3.5/css/bootstrap.min.css' (122,425) (User Action)
2026-08-11 16:21:17: Copy Over '/Users/andrea/Documents/_DBXAndrea/github/stats4biology_quarto/_site/lmDiallel/site_libs/bootstrap-3.3.5/css/cerulean.min.css' -> '/Users/andrea/Documents/_DBXAndrea/github/stats4biology/_site/lmDiallel/site_libs/bootstrap-3.3.5/css/cerulean.min.css' (128,200) (User Action)
2026-08-11 16:21:17: Copy Over '/Users/andrea/Documents/_DBXAndrea/github/stats4biology_quarto/_site/lmDiallel/site_libs/bootstrap-3.3.5/css/cosmo.min.css' -> '/Users/andrea/Documents/_DBXAndrea/github/stats4biology/_site/lmDiallel/site_libs/bootstrap-3.3.5/css/cosmo.min.css' (125,929) (User Action)
2026-08-11 16:21:17: Copy Over '/Users/andrea/Documents/_DBXAndrea/github/stats4biology_quarto/_site/lmDiallel/site_libs/bootstrap-3.3.5/css/darkly.min.css' -> '/Users/andrea/Documents/_DBXAndrea/github/stats4biology/_site/lmDiallel/site_libs/bootstrap-3.3.5/css/darkly.min.css' (127,982) (User Action)
2026-08-11 16:21:17: Copy Over '/Users/andrea/Documents/_DBXAndrea/github/stats4biology_quarto/_site/lmDiallel/site_libs/bootstrap-3.3.5/css/flatly.min.css' -> '/Users/andrea/Documents/_DBXAndrea/github/stats4biology/_site/lmDiallel/site_libs/bootstrap-3.3.5/css/flatly.min.css' (127,578) (User Action)
2026-08-11 16:21:17: Copy Over '/Users/andrea/Documents/_DBXAndrea/github/stats4biology_quarto/_site/lmDiallel/site_libs/bootstrap-3.3.5/css/fonts/Lato.ttf' -> '/Users/andrea/Documents/_DBXAndrea/github/stats4biology/_site/lmDiallel/site_libs/bootstrap-3.3.5/css/fonts/Lato.ttf' (81,980) (User Action)
2026-08-11 16:21:17: Copy Over '/Users/andrea/Documents/_DBXAndrea/github/stats4biology_quarto/_site/lmDiallel/site_libs/bootstrap-3.3.5/css/fonts/LatoBold.ttf' -> '/Users/andrea/Documents/_DBXAndrea/github/stats4biology/_site/lmDiallel/site_libs/bootstrap-3.3.5/css/fonts/LatoBold.ttf' (82,368) (User Action)
2026-08-11 16:21:17: Copy Over '/Users/andrea/Documents/_DBXAndrea/github/stats4biology_quarto/_site/lmDiallel/site_libs/bootstrap-3.3.5/css/fonts/LatoItalic.ttf' -> '/Users/andrea/Documents/_DBXAndrea/github/stats4biology/_site/lmDiallel/site_libs/bootstrap-3.3.5/css/fonts/LatoItalic.ttf' (81,332) (User Action)
2026-08-11 16:21:17: Copy Over '/Users/andrea/Documents/_DBXAndrea/github/stats4biology_quarto/_site/lmDiallel/site_libs/bootstrap-3.3.5/css/fonts/NewsCycle.ttf' -> '/Users/andrea/Documents/_DBXAndrea/github/stats4biology/_site/lmDiallel/site_libs/bootstrap-3.3.5/css/fonts/NewsCycle.ttf' (28,716) (User Action)
2026-08-11 16:21:17: Copy Over '/Users/andrea/Documents/_DBXAndrea/github/stats4biology_quarto/_site/lmDiallel/site_libs/bootstrap-3.3.5/css/fonts/NewsCycleBold.ttf' -> '/Users/andrea/Documents/_DBXAndrea/github/stats4biology/_site/lmDiallel/site_libs/bootstrap-3.3.5/css/fonts/NewsCycleBold.ttf' (28,724) (User Action)
2026-08-11 16:21:17: Copy Over '/Users/andrea/Documents/_DBXAndrea/github/stats4biology_quarto/_site/lmDiallel/site_libs/bootstrap-3.3.5/css/fonts/OpenSans.ttf' -> '/Users/andrea/Documents/_DBXAndrea/github/stats4biology/_site/lmDiallel/site_libs/bootstrap-3.3.5/css/fonts/OpenSans.ttf' (34,112) (User Action)
2026-08-11 16:21:17: Copy Over '/Users/andrea/Documents/_DBXAndrea/github/stats4biology_quarto/_site/lmDiallel/site_libs/bootstrap-3.3.5/css/fonts/OpenSansBold.ttf' -> '/Users/andrea/Documents/_DBXAndrea/github/stats4biology/_site/lmDiallel/site_libs/bootstrap-3.3.5/css/fonts/OpenSansBold.ttf' (35,760) (User Action)
2026-08-11 16:21:17: Copy Over '/Users/andrea/Documents/_DBXAndrea/github/stats4biology_quarto/_site/lmDiallel/site_libs/bootstrap-3.3.5/css/fonts/OpenSansBoldItalic.ttf' -> '/Users/andrea/Documents/_DBXAndrea/github/stats4biology/_site/lmDiallel/site_libs/bootstrap-3.3.5/css/fonts/OpenSansBoldItalic.ttf' (33,064) (User Action)
2026-08-11 16:21:17: Copy Over '/Users/andrea/Documents/_DBXAndrea/github/stats4biology_quarto/_site/lmDiallel/site_libs/bootstrap-3.3.5/css/fonts/OpenSansItalic.ttf' -> '/Users/andrea/Documents/_DBXAndrea/github/stats4biology/_site/lmDiallel/site_libs/bootstrap-3.3.5/css/fonts/OpenSansItalic.ttf' (32,808) (User Action)
2026-08-11 16:21:17: Copy Over '/Users/andrea/Documents/_DBXAndrea/github/stats4biology_quarto/_site/lmDiallel/site_libs/bootstrap-3.3.5/css/fonts/OpenSansLight.ttf' -> '/Users/andrea/Documents/_DBXAndrea/github/stats4biology/_site/lmDiallel/site_libs/bootstrap-3.3.5/css/fonts/OpenSansLight.ttf' (35,340) (User Action)
2026-08-11 16:21:17: Copy Over '/Users/andrea/Documents/_DBXAndrea/github/stats4biology_quarto/_site/lmDiallel/site_libs/bootstrap-3.3.5/css/fonts/OpenSansLightItalic.ttf' -> '/Users/andrea/Documents/_DBXAndrea/github/stats4biology/_site/lmDiallel/site_libs/bootstrap-3.3.5/css/fonts/OpenSansLightItalic.ttf' (32,680) (User Action)
2026-08-11 16:21:17: Copy Over '/Users/andrea/Documents/_DBXAndrea/github/stats4biology_quarto/_site/lmDiallel/site_libs/bootstrap-3.3.5/css/fonts/Raleway.ttf' -> '/Users/andrea/Documents/_DBXAndrea/github/stats4biology/_site/lmDiallel/site_libs/bootstrap-3.3.5/css/fonts/Raleway.ttf' (63,796) (User Action)
2026-08-11 16:21:17: Copy Over '/Users/andrea/Documents/_DBXAndrea/github/stats4biology_quarto/_site/lmDiallel/site_libs/bootstrap-3.3.5/css/fonts/RalewayBold.ttf' -> '/Users/andrea/Documents/_DBXAndrea/github/stats4biology/_site/lmDiallel/site_libs/bootstrap-3.3.5/css/fonts/RalewayBold.ttf' (62,224) (User Action)
2026-08-11 16:21:17: Copy Over '/Users/andrea/Documents/_DBXAndrea/github/stats4biology_quarto/_site/lmDiallel/site_libs/bootstrap-3.3.5/css/fonts/Roboto.ttf' -> '/Users/andrea/Documents/_DBXAndrea/github/stats4biology/_site/lmDiallel/site_libs/bootstrap-3.3.5/css/fonts/Roboto.ttf' (32,652) (User Action)
2026-08-11 16:21:17: Copy Over '/Users/andrea/Documents/_DBXAndrea/github/stats4biology_quarto/_site/lmDiallel/site_libs/bootstrap-3.3.5/css/fonts/RobotoBold.ttf' -> '/Users/andrea/Documents/_DBXAndrea/github/stats4biology/_site/lmDiallel/site_libs/bootstrap-3.3.5/css/fonts/RobotoBold.ttf' (32,500) (User Action)
2026-08-11 16:21:17: Copy Over '/Users/andrea/Documents/_DBXAndrea/github/stats4biology_quarto/_site/lmDiallel/site_libs/bootstrap-3.3.5/css/fonts/RobotoLight.ttf' -> '/Users/andrea/Documents/_DBXAndrea/github/stats4biology/_site/lmDiallel/site_libs/bootstrap-3.3.5/css/fonts/RobotoLight.ttf' (32,664) (User Action)
2026-08-11 16:21:17: Copy Over '/Users/andrea/Documents/_DBXAndrea/github/stats4biology_quarto/_site/lmDiallel/site_libs/bootstrap-3.3.5/css/fonts/RobotoMedium.ttf' -> '/Users/andrea/Documents/_DBXAndrea/github/stats4biology/_site/lmDiallel/site_libs/bootstrap-3.3.5/css/fonts/RobotoMedium.ttf' (32,580) (User Action)
2026-08-11 16:21:17: Copy Over '/Users/andrea/Documents/_DBXAndrea/github/stats4biology_quarto/_site/lmDiallel/site_libs/bootstrap-3.3.5/css/fonts/SourceSansPro.ttf' -> '/Users/andrea/Documents/_DBXAndrea/github/stats4biology/_site/lmDiallel/site_libs/bootstrap-3.3.5/css/fonts/SourceSansPro.ttf' (35,064) (User Action)
2026-08-11 16:21:17: Copy Over '/Users/andrea/Documents/_DBXAndrea/github/stats4biology_quarto/_site/lmDiallel/site_libs/bootstrap-3.3.5/css/fonts/SourceSansProBold.ttf' -> '/Users/andrea/Documents/_DBXAndrea/github/stats4biology/_site/lmDiallel/site_libs/bootstrap-3.3.5/css/fonts/SourceSansProBold.ttf' (34,908) (User Action)
2026-08-11 16:21:17: Copy Over '/Users/andrea/Documents/_DBXAndrea/github/stats4biology_quarto/_site/lmDiallel/site_libs/bootstrap-3.3.5/css/fonts/SourceSansProItalic.ttf' -> '/Users/andrea/Documents/_DBXAndrea/github/stats4biology/_site/lmDiallel/site_libs/bootstrap-3.3.5/css/fonts/SourceSansProItalic.ttf' (33,864) (User Action)
2026-08-11 16:21:17: Copy Over '/Users/andrea/Documents/_DBXAndrea/github/stats4biology_quarto/_site/lmDiallel/site_libs/bootstrap-3.3.5/css/fonts/SourceSansProLight.ttf' -> '/Users/andrea/Documents/_DBXAndrea/github/stats4biology/_site/lmDiallel/site_libs/bootstrap-3.3.5/css/fonts/SourceSansProLight.ttf' (35,368) (User Action)
2026-08-11 16:21:17: Copy Over '/Users/andrea/Documents/_DBXAndrea/github/stats4biology_quarto/_site/lmDiallel/site_libs/bootstrap-3.3.5/css/fonts/Ubuntu.ttf' -> '/Users/andrea/Documents/_DBXAndrea/github/stats4biology/_site/lmDiallel/site_libs/bootstrap-3.3.5/css/fonts/Ubuntu.ttf' (73,608) (User Action)
2026-08-11 16:21:17: Copy Over '/Users/andrea/Documents/_DBXAndrea/github/stats4biology_quarto/_site/lmDiallel/site_libs/bootstrap-3.3.5/css/journal.min.css' -> '/Users/andrea/Documents/_DBXAndrea/github/stats4biology/_site/lmDiallel/site_libs/bootstrap-3.3.5/css/journal.min.css' (124,651) (User Action)
2026-08-11 16:21:17: Copy Over '/Users/andrea/Documents/_DBXAndrea/github/stats4biology_quarto/_site/lmDiallel/site_libs/bootstrap-3.3.5/css/lumen.min.css' -> '/Users/andrea/Documents/_DBXAndrea/github/stats4biology/_site/lmDiallel/site_libs/bootstrap-3.3.5/css/lumen.min.css' (131,260) (User Action)
2026-08-11 16:21:17: Copy Over '/Users/andrea/Documents/_DBXAndrea/github/stats4biology_quarto/_site/lmDiallel/site_libs/bootstrap-3.3.5/css/paper.min.css' -> '/Users/andrea/Documents/_DBXAndrea/github/stats4biology/_site/lmDiallel/site_libs/bootstrap-3.3.5/css/paper.min.css' (141,648) (User Action)
2026-08-11 16:21:17: Copy Over '/Users/andrea/Documents/_DBXAndrea/github/stats4biology_quarto/_site/lmDiallel/site_libs/bootstrap-3.3.5/css/readable.min.css' -> '/Users/andrea/Documents/_DBXAndrea/github/stats4biology/_site/lmDiallel/site_libs/bootstrap-3.3.5/css/readable.min.css' (124,680) (User Action)
2026-08-11 16:21:17: Copy Over '/Users/andrea/Documents/_DBXAndrea/github/stats4biology_quarto/_site/lmDiallel/site_libs/bootstrap-3.3.5/css/sandstone.min.css' -> '/Users/andrea/Documents/_DBXAndrea/github/stats4biology/_site/lmDiallel/site_libs/bootstrap-3.3.5/css/sandstone.min.css' (125,076) (User Action)
2026-08-11 16:21:17: Copy Over '/Users/andrea/Documents/_DBXAndrea/github/stats4biology_quarto/_site/lmDiallel/site_libs/bootstrap-3.3.5/css/simplex.min.css' -> '/Users/andrea/Documents/_DBXAndrea/github/stats4biology/_site/lmDiallel/site_libs/bootstrap-3.3.5/css/simplex.min.css' (127,698) (User Action)
2026-08-11 16:21:17: Copy Over '/Users/andrea/Documents/_DBXAndrea/github/stats4biology_quarto/_site/lmDiallel/site_libs/bootstrap-3.3.5/css/spacelab.min.css' -> '/Users/andrea/Documents/_DBXAndrea/github/stats4biology/_site/lmDiallel/site_libs/bootstrap-3.3.5/css/spacelab.min.css' (131,641) (User Action)
2026-08-11 16:21:17: Copy Over '/Users/andrea/Documents/_DBXAndrea/github/stats4biology_quarto/_site/lmDiallel/site_libs/bootstrap-3.3.5/css/united.min.css' -> '/Users/andrea/Documents/_DBXAndrea/github/stats4biology/_site/lmDiallel/site_libs/bootstrap-3.3.5/css/united.min.css' (122,856) (User Action)
2026-08-11 16:21:17: Copy Over '/Users/andrea/Documents/_DBXAndrea/github/stats4biology_quarto/_site/lmDiallel/site_libs/bootstrap-3.3.5/css/yeti.min.css' -> '/Users/andrea/Documents/_DBXAndrea/github/stats4biology/_site/lmDiallel/site_libs/bootstrap-3.3.5/css/yeti.min.css' (128,392) (User Action)
2026-08-11 16:21:17: Copy Over '/Users/andrea/Documents/_DBXAndrea/github/stats4biology_quarto/_site/lmDiallel/site_libs/bootstrap-3.3.5/fonts/glyphicons-halflings-regular.eot' -> '/Users/andrea/Documents/_DBXAndrea/github/stats4biology/_site/lmDiallel/site_libs/bootstrap-3.3.5/fonts/glyphicons-halflings-regular.eot' (20,127) (User Action)
2026-08-11 16:21:17: Copy Over '/Users/andrea/Documents/_DBXAndrea/github/stats4biology_quarto/_site/lmDiallel/site_libs/bootstrap-3.3.5/fonts/glyphicons-halflings-regular.svg' -> '/Users/andrea/Documents/_DBXAndrea/github/stats4biology/_site/lmDiallel/site_libs/bootstrap-3.3.5/fonts/glyphicons-halflings-regular.svg' (108,738) (User Action)
2026-08-11 16:21:17: Copy Over '/Users/andrea/Documents/_DBXAndrea/github/stats4biology_quarto/_site/lmDiallel/site_libs/bootstrap-3.3.5/fonts/glyphicons-halflings-regular.ttf' -> '/Users/andrea/Documents/_DBXAndrea/github/stats4biology/_site/lmDiallel/site_libs/bootstrap-3.3.5/fonts/glyphicons-halflings-regular.ttf' (45,404) (User Action)
2026-08-11 16:21:17: Copy Over '/Users/andrea/Documents/_DBXAndrea/github/stats4biology_quarto/_site/lmDiallel/site_libs/bootstrap-3.3.5/fonts/glyphicons-halflings-regular.woff' -> '/Users/andrea/Documents/_DBXAndrea/github/stats4biology/_site/lmDiallel/site_libs/bootstrap-3.3.5/fonts/glyphicons-halflings-regular.woff' (23,424) (User Action)
2026-08-11 16:21:17: Copy Over '/Users/andrea/Documents/_DBXAndrea/github/stats4biology_quarto/_site/lmDiallel/site_libs/bootstrap-3.3.5/fonts/glyphicons-halflings-regular.woff2' -> '/Users/andrea/Documents/_DBXAndrea/github/stats4biology/_site/lmDiallel/site_libs/bootstrap-3.3.5/fonts/glyphicons-halflings-regular.woff2' (18,028) (User Action)
2026-08-11 16:21:17: Copy Over '/Users/andrea/Documents/_DBXAndrea/github/stats4biology_quarto/_site/lmDiallel/site_libs/bootstrap-3.3.5/js/bootstrap.js' -> '/Users/andrea/Documents/_DBXAndrea/github/stats4biology/_site/lmDiallel/site_libs/bootstrap-3.3.5/js/bootstrap.js' (68,890) (User Action)
2026-08-11 16:21:17: Copy Over '/Users/andrea/Documents/_DBXAndrea/github/stats4biology_quarto/_site/lmDiallel/site_libs/bootstrap-3.3.5/js/bootstrap.min.js' -> '/Users/andrea/Documents/_DBXAndrea/github/stats4biology/_site/lmDiallel/site_libs/bootstrap-3.3.5/js/bootstrap.min.js' (36,816) (User Action)
2026-08-11 16:21:17: Copy Over '/Users/andrea/Documents/_DBXAndrea/github/stats4biology_quarto/_site/lmDiallel/site_libs/bootstrap-3.3.5/js/npm.js' -> '/Users/andrea/Documents/_DBXAndrea/github/stats4biology/_site/lmDiallel/site_libs/bootstrap-3.3.5/js/npm.js' (484) (User Action)
2026-08-11 16:21:17: Copy Over '/Users/andrea/Documents/_DBXAndrea/github/stats4biology_quarto/_site/lmDiallel/site_libs/bootstrap-3.3.5/shim/html5shiv.min.js' -> '/Users/andrea/Documents/_DBXAndrea/github/stats4biology/_site/lmDiallel/site_libs/bootstrap-3.3.5/shim/html5shiv.min.js' (2,722) (User Action)
2026-08-11 16:21:17: Copy Over '/Users/andrea/Documents/_DBXAndrea/github/stats4biology_quarto/_site/lmDiallel/site_libs/bootstrap-3.3.5/shim/respond.min.js' -> '/Users/andrea/Documents/_DBXAndrea/github/stats4biology/_site/lmDiallel/site_libs/bootstrap-3.3.5/shim/respond.min.js' (4,463) (User Action)
2026-08-11 16:21:17: Copy Over '/Users/andrea/Documents/_DBXAndrea/github/stats4biology_quarto/_site/lmDiallel/site_libs/font-awesome-5.1.0/css/all.css' -> '/Users/andrea/Documents/_DBXAndrea/github/stats4biology/_site/lmDiallel/site_libs/font-awesome-5.1.0/css/all.css' (45,687) (User Action)
2026-08-11 16:21:17: Copy Over '/Users/andrea/Documents/_DBXAndrea/github/stats4biology_quarto/_site/lmDiallel/site_libs/font-awesome-5.1.0/css/v4-shims.css' -> '/Users/andrea/Documents/_DBXAndrea/github/stats4biology/_site/lmDiallel/site_libs/font-awesome-5.1.0/css/v4-shims.css' (41,293) (User Action)
2026-08-11 16:21:17: Copy Over '/Users/andrea/Documents/_DBXAndrea/github/stats4biology_quarto/_site/lmDiallel/site_libs/font-awesome-5.1.0/webfonts/fa-brands-400.eot' -> '/Users/andrea/Documents/_DBXAndrea/github/stats4biology/_site/lmDiallel/site_libs/font-awesome-5.1.0/webfonts/fa-brands-400.eot' (115,052) (User Action)
2026-08-11 16:21:17: Copy Over '/Users/andrea/Documents/_DBXAndrea/github/stats4biology_quarto/_site/lmDiallel/site_libs/font-awesome-5.1.0/webfonts/fa-brands-400.svg' -> '/Users/andrea/Documents/_DBXAndrea/github/stats4biology/_site/lmDiallel/site_libs/font-awesome-5.1.0/webfonts/fa-brands-400.svg' (622,420) (User Action)
2026-08-11 16:21:17: Copy Over '/Users/andrea/Documents/_DBXAndrea/github/stats4biology_quarto/_site/lmDiallel/site_libs/font-awesome-5.1.0/webfonts/fa-brands-400.ttf' -> '/Users/andrea/Documents/_DBXAndrea/github/stats4biology/_site/lmDiallel/site_libs/font-awesome-5.1.0/webfonts/fa-brands-400.ttf' (114,816) (User Action)
2026-08-11 16:21:17: Copy Over '/Users/andrea/Documents/_DBXAndrea/github/stats4biology_quarto/_site/lmDiallel/site_libs/font-awesome-5.1.0/webfonts/fa-brands-400.woff' -> '/Users/andrea/Documents/_DBXAndrea/github/stats4biology/_site/lmDiallel/site_libs/font-awesome-5.1.0/webfonts/fa-brands-400.woff' (73,920) (User Action)
2026-08-11 16:21:17: Copy Over '/Users/andrea/Documents/_DBXAndrea/github/stats4biology_quarto/_site/lmDiallel/site_libs/font-awesome-5.1.0/webfonts/fa-brands-400.woff2' -> '/Users/andrea/Documents/_DBXAndrea/github/stats4biology/_site/lmDiallel/site_libs/font-awesome-5.1.0/webfonts/fa-brands-400.woff2' (63,376) (User Action)
2026-08-11 16:21:17: Copy Over '/Users/andrea/Documents/_DBXAndrea/github/stats4biology_quarto/_site/lmDiallel/site_libs/font-awesome-5.1.0/webfonts/fa-regular-400.eot' -> '/Users/andrea/Documents/_DBXAndrea/github/stats4biology/_site/lmDiallel/site_libs/font-awesome-5.1.0/webfonts/fa-regular-400.eot' (40,744) (User Action)
2026-08-11 16:21:17: Copy Over '/Users/andrea/Documents/_DBXAndrea/github/stats4biology_quarto/_site/lmDiallel/site_libs/font-awesome-5.1.0/webfonts/fa-regular-400.svg' -> '/Users/andrea/Documents/_DBXAndrea/github/stats4biology/_site/lmDiallel/site_libs/font-awesome-5.1.0/webfonts/fa-regular-400.svg' (141,551) (User Action)
2026-08-11 16:21:17: Copy Over '/Users/andrea/Documents/_DBXAndrea/github/stats4biology_quarto/_site/lmDiallel/site_libs/font-awesome-5.1.0/webfonts/fa-regular-400.ttf' -> '/Users/andrea/Documents/_DBXAndrea/github/stats4biology/_site/lmDiallel/site_libs/font-awesome-5.1.0/webfonts/fa-regular-400.ttf' (40,516) (User Action)
2026-08-11 16:21:17: Copy Over '/Users/andrea/Documents/_DBXAndrea/github/stats4biology_quarto/_site/lmDiallel/site_libs/font-awesome-5.1.0/webfonts/fa-regular-400.woff' -> '/Users/andrea/Documents/_DBXAndrea/github/stats4biology/_site/lmDiallel/site_libs/font-awesome-5.1.0/webfonts/fa-regular-400.woff' (18,212) (User Action)
2026-08-11 16:21:17: Copy Over '/Users/andrea/Documents/_DBXAndrea/github/stats4biology_quarto/_site/lmDiallel/site_libs/font-awesome-5.1.0/webfonts/fa-regular-400.woff2' -> '/Users/andrea/Documents/_DBXAndrea/github/stats4biology/_site/lmDiallel/site_libs/font-awesome-5.1.0/webfonts/fa-regular-400.woff2' (14,952) (User Action)
2026-08-11 16:21:17: Copy Over '/Users/andrea/Documents/_DBXAndrea/github/stats4biology_quarto/_site/lmDiallel/site_libs/font-awesome-5.1.0/webfonts/fa-solid-900.eot' -> '/Users/andrea/Documents/_DBXAndrea/github/stats4biology/_site/lmDiallel/site_libs/font-awesome-5.1.0/webfonts/fa-solid-900.eot' (160,768) (User Action)
2026-08-11 16:21:17: Copy Over '/Users/andrea/Documents/_DBXAndrea/github/stats4biology_quarto/_site/lmDiallel/site_libs/font-awesome-5.1.0/webfonts/fa-solid-900.svg' -> '/Users/andrea/Documents/_DBXAndrea/github/stats4biology/_site/lmDiallel/site_libs/font-awesome-5.1.0/webfonts/fa-solid-900.svg' (592,839) (User Action)
2026-08-11 16:21:17: Copy Over '/Users/andrea/Documents/_DBXAndrea/github/stats4biology_quarto/_site/lmDiallel/site_libs/font-awesome-5.1.0/webfonts/fa-solid-900.ttf' -> '/Users/andrea/Documents/_DBXAndrea/github/stats4biology/_site/lmDiallel/site_libs/font-awesome-5.1.0/webfonts/fa-solid-900.ttf' (160,548) (User Action)
2026-08-11 16:21:17: Copy Over '/Users/andrea/Documents/_DBXAndrea/github/stats4biology_quarto/_site/lmDiallel/site_libs/font-awesome-5.1.0/webfonts/fa-solid-900.woff' -> '/Users/andrea/Documents/_DBXAndrea/github/stats4biology/_site/lmDiallel/site_libs/font-awesome-5.1.0/webfonts/fa-solid-900.woff' (76,632) (User Action)
2026-08-11 16:21:17: Copy Over '/Users/andrea/Documents/_DBXAndrea/github/stats4biology_quarto/_site/lmDiallel/site_libs/font-awesome-5.1.0/webfonts/fa-solid-900.woff2' -> '/Users/andrea/Documents/_DBXAndrea/github/stats4biology/_site/lmDiallel/site_libs/font-awesome-5.1.0/webfonts/fa-solid-900.woff2' (59,572) (User Action)
2026-08-11 16:21:17: Copy Over '/Users/andrea/Documents/_DBXAndrea/github/stats4biology_quarto/_site/lmDiallel/site_libs/highlightjs-9.12.0/default.css' -> '/Users/andrea/Documents/_DBXAndrea/github/stats4biology/_site/lmDiallel/site_libs/highlightjs-9.12.0/default.css' (213) (User Action)
2026-08-11 16:21:17: Copy Over '/Users/andrea/Documents/_DBXAndrea/github/stats4biology_quarto/_site/lmDiallel/site_libs/highlightjs-9.12.0/highlight.js' -> '/Users/andrea/Documents/_DBXAndrea/github/stats4biology/_site/lmDiallel/site_libs/highlightjs-9.12.0/highlight.js' (51,225) (User Action)
2026-08-11 16:21:17: Copy Over '/Users/andrea/Documents/_DBXAndrea/github/stats4biology_quarto/_site/lmDiallel/site_libs/highlightjs-9.12.0/textmate.css' -> '/Users/andrea/Documents/_DBXAndrea/github/stats4biology/_site/lmDiallel/site_libs/highlightjs-9.12.0/textmate.css' (222) (User Action)
2026-08-11 16:21:17: Copy Over '/Users/andrea/Documents/_DBXAndrea/github/stats4biology_quarto/_site/lmDiallel/site_libs/jquery-1.11.3/jquery.min.js' -> '/Users/andrea/Documents/_DBXAndrea/github/stats4biology/_site/lmDiallel/site_libs/jquery-1.11.3/jquery.min.js' (95,957) (User Action)
2026-08-11 16:21:17: Copy Over '/Users/andrea/Documents/_DBXAndrea/github/stats4biology_quarto/_site/lmDiallel/site_libs/jqueryui-1.11.4/images/ui-icons_444444_256x240.png' -> '/Users/andrea/Documents/_DBXAndrea/github/stats4biology/_site/lmDiallel/site_libs/jqueryui-1.11.4/images/ui-icons_444444_256x240.png' (6,992) (User Action)
2026-08-11 16:21:17: Copy Over '/Users/andrea/Documents/_DBXAndrea/github/stats4biology_quarto/_site/lmDiallel/site_libs/jqueryui-1.11.4/images/ui-icons_555555_256x240.png' -> '/Users/andrea/Documents/_DBXAndrea/github/stats4biology/_site/lmDiallel/site_libs/jqueryui-1.11.4/images/ui-icons_555555_256x240.png' (6,988) (User Action)
2026-08-11 16:21:17: Copy Over '/Users/andrea/Documents/_DBXAndrea/github/stats4biology_quarto/_site/lmDiallel/site_libs/jqueryui-1.11.4/images/ui-icons_777620_256x240.png' -> '/Users/andrea/Documents/_DBXAndrea/github/stats4biology/_site/lmDiallel/site_libs/jqueryui-1.11.4/images/ui-icons_777620_256x240.png' (4,549) (User Action)
2026-08-11 16:21:17: Copy Over '/Users/andrea/Documents/_DBXAndrea/github/stats4biology_quarto/_site/lmDiallel/site_libs/jqueryui-1.11.4/images/ui-icons_777777_256x240.png' -> '/Users/andrea/Documents/_DBXAndrea/github/stats4biology/_site/lmDiallel/site_libs/jqueryui-1.11.4/images/ui-icons_777777_256x240.png' (6,999) (User Action)
2026-08-11 16:21:17: Copy Over '/Users/andrea/Documents/_DBXAndrea/github/stats4biology_quarto/_site/lmDiallel/site_libs/jqueryui-1.11.4/images/ui-icons_cc0000_256x240.png' -> '/Users/andrea/Documents/_DBXAndrea/github/stats4biology/_site/lmDiallel/site_libs/jqueryui-1.11.4/images/ui-icons_cc0000_256x240.png' (4,549) (User Action)
2026-08-11 16:21:17: Copy Over '/Users/andrea/Documents/_DBXAndrea/github/stats4biology_quarto/_site/lmDiallel/site_libs/jqueryui-1.11.4/images/ui-icons_ffffff_256x240.png' -> '/Users/andrea/Documents/_DBXAndrea/github/stats4biology/_site/lmDiallel/site_libs/jqueryui-1.11.4/images/ui-icons_ffffff_256x240.png' (6,299) (User Action)
2026-08-11 16:21:17: Copy Over '/Users/andrea/Documents/_DBXAndrea/github/stats4biology_quarto/_site/lmDiallel/site_libs/jqueryui-1.11.4/index.html' -> '/Users/andrea/Documents/_DBXAndrea/github/stats4biology/_site/lmDiallel/site_libs/jqueryui-1.11.4/index.html' (31,572) (User Action)
2026-08-11 16:21:17: Copy Over '/Users/andrea/Documents/_DBXAndrea/github/stats4biology_quarto/_site/lmDiallel/site_libs/jqueryui-1.11.4/jquery-ui.css' -> '/Users/andrea/Documents/_DBXAndrea/github/stats4biology/_site/lmDiallel/site_libs/jqueryui-1.11.4/jquery-ui.css' (31,045) (User Action)
2026-08-11 16:21:17: Copy Over '/Users/andrea/Documents/_DBXAndrea/github/stats4biology_quarto/_site/lmDiallel/site_libs/jqueryui-1.11.4/jquery-ui.js' -> '/Users/andrea/Documents/_DBXAndrea/github/stats4biology/_site/lmDiallel/site_libs/jqueryui-1.11.4/jquery-ui.js' (392,842) (User Action)
2026-08-11 16:21:17: Copy Over '/Users/andrea/Documents/_DBXAndrea/github/stats4biology_quarto/_site/lmDiallel/site_libs/jqueryui-1.11.4/jquery-ui.min.css' -> '/Users/andrea/Documents/_DBXAndrea/github/stats4biology/_site/lmDiallel/site_libs/jqueryui-1.11.4/jquery-ui.min.css' (26,302) (User Action)
2026-08-11 16:21:17: Copy Over '/Users/andrea/Documents/_DBXAndrea/github/stats4biology_quarto/_site/lmDiallel/site_libs/jqueryui-1.11.4/jquery-ui.min.js' -> '/Users/andrea/Documents/_DBXAndrea/github/stats4biology/_site/lmDiallel/site_libs/jqueryui-1.11.4/jquery-ui.min.js' (204,224) (User Action)
2026-08-11 16:21:17: Copy Over '/Users/andrea/Documents/_DBXAndrea/github/stats4biology_quarto/_site/lmDiallel/site_libs/jqueryui-1.11.4/jquery-ui.structure.css' -> '/Users/andrea/Documents/_DBXAndrea/github/stats4biology/_site/lmDiallel/site_libs/jqueryui-1.11.4/jquery-ui.structure.css' (14,618) (User Action)
2026-08-11 16:21:17: Copy Over '/Users/andrea/Documents/_DBXAndrea/github/stats4biology_quarto/_site/lmDiallel/site_libs/jqueryui-1.11.4/jquery-ui.structure.min.css' -> '/Users/andrea/Documents/_DBXAndrea/github/stats4biology/_site/lmDiallel/site_libs/jqueryui-1.11.4/jquery-ui.structure.min.css' (11,809) (User Action)
2026-08-11 16:21:17: Copy Over '/Users/andrea/Documents/_DBXAndrea/github/stats4biology_quarto/_site/lmDiallel/site_libs/jqueryui-1.11.4/jquery-ui.theme.css' -> '/Users/andrea/Documents/_DBXAndrea/github/stats4biology/_site/lmDiallel/site_libs/jqueryui-1.11.4/jquery-ui.theme.css' (16,531) (User Action)
2026-08-11 16:21:17: Copy Over '/Users/andrea/Documents/_DBXAndrea/github/stats4biology_quarto/_site/lmDiallel/site_libs/jqueryui-1.11.4/jquery-ui.theme.min.css' -> '/Users/andrea/Documents/_DBXAndrea/github/stats4biology/_site/lmDiallel/site_libs/jqueryui-1.11.4/jquery-ui.theme.min.css' (13,217) (User Action)
2026-08-11 16:21:17: Copy Over '/Users/andrea/Documents/_DBXAndrea/github/stats4biology_quarto/_site/lmDiallel/site_libs/jqueryui-1.11.4/README' -> '/Users/andrea/Documents/_DBXAndrea/github/stats4biology/_site/lmDiallel/site_libs/jqueryui-1.11.4/README' (408) (User Action)
2026-08-11 16:21:17: Copy Over '/Users/andrea/Documents/_DBXAndrea/github/stats4biology_quarto/_site/lmDiallel/site_libs/navigation-1.1/codefolding.js' -> '/Users/andrea/Documents/_DBXAndrea/github/stats4biology/_site/lmDiallel/site_libs/navigation-1.1/codefolding.js' (2,333) (User Action)
2026-08-11 16:21:17: Copy Over '/Users/andrea/Documents/_DBXAndrea/github/stats4biology_quarto/_site/lmDiallel/site_libs/navigation-1.1/sourceembed.js' -> '/Users/andrea/Documents/_DBXAndrea/github/stats4biology/_site/lmDiallel/site_libs/navigation-1.1/sourceembed.js' (357) (User Action)
2026-08-11 16:21:17: Copy Over '/Users/andrea/Documents/_DBXAndrea/github/stats4biology_quarto/_site/lmDiallel/site_libs/navigation-1.1/tabsets.js' -> '/Users/andrea/Documents/_DBXAndrea/github/stats4biology/_site/lmDiallel/site_libs/navigation-1.1/tabsets.js' (4,299) (User Action)
2026-08-11 16:21:17: Copy Over '/Users/andrea/Documents/_DBXAndrea/github/stats4biology_quarto/_site/lmDiallel/site_libs/tocify-1.9.1/jquery.tocify.css' -> '/Users/andrea/Documents/_DBXAndrea/github/stats4biology/_site/lmDiallel/site_libs/tocify-1.9.1/jquery.tocify.css' (1,965) (User Action)
2026-08-11 16:21:17: Copy Over '/Users/andrea/Documents/_DBXAndrea/github/stats4biology_quarto/_site/lmDiallel/site_libs/tocify-1.9.1/jquery.tocify.js' -> '/Users/andrea/Documents/_DBXAndrea/github/stats4biology/_site/lmDiallel/site_libs/tocify-1.9.1/jquery.tocify.js' (31,746) (User Action)
2026-08-11 16:21:17: Copy Over '/Users/andrea/Documents/_DBXAndrea/github/stats4biology_quarto/_site/nonLinearRegression/Equations.rtf' -> '/Users/andrea/Documents/_DBXAndrea/github/stats4biology/_site/nonLinearRegression/Equations.rtf' (2,741) (User Action)
2026-08-11 16:21:17: Copy Over '/Users/andrea/Documents/_DBXAndrea/github/stats4biology_quarto/_site/nonLinearRegression/index.html' -> '/Users/andrea/Documents/_DBXAndrea/github/stats4biology/_site/nonLinearRegression/index.html' (10,615) (User Action)
2026-08-11 16:21:17: Copy Over '/Users/andrea/Documents/_DBXAndrea/github/stats4biology_quarto/_site/nonLinearRegression/nonLinearRegression.bib' -> '/Users/andrea/Documents/_DBXAndrea/github/stats4biology/_site/nonLinearRegression/nonLinearRegression.bib' (11,208) (User Action)
2026-08-11 16:21:17: Copy Over '/Users/andrea/Documents/_DBXAndrea/github/stats4biology_quarto/_site/nonLinearRegression/site_libs/bootstrap-3.3.5/css/bootstrap-theme.css' -> '/Users/andrea/Documents/_DBXAndrea/github/stats4biology/_site/nonLinearRegression/site_libs/bootstrap-3.3.5/css/bootstrap-theme.css' (26,132) (User Action)
2026-08-11 16:21:17: Copy Over '/Users/andrea/Documents/_DBXAndrea/github/stats4biology_quarto/_site/nonLinearRegression/site_libs/bootstrap-3.3.5/css/bootstrap-theme.css.map' -> '/Users/andrea/Documents/_DBXAndrea/github/stats4biology/_site/nonLinearRegression/site_libs/bootstrap-3.3.5/css/bootstrap-theme.css.map' (47,721) (User Action)
2026-08-11 16:21:17: Copy Over '/Users/andrea/Documents/_DBXAndrea/github/stats4biology_quarto/_site/nonLinearRegression/site_libs/bootstrap-3.3.5/css/bootstrap-theme.min.css' -> '/Users/andrea/Documents/_DBXAndrea/github/stats4biology/_site/nonLinearRegression/site_libs/bootstrap-3.3.5/css/bootstrap-theme.min.css' (23,357) (User Action)
2026-08-11 16:21:17: Copy Over '/Users/andrea/Documents/_DBXAndrea/github/stats4biology_quarto/_site/nonLinearRegression/site_libs/bootstrap-3.3.5/css/bootstrap.css' -> '/Users/andrea/Documents/_DBXAndrea/github/stats4biology/_site/nonLinearRegression/site_libs/bootstrap-3.3.5/css/bootstrap.css' (147,302) (User Action)
2026-08-11 16:21:17: Copy Over '/Users/andrea/Documents/_DBXAndrea/github/stats4biology_quarto/_site/nonLinearRegression/site_libs/bootstrap-3.3.5/css/bootstrap.css.map' -> '/Users/andrea/Documents/_DBXAndrea/github/stats4biology/_site/nonLinearRegression/site_libs/bootstrap-3.3.5/css/bootstrap.css.map' (390,377) (User Action)
2026-08-11 16:21:17: Copy Over '/Users/andrea/Documents/_DBXAndrea/github/stats4biology_quarto/_site/nonLinearRegression/site_libs/bootstrap-3.3.5/css/bootstrap.min.css' -> '/Users/andrea/Documents/_DBXAndrea/github/stats4biology/_site/nonLinearRegression/site_libs/bootstrap-3.3.5/css/bootstrap.min.css' (122,425) (User Action)
2026-08-11 16:21:17: Copy Over '/Users/andrea/Documents/_DBXAndrea/github/stats4biology_quarto/_site/nonLinearRegression/site_libs/bootstrap-3.3.5/css/cerulean.min.css' -> '/Users/andrea/Documents/_DBXAndrea/github/stats4biology/_site/nonLinearRegression/site_libs/bootstrap-3.3.5/css/cerulean.min.css' (128,200) (User Action)
2026-08-11 16:21:17: Copy Over '/Users/andrea/Documents/_DBXAndrea/github/stats4biology_quarto/_site/nonLinearRegression/site_libs/bootstrap-3.3.5/css/cosmo.min.css' -> '/Users/andrea/Documents/_DBXAndrea/github/stats4biology/_site/nonLinearRegression/site_libs/bootstrap-3.3.5/css/cosmo.min.css' (125,929) (User Action)
2026-08-11 16:21:17: Copy Over '/Users/andrea/Documents/_DBXAndrea/github/stats4biology_quarto/_site/nonLinearRegression/site_libs/bootstrap-3.3.5/css/flatly.min.css' -> '/Users/andrea/Documents/_DBXAndrea/github/stats4biology/_site/nonLinearRegression/site_libs/bootstrap-3.3.5/css/flatly.min.css' (127,578) (User Action)
2026-08-11 16:21:17: Copy Over '/Users/andrea/Documents/_DBXAndrea/github/stats4biology_quarto/_site/nonLinearRegression/site_libs/bootstrap-3.3.5/css/fonts/Lato.ttf' -> '/Users/andrea/Documents/_DBXAndrea/github/stats4biology/_site/nonLinearRegression/site_libs/bootstrap-3.3.5/css/fonts/Lato.ttf' (81,980) (User Action)
2026-08-11 16:21:17: Copy Over '/Users/andrea/Documents/_DBXAndrea/github/stats4biology_quarto/_site/nonLinearRegression/site_libs/bootstrap-3.3.5/css/fonts/LatoBold.ttf' -> '/Users/andrea/Documents/_DBXAndrea/github/stats4biology/_site/nonLinearRegression/site_libs/bootstrap-3.3.5/css/fonts/LatoBold.ttf' (82,368) (User Action)
2026-08-11 16:21:17: Copy Over '/Users/andrea/Documents/_DBXAndrea/github/stats4biology_quarto/_site/nonLinearRegression/site_libs/bootstrap-3.3.5/css/fonts/LatoItalic.ttf' -> '/Users/andrea/Documents/_DBXAndrea/github/stats4biology/_site/nonLinearRegression/site_libs/bootstrap-3.3.5/css/fonts/LatoItalic.ttf' (81,332) (User Action)
2026-08-11 16:21:17: Copy Over '/Users/andrea/Documents/_DBXAndrea/github/stats4biology_quarto/_site/nonLinearRegression/site_libs/bootstrap-3.3.5/css/fonts/NewsCycle.ttf' -> '/Users/andrea/Documents/_DBXAndrea/github/stats4biology/_site/nonLinearRegression/site_libs/bootstrap-3.3.5/css/fonts/NewsCycle.ttf' (28,716) (User Action)
2026-08-11 16:21:17: Copy Over '/Users/andrea/Documents/_DBXAndrea/github/stats4biology_quarto/_site/nonLinearRegression/site_libs/bootstrap-3.3.5/css/fonts/NewsCycleBold.ttf' -> '/Users/andrea/Documents/_DBXAndrea/github/stats4biology/_site/nonLinearRegression/site_libs/bootstrap-3.3.5/css/fonts/NewsCycleBold.ttf' (28,724) (User Action)
2026-08-11 16:21:17: Copy Over '/Users/andrea/Documents/_DBXAndrea/github/stats4biology_quarto/_site/nonLinearRegression/site_libs/bootstrap-3.3.5/css/fonts/OpenSans.ttf' -> '/Users/andrea/Documents/_DBXAndrea/github/stats4biology/_site/nonLinearRegression/site_libs/bootstrap-3.3.5/css/fonts/OpenSans.ttf' (34,112) (User Action)
2026-08-11 16:21:17: Copy Over '/Users/andrea/Documents/_DBXAndrea/github/stats4biology_quarto/_site/nonLinearRegression/site_libs/bootstrap-3.3.5/css/fonts/OpenSansBold.ttf' -> '/Users/andrea/Documents/_DBXAndrea/github/stats4biology/_site/nonLinearRegression/site_libs/bootstrap-3.3.5/css/fonts/OpenSansBold.ttf' (35,760) (User Action)
2026-08-11 16:21:17: Copy Over '/Users/andrea/Documents/_DBXAndrea/github/stats4biology_quarto/_site/nonLinearRegression/site_libs/bootstrap-3.3.5/css/fonts/OpenSansBoldItalic.ttf' -> '/Users/andrea/Documents/_DBXAndrea/github/stats4biology/_site/nonLinearRegression/site_libs/bootstrap-3.3.5/css/fonts/OpenSansBoldItalic.ttf' (33,064) (User Action)
2026-08-11 16:21:17: Copy Over '/Users/andrea/Documents/_DBXAndrea/github/stats4biology_quarto/_site/nonLinearRegression/site_libs/bootstrap-3.3.5/css/fonts/OpenSansItalic.ttf' -> '/Users/andrea/Documents/_DBXAndrea/github/stats4biology/_site/nonLinearRegression/site_libs/bootstrap-3.3.5/css/fonts/OpenSansItalic.ttf' (32,808) (User Action)
2026-08-11 16:21:17: Copy Over '/Users/andrea/Documents/_DBXAndrea/github/stats4biology_quarto/_site/nonLinearRegression/site_libs/bootstrap-3.3.5/css/fonts/OpenSansLight.ttf' -> '/Users/andrea/Documents/_DBXAndrea/github/stats4biology/_site/nonLinearRegression/site_libs/bootstrap-3.3.5/css/fonts/OpenSansLight.ttf' (35,340) (User Action)
2026-08-11 16:21:17: Copy Over '/Users/andrea/Documents/_DBXAndrea/github/stats4biology_quarto/_site/nonLinearRegression/site_libs/bootstrap-3.3.5/css/fonts/OpenSansLightItalic.ttf' -> '/Users/andrea/Documents/_DBXAndrea/github/stats4biology/_site/nonLinearRegression/site_libs/bootstrap-3.3.5/css/fonts/OpenSansLightItalic.ttf' (32,680) (User Action)
2026-08-11 16:21:17: Copy Over '/Users/andrea/Documents/_DBXAndrea/github/stats4biology_quarto/_site/nonLinearRegression/site_libs/bootstrap-3.3.5/css/fonts/Raleway.ttf' -> '/Users/andrea/Documents/_DBXAndrea/github/stats4biology/_site/nonLinearRegression/site_libs/bootstrap-3.3.5/css/fonts/Raleway.ttf' (63,796) (User Action)
2026-08-11 16:21:17: Copy Over '/Users/andrea/Documents/_DBXAndrea/github/stats4biology_quarto/_site/nonLinearRegression/site_libs/bootstrap-3.3.5/css/fonts/RalewayBold.ttf' -> '/Users/andrea/Documents/_DBXAndrea/github/stats4biology/_site/nonLinearRegression/site_libs/bootstrap-3.3.5/css/fonts/RalewayBold.ttf' (62,224) (User Action)
2026-08-11 16:21:17: Copy Over '/Users/andrea/Documents/_DBXAndrea/github/stats4biology_quarto/_site/nonLinearRegression/site_libs/bootstrap-3.3.5/css/fonts/Roboto.ttf' -> '/Users/andrea/Documents/_DBXAndrea/github/stats4biology/_site/nonLinearRegression/site_libs/bootstrap-3.3.5/css/fonts/Roboto.ttf' (32,652) (User Action)
2026-08-11 16:21:17: Copy Over '/Users/andrea/Documents/_DBXAndrea/github/stats4biology_quarto/_site/nonLinearRegression/site_libs/bootstrap-3.3.5/css/fonts/RobotoBold.ttf' -> '/Users/andrea/Documents/_DBXAndrea/github/stats4biology/_site/nonLinearRegression/site_libs/bootstrap-3.3.5/css/fonts/RobotoBold.ttf' (32,500) (User Action)
2026-08-11 16:21:17: Copy Over '/Users/andrea/Documents/_DBXAndrea/github/stats4biology_quarto/_site/nonLinearRegression/site_libs/bootstrap-3.3.5/css/fonts/RobotoLight.ttf' -> '/Users/andrea/Documents/_DBXAndrea/github/stats4biology/_site/nonLinearRegression/site_libs/bootstrap-3.3.5/css/fonts/RobotoLight.ttf' (32,664) (User Action)
2026-08-11 16:21:17: Copy Over '/Users/andrea/Documents/_DBXAndrea/github/stats4biology_quarto/_site/nonLinearRegression/site_libs/bootstrap-3.3.5/css/fonts/RobotoMedium.ttf' -> '/Users/andrea/Documents/_DBXAndrea/github/stats4biology/_site/nonLinearRegression/site_libs/bootstrap-3.3.5/css/fonts/RobotoMedium.ttf' (32,580) (User Action)
2026-08-11 16:21:17: Copy Over '/Users/andrea/Documents/_DBXAndrea/github/stats4biology_quarto/_site/nonLinearRegression/site_libs/bootstrap-3.3.5/css/fonts/SourceSansPro.ttf' -> '/Users/andrea/Documents/_DBXAndrea/github/stats4biology/_site/nonLinearRegression/site_libs/bootstrap-3.3.5/css/fonts/SourceSansPro.ttf' (35,064) (User Action)
2026-08-11 16:21:17: Copy Over '/Users/andrea/Documents/_DBXAndrea/github/stats4biology_quarto/_site/nonLinearRegression/site_libs/bootstrap-3.3.5/css/fonts/SourceSansProBold.ttf' -> '/Users/andrea/Documents/_DBXAndrea/github/stats4biology/_site/nonLinearRegression/site_libs/bootstrap-3.3.5/css/fonts/SourceSansProBold.ttf' (34,908) (User Action)
2026-08-11 16:21:17: Copy Over '/Users/andrea/Documents/_DBXAndrea/github/stats4biology_quarto/_site/nonLinearRegression/site_libs/bootstrap-3.3.5/css/fonts/SourceSansProItalic.ttf' -> '/Users/andrea/Documents/_DBXAndrea/github/stats4biology/_site/nonLinearRegression/site_libs/bootstrap-3.3.5/css/fonts/SourceSansProItalic.ttf' (33,864) (User Action)
2026-08-11 16:21:17: Copy Over '/Users/andrea/Documents/_DBXAndrea/github/stats4biology_quarto/_site/nonLinearRegression/site_libs/bootstrap-3.3.5/css/fonts/SourceSansProLight.ttf' -> '/Users/andrea/Documents/_DBXAndrea/github/stats4biology/_site/nonLinearRegression/site_libs/bootstrap-3.3.5/css/fonts/SourceSansProLight.ttf' (35,368) (User Action)
2026-08-11 16:21:17: Copy Over '/Users/andrea/Documents/_DBXAndrea/github/stats4biology_quarto/_site/nonLinearRegression/site_libs/bootstrap-3.3.5/css/fonts/Ubuntu.ttf' -> '/Users/andrea/Documents/_DBXAndrea/github/stats4biology/_site/nonLinearRegression/site_libs/bootstrap-3.3.5/css/fonts/Ubuntu.ttf' (73,608) (User Action)
2026-08-11 16:21:17: Copy Over '/Users/andrea/Documents/_DBXAndrea/github/stats4biology_quarto/_site/nonLinearRegression/site_libs/bootstrap-3.3.5/css/journal.min.css' -> '/Users/andrea/Documents/_DBXAndrea/github/stats4biology/_site/nonLinearRegression/site_libs/bootstrap-3.3.5/css/journal.min.css' (124,651) (User Action)
2026-08-11 16:21:17: Copy Over '/Users/andrea/Documents/_DBXAndrea/github/stats4biology_quarto/_site/nonLinearRegression/site_libs/bootstrap-3.3.5/css/lumen.min.css' -> '/Users/andrea/Documents/_DBXAndrea/github/stats4biology/_site/nonLinearRegression/site_libs/bootstrap-3.3.5/css/lumen.min.css' (131,260) (User Action)
2026-08-11 16:21:17: Copy Over '/Users/andrea/Documents/_DBXAndrea/github/stats4biology_quarto/_site/nonLinearRegression/site_libs/bootstrap-3.3.5/css/paper.min.css' -> '/Users/andrea/Documents/_DBXAndrea/github/stats4biology/_site/nonLinearRegression/site_libs/bootstrap-3.3.5/css/paper.min.css' (141,648) (User Action)
2026-08-11 16:21:17: Copy Over '/Users/andrea/Documents/_DBXAndrea/github/stats4biology_quarto/_site/nonLinearRegression/site_libs/bootstrap-3.3.5/css/readable.min.css' -> '/Users/andrea/Documents/_DBXAndrea/github/stats4biology/_site/nonLinearRegression/site_libs/bootstrap-3.3.5/css/readable.min.css' (124,680) (User Action)
2026-08-11 16:21:17: Copy Over '/Users/andrea/Documents/_DBXAndrea/github/stats4biology_quarto/_site/nonLinearRegression/site_libs/bootstrap-3.3.5/css/sandstone.min.css' -> '/Users/andrea/Documents/_DBXAndrea/github/stats4biology/_site/nonLinearRegression/site_libs/bootstrap-3.3.5/css/sandstone.min.css' (125,076) (User Action)
2026-08-11 16:21:17: Copy Over '/Users/andrea/Documents/_DBXAndrea/github/stats4biology_quarto/_site/nonLinearRegression/site_libs/bootstrap-3.3.5/css/simplex.min.css' -> '/Users/andrea/Documents/_DBXAndrea/github/stats4biology/_site/nonLinearRegression/site_libs/bootstrap-3.3.5/css/simplex.min.css' (127,698) (User Action)
2026-08-11 16:21:17: Copy Over '/Users/andrea/Documents/_DBXAndrea/github/stats4biology_quarto/_site/nonLinearRegression/site_libs/bootstrap-3.3.5/css/spacelab.min.css' -> '/Users/andrea/Documents/_DBXAndrea/github/stats4biology/_site/nonLinearRegression/site_libs/bootstrap-3.3.5/css/spacelab.min.css' (131,641) (User Action)
2026-08-11 16:21:17: Copy Over '/Users/andrea/Documents/_DBXAndrea/github/stats4biology_quarto/_site/nonLinearRegression/site_libs/bootstrap-3.3.5/css/united.min.css' -> '/Users/andrea/Documents/_DBXAndrea/github/stats4biology/_site/nonLinearRegression/site_libs/bootstrap-3.3.5/css/united.min.css' (122,856) (User Action)
2026-08-11 16:21:17: Copy Over '/Users/andrea/Documents/_DBXAndrea/github/stats4biology_quarto/_site/nonLinearRegression/site_libs/bootstrap-3.3.5/css/yeti.min.css' -> '/Users/andrea/Documents/_DBXAndrea/github/stats4biology/_site/nonLinearRegression/site_libs/bootstrap-3.3.5/css/yeti.min.css' (128,392) (User Action)
2026-08-11 16:21:17: Copy Over '/Users/andrea/Documents/_DBXAndrea/github/stats4biology_quarto/_site/nonLinearRegression/site_libs/bootstrap-3.3.5/fonts/glyphicons-halflings-regular.eot' -> '/Users/andrea/Documents/_DBXAndrea/github/stats4biology/_site/nonLinearRegression/site_libs/bootstrap-3.3.5/fonts/glyphicons-halflings-regular.eot' (20,127) (User Action)
2026-08-11 16:21:17: Copy Over '/Users/andrea/Documents/_DBXAndrea/github/stats4biology_quarto/_site/nonLinearRegression/site_libs/bootstrap-3.3.5/fonts/glyphicons-halflings-regular.svg' -> '/Users/andrea/Documents/_DBXAndrea/github/stats4biology/_site/nonLinearRegression/site_libs/bootstrap-3.3.5/fonts/glyphicons-halflings-regular.svg' (108,738) (User Action)
2026-08-11 16:21:17: Copy Over '/Users/andrea/Documents/_DBXAndrea/github/stats4biology_quarto/_site/nonLinearRegression/site_libs/bootstrap-3.3.5/fonts/glyphicons-halflings-regular.ttf' -> '/Users/andrea/Documents/_DBXAndrea/github/stats4biology/_site/nonLinearRegression/site_libs/bootstrap-3.3.5/fonts/glyphicons-halflings-regular.ttf' (45,404) (User Action)
2026-08-11 16:21:17: Copy Over '/Users/andrea/Documents/_DBXAndrea/github/stats4biology_quarto/_site/nonLinearRegression/site_libs/bootstrap-3.3.5/fonts/glyphicons-halflings-regular.woff' -> '/Users/andrea/Documents/_DBXAndrea/github/stats4biology/_site/nonLinearRegression/site_libs/bootstrap-3.3.5/fonts/glyphicons-halflings-regular.woff' (23,424) (User Action)
2026-08-11 16:21:17: Copy Over '/Users/andrea/Documents/_DBXAndrea/github/stats4biology_quarto/_site/nonLinearRegression/site_libs/bootstrap-3.3.5/fonts/glyphicons-halflings-regular.woff2' -> '/Users/andrea/Documents/_DBXAndrea/github/stats4biology/_site/nonLinearRegression/site_libs/bootstrap-3.3.5/fonts/glyphicons-halflings-regular.woff2' (18,028) (User Action)
2026-08-11 16:21:17: Copy Over '/Users/andrea/Documents/_DBXAndrea/github/stats4biology_quarto/_site/nonLinearRegression/site_libs/bootstrap-3.3.5/js/bootstrap.js' -> '/Users/andrea/Documents/_DBXAndrea/github/stats4biology/_site/nonLinearRegression/site_libs/bootstrap-3.3.5/js/bootstrap.js' (68,890) (User Action)
2026-08-11 16:21:17: Copy Over '/Users/andrea/Documents/_DBXAndrea/github/stats4biology_quarto/_site/nonLinearRegression/site_libs/bootstrap-3.3.5/js/bootstrap.min.js' -> '/Users/andrea/Documents/_DBXAndrea/github/stats4biology/_site/nonLinearRegression/site_libs/bootstrap-3.3.5/js/bootstrap.min.js' (36,816) (User Action)
2026-08-11 16:21:17: Copy Over '/Users/andrea/Documents/_DBXAndrea/github/stats4biology_quarto/_site/nonLinearRegression/site_libs/bootstrap-3.3.5/js/npm.js' -> '/Users/andrea/Documents/_DBXAndrea/github/stats4biology/_site/nonLinearRegression/site_libs/bootstrap-3.3.5/js/npm.js' (484) (User Action)
2026-08-11 16:21:17: Copy Over '/Users/andrea/Documents/_DBXAndrea/github/stats4biology_quarto/_site/nonLinearRegression/site_libs/bootstrap-3.3.5/shim/html5shiv.min.js' -> '/Users/andrea/Documents/_DBXAndrea/github/stats4biology/_site/nonLinearRegression/site_libs/bootstrap-3.3.5/shim/html5shiv.min.js' (2,722) (User Action)
2026-08-11 16:21:17: Copy Over '/Users/andrea/Documents/_DBXAndrea/github/stats4biology_quarto/_site/nonLinearRegression/site_libs/bootstrap-3.3.5/shim/respond.min.js' -> '/Users/andrea/Documents/_DBXAndrea/github/stats4biology/_site/nonLinearRegression/site_libs/bootstrap-3.3.5/shim/respond.min.js' (4,463) (User Action)
2026-08-11 16:21:17: Copy Over '/Users/andrea/Documents/_DBXAndrea/github/stats4biology_quarto/_site/nonLinearRegression/site_libs/font-awesome-5.0.13/css/fa-svg-with-js.css' -> '/Users/andrea/Documents/_DBXAndrea/github/stats4biology/_site/nonLinearRegression/site_libs/font-awesome-5.0.13/css/fa-svg-with-js.css' (7,408) (User Action)
2026-08-11 16:21:17: Copy Over '/Users/andrea/Documents/_DBXAndrea/github/stats4biology_quarto/_site/nonLinearRegression/site_libs/font-awesome-5.0.13/fonts/fa-brands-400.ttf' -> '/Users/andrea/Documents/_DBXAndrea/github/stats4biology/_site/nonLinearRegression/site_libs/font-awesome-5.0.13/fonts/fa-brands-400.ttf' (111,384) (User Action)
2026-08-11 16:21:17: Copy Over '/Users/andrea/Documents/_DBXAndrea/github/stats4biology_quarto/_site/nonLinearRegression/site_libs/font-awesome-5.0.13/fonts/fa-regular-400.ttf' -> '/Users/andrea/Documents/_DBXAndrea/github/stats4biology/_site/nonLinearRegression/site_libs/font-awesome-5.0.13/fonts/fa-regular-400.ttf' (31,044) (User Action)
2026-08-11 16:21:17: Copy Over '/Users/andrea/Documents/_DBXAndrea/github/stats4biology_quarto/_site/nonLinearRegression/site_libs/font-awesome-5.0.13/fonts/fa-solid-900.ttf' -> '/Users/andrea/Documents/_DBXAndrea/github/stats4biology/_site/nonLinearRegression/site_libs/font-awesome-5.0.13/fonts/fa-solid-900.ttf' (132,920) (User Action)
2026-08-11 16:21:17: Copy Over '/Users/andrea/Documents/_DBXAndrea/github/stats4biology_quarto/_site/nonLinearRegression/site_libs/font-awesome-5.0.13/js/fa-v4-shims.min.js' -> '/Users/andrea/Documents/_DBXAndrea/github/stats4biology/_site/nonLinearRegression/site_libs/font-awesome-5.0.13/js/fa-v4-shims.min.js' (15,206) (User Action)
2026-08-11 16:21:17: Copy Over '/Users/andrea/Documents/_DBXAndrea/github/stats4biology_quarto/_site/nonLinearRegression/site_libs/font-awesome-5.0.13/js/fontawesome-all.min.js' -> '/Users/andrea/Documents/_DBXAndrea/github/stats4biology/_site/nonLinearRegression/site_libs/font-awesome-5.0.13/js/fontawesome-all.min.js' (799,550) (User Action)
2026-08-11 16:21:17: Copy Over '/Users/andrea/Documents/_DBXAndrea/github/stats4biology_quarto/_site/nonLinearRegression/site_libs/highlightjs-9.12.0/default.css' -> '/Users/andrea/Documents/_DBXAndrea/github/stats4biology/_site/nonLinearRegression/site_libs/highlightjs-9.12.0/default.css' (213) (User Action)
2026-08-11 16:21:17: Copy Over '/Users/andrea/Documents/_DBXAndrea/github/stats4biology_quarto/_site/nonLinearRegression/site_libs/highlightjs-9.12.0/highlight.js' -> '/Users/andrea/Documents/_DBXAndrea/github/stats4biology/_site/nonLinearRegression/site_libs/highlightjs-9.12.0/highlight.js' (51,225) (User Action)
2026-08-11 16:21:17: Copy Over '/Users/andrea/Documents/_DBXAndrea/github/stats4biology_quarto/_site/nonLinearRegression/site_libs/highlightjs-9.12.0/textmate.css' -> '/Users/andrea/Documents/_DBXAndrea/github/stats4biology/_site/nonLinearRegression/site_libs/highlightjs-9.12.0/textmate.css' (222) (User Action)
2026-08-11 16:21:17: Copy Over '/Users/andrea/Documents/_DBXAndrea/github/stats4biology_quarto/_site/nonLinearRegression/site_libs/jquery-1.11.3/jquery.min.js' -> '/Users/andrea/Documents/_DBXAndrea/github/stats4biology/_site/nonLinearRegression/site_libs/jquery-1.11.3/jquery.min.js' (95,957) (User Action)
2026-08-11 16:21:17: Copy Over '/Users/andrea/Documents/_DBXAndrea/github/stats4biology_quarto/_site/nonLinearRegression/site_libs/jqueryui-1.11.4/images/ui-icons_444444_256x240.png' -> '/Users/andrea/Documents/_DBXAndrea/github/stats4biology/_site/nonLinearRegression/site_libs/jqueryui-1.11.4/images/ui-icons_444444_256x240.png' (6,992) (User Action)
2026-08-11 16:21:17: Copy Over '/Users/andrea/Documents/_DBXAndrea/github/stats4biology_quarto/_site/nonLinearRegression/site_libs/jqueryui-1.11.4/images/ui-icons_555555_256x240.png' -> '/Users/andrea/Documents/_DBXAndrea/github/stats4biology/_site/nonLinearRegression/site_libs/jqueryui-1.11.4/images/ui-icons_555555_256x240.png' (6,988) (User Action)
2026-08-11 16:21:17: Copy Over '/Users/andrea/Documents/_DBXAndrea/github/stats4biology_quarto/_site/nonLinearRegression/site_libs/jqueryui-1.11.4/images/ui-icons_777620_256x240.png' -> '/Users/andrea/Documents/_DBXAndrea/github/stats4biology/_site/nonLinearRegression/site_libs/jqueryui-1.11.4/images/ui-icons_777620_256x240.png' (4,549) (User Action)
2026-08-11 16:21:17: Copy Over '/Users/andrea/Documents/_DBXAndrea/github/stats4biology_quarto/_site/nonLinearRegression/site_libs/jqueryui-1.11.4/images/ui-icons_777777_256x240.png' -> '/Users/andrea/Documents/_DBXAndrea/github/stats4biology/_site/nonLinearRegression/site_libs/jqueryui-1.11.4/images/ui-icons_777777_256x240.png' (6,999) (User Action)
2026-08-11 16:21:17: Copy Over '/Users/andrea/Documents/_DBXAndrea/github/stats4biology_quarto/_site/nonLinearRegression/site_libs/jqueryui-1.11.4/images/ui-icons_cc0000_256x240.png' -> '/Users/andrea/Documents/_DBXAndrea/github/stats4biology/_site/nonLinearRegression/site_libs/jqueryui-1.11.4/images/ui-icons_cc0000_256x240.png' (4,549) (User Action)
2026-08-11 16:21:17: Copy Over '/Users/andrea/Documents/_DBXAndrea/github/stats4biology_quarto/_site/nonLinearRegression/site_libs/jqueryui-1.11.4/images/ui-icons_ffffff_256x240.png' -> '/Users/andrea/Documents/_DBXAndrea/github/stats4biology/_site/nonLinearRegression/site_libs/jqueryui-1.11.4/images/ui-icons_ffffff_256x240.png' (6,299) (User Action)
2026-08-11 16:21:17: Copy Over '/Users/andrea/Documents/_DBXAndrea/github/stats4biology_quarto/_site/nonLinearRegression/site_libs/jqueryui-1.11.4/index.html' -> '/Users/andrea/Documents/_DBXAndrea/github/stats4biology/_site/nonLinearRegression/site_libs/jqueryui-1.11.4/index.html' (31,572) (User Action)
2026-08-11 16:21:17: Copy Over '/Users/andrea/Documents/_DBXAndrea/github/stats4biology_quarto/_site/nonLinearRegression/site_libs/jqueryui-1.11.4/jquery-ui.css' -> '/Users/andrea/Documents/_DBXAndrea/github/stats4biology/_site/nonLinearRegression/site_libs/jqueryui-1.11.4/jquery-ui.css' (31,045) (User Action)
2026-08-11 16:21:17: Copy Over '/Users/andrea/Documents/_DBXAndrea/github/stats4biology_quarto/_site/nonLinearRegression/site_libs/jqueryui-1.11.4/jquery-ui.js' -> '/Users/andrea/Documents/_DBXAndrea/github/stats4biology/_site/nonLinearRegression/site_libs/jqueryui-1.11.4/jquery-ui.js' (392,842) (User Action)
2026-08-11 16:21:17: Copy Over '/Users/andrea/Documents/_DBXAndrea/github/stats4biology_quarto/_site/nonLinearRegression/site_libs/jqueryui-1.11.4/jquery-ui.min.css' -> '/Users/andrea/Documents/_DBXAndrea/github/stats4biology/_site/nonLinearRegression/site_libs/jqueryui-1.11.4/jquery-ui.min.css' (26,302) (User Action)
2026-08-11 16:21:17: Copy Over '/Users/andrea/Documents/_DBXAndrea/github/stats4biology_quarto/_site/nonLinearRegression/site_libs/jqueryui-1.11.4/jquery-ui.min.js' -> '/Users/andrea/Documents/_DBXAndrea/github/stats4biology/_site/nonLinearRegression/site_libs/jqueryui-1.11.4/jquery-ui.min.js' (204,224) (User Action)
2026-08-11 16:21:17: Copy Over '/Users/andrea/Documents/_DBXAndrea/github/stats4biology_quarto/_site/nonLinearRegression/site_libs/jqueryui-1.11.4/jquery-ui.structure.css' -> '/Users/andrea/Documents/_DBXAndrea/github/stats4biology/_site/nonLinearRegression/site_libs/jqueryui-1.11.4/jquery-ui.structure.css' (14,618) (User Action)
2026-08-11 16:21:17: Copy Over '/Users/andrea/Documents/_DBXAndrea/github/stats4biology_quarto/_site/nonLinearRegression/site_libs/jqueryui-1.11.4/jquery-ui.structure.min.css' -> '/Users/andrea/Documents/_DBXAndrea/github/stats4biology/_site/nonLinearRegression/site_libs/jqueryui-1.11.4/jquery-ui.structure.min.css' (11,809) (User Action)
2026-08-11 16:21:17: Copy Over '/Users/andrea/Documents/_DBXAndrea/github/stats4biology_quarto/_site/nonLinearRegression/site_libs/jqueryui-1.11.4/jquery-ui.theme.css' -> '/Users/andrea/Documents/_DBXAndrea/github/stats4biology/_site/nonLinearRegression/site_libs/jqueryui-1.11.4/jquery-ui.theme.css' (16,531) (User Action)
2026-08-11 16:21:17: Copy Over '/Users/andrea/Documents/_DBXAndrea/github/stats4biology_quarto/_site/nonLinearRegression/site_libs/jqueryui-1.11.4/jquery-ui.theme.min.css' -> '/Users/andrea/Documents/_DBXAndrea/github/stats4biology/_site/nonLinearRegression/site_libs/jqueryui-1.11.4/jquery-ui.theme.min.css' (13,217) (User Action)
2026-08-11 16:21:17: Copy Over '/Users/andrea/Documents/_DBXAndrea/github/stats4biology_quarto/_site/nonLinearRegression/site_libs/jqueryui-1.11.4/README' -> '/Users/andrea/Documents/_DBXAndrea/github/stats4biology/_site/nonLinearRegression/site_libs/jqueryui-1.11.4/README' (408) (User Action)
2026-08-11 16:21:17: Copy Over '/Users/andrea/Documents/_DBXAndrea/github/stats4biology_quarto/_site/nonLinearRegression/site_libs/navigation-1.1/codefolding.js' -> '/Users/andrea/Documents/_DBXAndrea/github/stats4biology/_site/nonLinearRegression/site_libs/navigation-1.1/codefolding.js' (1,753) (User Action)
2026-08-11 16:21:17: Copy Over '/Users/andrea/Documents/_DBXAndrea/github/stats4biology_quarto/_site/nonLinearRegression/site_libs/navigation-1.1/sourceembed.js' -> '/Users/andrea/Documents/_DBXAndrea/github/stats4biology/_site/nonLinearRegression/site_libs/navigation-1.1/sourceembed.js' (357) (User Action)
2026-08-11 16:21:17: Copy Over '/Users/andrea/Documents/_DBXAndrea/github/stats4biology_quarto/_site/nonLinearRegression/site_libs/navigation-1.1/tabsets.js' -> '/Users/andrea/Documents/_DBXAndrea/github/stats4biology/_site/nonLinearRegression/site_libs/navigation-1.1/tabsets.js' (4,299) (User Action)
2026-08-11 16:21:17: Copy Over '/Users/andrea/Documents/_DBXAndrea/github/stats4biology_quarto/_site/nonLinearRegression/site_libs/tocify-1.9.1/jquery.tocify.css' -> '/Users/andrea/Documents/_DBXAndrea/github/stats4biology/_site/nonLinearRegression/site_libs/tocify-1.9.1/jquery.tocify.css' (1,927) (User Action)
2026-08-11 16:21:17: Copy Over '/Users/andrea/Documents/_DBXAndrea/github/stats4biology_quarto/_site/nonLinearRegression/site_libs/tocify-1.9.1/jquery.tocify.js' -> '/Users/andrea/Documents/_DBXAndrea/github/stats4biology/_site/nonLinearRegression/site_libs/tocify-1.9.1/jquery.tocify.js' (31,740) (User Action)
2026-08-11 16:21:17: Copy Over '/Users/andrea/Documents/_DBXAndrea/github/stats4biology_quarto/_site/nonLinearRegression/usefulEquations.html' -> '/Users/andrea/Documents/_DBXAndrea/github/stats4biology/_site/nonLinearRegression/usefulEquations.html' (48,540) (User Action)
2026-08-11 16:21:17: Copy Over '/Users/andrea/Documents/_DBXAndrea/github/stats4biology_quarto/_site/nonLinearRegression/usefulEquations_files/figure-html/unnamed-chunk-10-1.png' -> '/Users/andrea/Documents/_DBXAndrea/github/stats4biology/_site/nonLinearRegression/usefulEquations_files/figure-html/unnamed-chunk-10-1.png' (60,508) (User Action)
2026-08-11 16:21:17: Copy Over '/Users/andrea/Documents/_DBXAndrea/github/stats4biology_quarto/_site/nonLinearRegression/usefulEquations_files/figure-html/unnamed-chunk-11-1.png' -> '/Users/andrea/Documents/_DBXAndrea/github/stats4biology/_site/nonLinearRegression/usefulEquations_files/figure-html/unnamed-chunk-11-1.png' (61,923) (User Action)
2026-08-11 16:21:17: Copy Over '/Users/andrea/Documents/_DBXAndrea/github/stats4biology_quarto/_site/nonLinearRegression/usefulEquations_files/figure-html/unnamed-chunk-12-1.png' -> '/Users/andrea/Documents/_DBXAndrea/github/stats4biology/_site/nonLinearRegression/usefulEquations_files/figure-html/unnamed-chunk-12-1.png' (71,954) (User Action)
2026-08-11 16:21:17: Copy Over '/Users/andrea/Documents/_DBXAndrea/github/stats4biology_quarto/_site/nonLinearRegression/usefulEquations_files/figure-html/unnamed-chunk-12-2.png' -> '/Users/andrea/Documents/_DBXAndrea/github/stats4biology/_site/nonLinearRegression/usefulEquations_files/figure-html/unnamed-chunk-12-2.png' (69,480) (User Action)
2026-08-11 16:21:17: Copy Over '/Users/andrea/Documents/_DBXAndrea/github/stats4biology_quarto/_site/nonLinearRegression/usefulEquations_files/figure-html/unnamed-chunk-14-1.png' -> '/Users/andrea/Documents/_DBXAndrea/github/stats4biology/_site/nonLinearRegression/usefulEquations_files/figure-html/unnamed-chunk-14-1.png' (62,416) (User Action)
2026-08-11 16:21:17: Copy Over '/Users/andrea/Documents/_DBXAndrea/github/stats4biology_quarto/_site/nonLinearRegression/usefulEquations_files/figure-html/unnamed-chunk-15-1.png' -> '/Users/andrea/Documents/_DBXAndrea/github/stats4biology/_site/nonLinearRegression/usefulEquations_files/figure-html/unnamed-chunk-15-1.png' (69,438) (User Action)
2026-08-11 16:21:17: Copy Over '/Users/andrea/Documents/_DBXAndrea/github/stats4biology_quarto/_site/nonLinearRegression/usefulEquations_files/figure-html/unnamed-chunk-16-1.png' -> '/Users/andrea/Documents/_DBXAndrea/github/stats4biology/_site/nonLinearRegression/usefulEquations_files/figure-html/unnamed-chunk-16-1.png' (71,573) (User Action)
2026-08-11 16:21:17: Copy Over '/Users/andrea/Documents/_DBXAndrea/github/stats4biology_quarto/_site/nonLinearRegression/usefulEquations_files/figure-html/unnamed-chunk-17-1.png' -> '/Users/andrea/Documents/_DBXAndrea/github/stats4biology/_site/nonLinearRegression/usefulEquations_files/figure-html/unnamed-chunk-17-1.png' (62,349) (User Action)
2026-08-11 16:21:17: Copy Over '/Users/andrea/Documents/_DBXAndrea/github/stats4biology_quarto/_site/nonLinearRegression/usefulEquations_files/figure-html/unnamed-chunk-18-1.png' -> '/Users/andrea/Documents/_DBXAndrea/github/stats4biology/_site/nonLinearRegression/usefulEquations_files/figure-html/unnamed-chunk-18-1.png' (92,493) (User Action)
2026-08-11 16:21:17: Copy Over '/Users/andrea/Documents/_DBXAndrea/github/stats4biology_quarto/_site/nonLinearRegression/usefulEquations_files/figure-html/unnamed-chunk-19-1.png' -> '/Users/andrea/Documents/_DBXAndrea/github/stats4biology/_site/nonLinearRegression/usefulEquations_files/figure-html/unnamed-chunk-19-1.png' (65,103) (User Action)
2026-08-11 16:21:17: Copy Over '/Users/andrea/Documents/_DBXAndrea/github/stats4biology_quarto/_site/nonLinearRegression/usefulEquations_files/figure-html/unnamed-chunk-20-1.png' -> '/Users/andrea/Documents/_DBXAndrea/github/stats4biology/_site/nonLinearRegression/usefulEquations_files/figure-html/unnamed-chunk-20-1.png' (83,919) (User Action)
2026-08-11 16:21:17: Copy Over '/Users/andrea/Documents/_DBXAndrea/github/stats4biology_quarto/_site/nonLinearRegression/usefulEquations_files/figure-html/unnamed-chunk-4-1.png' -> '/Users/andrea/Documents/_DBXAndrea/github/stats4biology/_site/nonLinearRegression/usefulEquations_files/figure-html/unnamed-chunk-4-1.png' (63,788) (User Action)
2026-08-11 16:21:17: Copy Over '/Users/andrea/Documents/_DBXAndrea/github/stats4biology_quarto/_site/nonLinearRegression/usefulEquations_files/figure-html/unnamed-chunk-5-1.png' -> '/Users/andrea/Documents/_DBXAndrea/github/stats4biology/_site/nonLinearRegression/usefulEquations_files/figure-html/unnamed-chunk-5-1.png' (77,211) (User Action)
2026-08-11 16:21:17: Copy Over '/Users/andrea/Documents/_DBXAndrea/github/stats4biology_quarto/_site/nonLinearRegression/usefulEquations_files/figure-html/unnamed-chunk-7-1.png' -> '/Users/andrea/Documents/_DBXAndrea/github/stats4biology/_site/nonLinearRegression/usefulEquations_files/figure-html/unnamed-chunk-7-1.png' (65,809) (User Action)
2026-08-11 16:21:17: Copy Over '/Users/andrea/Documents/_DBXAndrea/github/stats4biology_quarto/_site/nonLinearRegression/usefulEquations_files/figure-html/unnamed-chunk-9-1.png' -> '/Users/andrea/Documents/_DBXAndrea/github/stats4biology/_site/nonLinearRegression/usefulEquations_files/figure-html/unnamed-chunk-9-1.png' (73,925) (User Action)
2026-08-11 16:21:17: Copy Over '/Users/andrea/Documents/_DBXAndrea/github/stats4biology_quarto/_site/nonLinearRegression/UsefulEquations_slides.pdf' -> '/Users/andrea/Documents/_DBXAndrea/github/stats4biology/_site/nonLinearRegression/UsefulEquations_slides.pdf' (182,873) (User Action)
2026-08-11 16:21:17: Copy Over '/Users/andrea/Documents/_DBXAndrea/github/stats4biology_quarto/_site/nonLinearRegression/weed-research.csl' -> '/Users/andrea/Documents/_DBXAndrea/github/stats4biology/_site/nonLinearRegression/weed-research.csl' (7,017) (User Action)
2026-08-11 16:21:17: Copy Over '/Users/andrea/Documents/_DBXAndrea/github/stats4biology_quarto/_site/PCA/fig_innerProduct.png' -> '/Users/andrea/Documents/_DBXAndrea/github/stats4biology/_site/PCA/fig_innerProduct.png' (41,943) (User Action)
2026-08-11 16:21:17: Copy Over '/Users/andrea/Documents/_DBXAndrea/github/stats4biology_quarto/_site/PCA/fig_Rotation.png' -> '/Users/andrea/Documents/_DBXAndrea/github/stats4biology/_site/PCA/fig_Rotation.png' (22,541) (User Action)
2026-08-11 16:21:17: Copy Over '/Users/andrea/Documents/_DBXAndrea/github/stats4biology_quarto/_site/PCA/Index.html' -> '/Users/andrea/Documents/_DBXAndrea/github/stats4biology/_site/PCA/Index.html' (50,863) (User Action)
2026-08-11 16:21:17: Copy Over '/Users/andrea/Documents/_DBXAndrea/github/stats4biology_quarto/_site/PCA/Index_files/figure-html/figR_biplot1-1.png' -> '/Users/andrea/Documents/_DBXAndrea/github/stats4biology/_site/PCA/Index_files/figure-html/figR_biplot1-1.png' (97,981) (User Action)
2026-08-11 16:21:17: Copy Over '/Users/andrea/Documents/_DBXAndrea/github/stats4biology_quarto/_site/PCA/Index_files/figure-html/figR_Biplot2-1.png' -> '/Users/andrea/Documents/_DBXAndrea/github/stats4biology/_site/PCA/Index_files/figure-html/figR_Biplot2-1.png' (97,466) (User Action)
2026-08-11 16:21:17: Copy Over '/Users/andrea/Documents/_DBXAndrea/github/stats4biology_quarto/_site/PCA/Index_files/figure-html/figR_Biplot3-1.png' -> '/Users/andrea/Documents/_DBXAndrea/github/stats4biology/_site/PCA/Index_files/figure-html/figR_Biplot3-1.png' (97,943) (User Action)
2026-08-11 16:21:17: Copy Over '/Users/andrea/Documents/_DBXAndrea/github/stats4biology_quarto/_site/PCA/Index_files/figure-html/figR_rotated-1.png' -> '/Users/andrea/Documents/_DBXAndrea/github/stats4biology/_site/PCA/Index_files/figure-html/figR_rotated-1.png' (44,330) (User Action)
2026-08-11 16:21:17: Copy Over '/Users/andrea/Documents/_DBXAndrea/github/stats4biology_quarto/_site/PCA/site_libs/bootstrap-3.3.5/css/bootstrap-theme.css' -> '/Users/andrea/Documents/_DBXAndrea/github/stats4biology/_site/PCA/site_libs/bootstrap-3.3.5/css/bootstrap-theme.css' (26,132) (User Action)
2026-08-11 16:21:17: Copy Over '/Users/andrea/Documents/_DBXAndrea/github/stats4biology_quarto/_site/PCA/site_libs/bootstrap-3.3.5/css/bootstrap-theme.css.map' -> '/Users/andrea/Documents/_DBXAndrea/github/stats4biology/_site/PCA/site_libs/bootstrap-3.3.5/css/bootstrap-theme.css.map' (47,721) (User Action)
2026-08-11 16:21:17: Copy Over '/Users/andrea/Documents/_DBXAndrea/github/stats4biology_quarto/_site/PCA/site_libs/bootstrap-3.3.5/css/bootstrap-theme.min.css' -> '/Users/andrea/Documents/_DBXAndrea/github/stats4biology/_site/PCA/site_libs/bootstrap-3.3.5/css/bootstrap-theme.min.css' (23,357) (User Action)
2026-08-11 16:21:17: Copy Over '/Users/andrea/Documents/_DBXAndrea/github/stats4biology_quarto/_site/PCA/site_libs/bootstrap-3.3.5/css/bootstrap.css' -> '/Users/andrea/Documents/_DBXAndrea/github/stats4biology/_site/PCA/site_libs/bootstrap-3.3.5/css/bootstrap.css' (147,302) (User Action)
2026-08-11 16:21:17: Copy Over '/Users/andrea/Documents/_DBXAndrea/github/stats4biology_quarto/_site/PCA/site_libs/bootstrap-3.3.5/css/bootstrap.css.map' -> '/Users/andrea/Documents/_DBXAndrea/github/stats4biology/_site/PCA/site_libs/bootstrap-3.3.5/css/bootstrap.css.map' (390,377) (User Action)
2026-08-11 16:21:17: Copy Over '/Users/andrea/Documents/_DBXAndrea/github/stats4biology_quarto/_site/PCA/site_libs/bootstrap-3.3.5/css/bootstrap.min.css' -> '/Users/andrea/Documents/_DBXAndrea/github/stats4biology/_site/PCA/site_libs/bootstrap-3.3.5/css/bootstrap.min.css' (122,425) (User Action)
2026-08-11 16:21:17: Copy Over '/Users/andrea/Documents/_DBXAndrea/github/stats4biology_quarto/_site/PCA/site_libs/bootstrap-3.3.5/css/cerulean.min.css' -> '/Users/andrea/Documents/_DBXAndrea/github/stats4biology/_site/PCA/site_libs/bootstrap-3.3.5/css/cerulean.min.css' (128,200) (User Action)
2026-08-11 16:21:17: Copy Over '/Users/andrea/Documents/_DBXAndrea/github/stats4biology_quarto/_site/PCA/site_libs/bootstrap-3.3.5/css/cosmo.min.css' -> '/Users/andrea/Documents/_DBXAndrea/github/stats4biology/_site/PCA/site_libs/bootstrap-3.3.5/css/cosmo.min.css' (125,929) (User Action)
2026-08-11 16:21:17: Copy Over '/Users/andrea/Documents/_DBXAndrea/github/stats4biology_quarto/_site/PCA/site_libs/bootstrap-3.3.5/css/flatly.min.css' -> '/Users/andrea/Documents/_DBXAndrea/github/stats4biology/_site/PCA/site_libs/bootstrap-3.3.5/css/flatly.min.css' (127,578) (User Action)
2026-08-11 16:21:17: Copy Over '/Users/andrea/Documents/_DBXAndrea/github/stats4biology_quarto/_site/PCA/site_libs/bootstrap-3.3.5/css/fonts/Lato.ttf' -> '/Users/andrea/Documents/_DBXAndrea/github/stats4biology/_site/PCA/site_libs/bootstrap-3.3.5/css/fonts/Lato.ttf' (81,980) (User Action)
2026-08-11 16:21:17: Copy Over '/Users/andrea/Documents/_DBXAndrea/github/stats4biology_quarto/_site/PCA/site_libs/bootstrap-3.3.5/css/fonts/LatoBold.ttf' -> '/Users/andrea/Documents/_DBXAndrea/github/stats4biology/_site/PCA/site_libs/bootstrap-3.3.5/css/fonts/LatoBold.ttf' (82,368) (User Action)
2026-08-11 16:21:17: Copy Over '/Users/andrea/Documents/_DBXAndrea/github/stats4biology_quarto/_site/PCA/site_libs/bootstrap-3.3.5/css/fonts/LatoItalic.ttf' -> '/Users/andrea/Documents/_DBXAndrea/github/stats4biology/_site/PCA/site_libs/bootstrap-3.3.5/css/fonts/LatoItalic.ttf' (81,332) (User Action)
2026-08-11 16:21:17: Copy Over '/Users/andrea/Documents/_DBXAndrea/github/stats4biology_quarto/_site/PCA/site_libs/bootstrap-3.3.5/css/fonts/NewsCycle.ttf' -> '/Users/andrea/Documents/_DBXAndrea/github/stats4biology/_site/PCA/site_libs/bootstrap-3.3.5/css/fonts/NewsCycle.ttf' (28,716) (User Action)
2026-08-11 16:21:17: Copy Over '/Users/andrea/Documents/_DBXAndrea/github/stats4biology_quarto/_site/PCA/site_libs/bootstrap-3.3.5/css/fonts/NewsCycleBold.ttf' -> '/Users/andrea/Documents/_DBXAndrea/github/stats4biology/_site/PCA/site_libs/bootstrap-3.3.5/css/fonts/NewsCycleBold.ttf' (28,724) (User Action)
2026-08-11 16:21:17: Copy Over '/Users/andrea/Documents/_DBXAndrea/github/stats4biology_quarto/_site/PCA/site_libs/bootstrap-3.3.5/css/fonts/OpenSans.ttf' -> '/Users/andrea/Documents/_DBXAndrea/github/stats4biology/_site/PCA/site_libs/bootstrap-3.3.5/css/fonts/OpenSans.ttf' (34,112) (User Action)
2026-08-11 16:21:17: Copy Over '/Users/andrea/Documents/_DBXAndrea/github/stats4biology_quarto/_site/PCA/site_libs/bootstrap-3.3.5/css/fonts/OpenSansBold.ttf' -> '/Users/andrea/Documents/_DBXAndrea/github/stats4biology/_site/PCA/site_libs/bootstrap-3.3.5/css/fonts/OpenSansBold.ttf' (35,760) (User Action)
2026-08-11 16:21:17: Copy Over '/Users/andrea/Documents/_DBXAndrea/github/stats4biology_quarto/_site/PCA/site_libs/bootstrap-3.3.5/css/fonts/OpenSansBoldItalic.ttf' -> '/Users/andrea/Documents/_DBXAndrea/github/stats4biology/_site/PCA/site_libs/bootstrap-3.3.5/css/fonts/OpenSansBoldItalic.ttf' (33,064) (User Action)
2026-08-11 16:21:17: Copy Over '/Users/andrea/Documents/_DBXAndrea/github/stats4biology_quarto/_site/PCA/site_libs/bootstrap-3.3.5/css/fonts/OpenSansItalic.ttf' -> '/Users/andrea/Documents/_DBXAndrea/github/stats4biology/_site/PCA/site_libs/bootstrap-3.3.5/css/fonts/OpenSansItalic.ttf' (32,808) (User Action)
2026-08-11 16:21:17: Copy Over '/Users/andrea/Documents/_DBXAndrea/github/stats4biology_quarto/_site/PCA/site_libs/bootstrap-3.3.5/css/fonts/OpenSansLight.ttf' -> '/Users/andrea/Documents/_DBXAndrea/github/stats4biology/_site/PCA/site_libs/bootstrap-3.3.5/css/fonts/OpenSansLight.ttf' (35,340) (User Action)
2026-08-11 16:21:17: Copy Over '/Users/andrea/Documents/_DBXAndrea/github/stats4biology_quarto/_site/PCA/site_libs/bootstrap-3.3.5/css/fonts/OpenSansLightItalic.ttf' -> '/Users/andrea/Documents/_DBXAndrea/github/stats4biology/_site/PCA/site_libs/bootstrap-3.3.5/css/fonts/OpenSansLightItalic.ttf' (32,680) (User Action)
2026-08-11 16:21:17: Copy Over '/Users/andrea/Documents/_DBXAndrea/github/stats4biology_quarto/_site/PCA/site_libs/bootstrap-3.3.5/css/fonts/Raleway.ttf' -> '/Users/andrea/Documents/_DBXAndrea/github/stats4biology/_site/PCA/site_libs/bootstrap-3.3.5/css/fonts/Raleway.ttf' (63,796) (User Action)
2026-08-11 16:21:17: Copy Over '/Users/andrea/Documents/_DBXAndrea/github/stats4biology_quarto/_site/PCA/site_libs/bootstrap-3.3.5/css/fonts/RalewayBold.ttf' -> '/Users/andrea/Documents/_DBXAndrea/github/stats4biology/_site/PCA/site_libs/bootstrap-3.3.5/css/fonts/RalewayBold.ttf' (62,224) (User Action)
2026-08-11 16:21:17: Copy Over '/Users/andrea/Documents/_DBXAndrea/github/stats4biology_quarto/_site/PCA/site_libs/bootstrap-3.3.5/css/fonts/Roboto.ttf' -> '/Users/andrea/Documents/_DBXAndrea/github/stats4biology/_site/PCA/site_libs/bootstrap-3.3.5/css/fonts/Roboto.ttf' (32,652) (User Action)
2026-08-11 16:21:17: Copy Over '/Users/andrea/Documents/_DBXAndrea/github/stats4biology_quarto/_site/PCA/site_libs/bootstrap-3.3.5/css/fonts/RobotoBold.ttf' -> '/Users/andrea/Documents/_DBXAndrea/github/stats4biology/_site/PCA/site_libs/bootstrap-3.3.5/css/fonts/RobotoBold.ttf' (32,500) (User Action)
2026-08-11 16:21:17: Copy Over '/Users/andrea/Documents/_DBXAndrea/github/stats4biology_quarto/_site/PCA/site_libs/bootstrap-3.3.5/css/fonts/RobotoLight.ttf' -> '/Users/andrea/Documents/_DBXAndrea/github/stats4biology/_site/PCA/site_libs/bootstrap-3.3.5/css/fonts/RobotoLight.ttf' (32,664) (User Action)
2026-08-11 16:21:17: Copy Over '/Users/andrea/Documents/_DBXAndrea/github/stats4biology_quarto/_site/PCA/site_libs/bootstrap-3.3.5/css/fonts/RobotoMedium.ttf' -> '/Users/andrea/Documents/_DBXAndrea/github/stats4biology/_site/PCA/site_libs/bootstrap-3.3.5/css/fonts/RobotoMedium.ttf' (32,580) (User Action)
2026-08-11 16:21:17: Copy Over '/Users/andrea/Documents/_DBXAndrea/github/stats4biology_quarto/_site/PCA/site_libs/bootstrap-3.3.5/css/fonts/SourceSansPro.ttf' -> '/Users/andrea/Documents/_DBXAndrea/github/stats4biology/_site/PCA/site_libs/bootstrap-3.3.5/css/fonts/SourceSansPro.ttf' (35,064) (User Action)
2026-08-11 16:21:17: Copy Over '/Users/andrea/Documents/_DBXAndrea/github/stats4biology_quarto/_site/PCA/site_libs/bootstrap-3.3.5/css/fonts/SourceSansProBold.ttf' -> '/Users/andrea/Documents/_DBXAndrea/github/stats4biology/_site/PCA/site_libs/bootstrap-3.3.5/css/fonts/SourceSansProBold.ttf' (34,908) (User Action)
2026-08-11 16:21:17: Copy Over '/Users/andrea/Documents/_DBXAndrea/github/stats4biology_quarto/_site/PCA/site_libs/bootstrap-3.3.5/css/fonts/SourceSansProItalic.ttf' -> '/Users/andrea/Documents/_DBXAndrea/github/stats4biology/_site/PCA/site_libs/bootstrap-3.3.5/css/fonts/SourceSansProItalic.ttf' (33,864) (User Action)
2026-08-11 16:21:17: Copy Over '/Users/andrea/Documents/_DBXAndrea/github/stats4biology_quarto/_site/PCA/site_libs/bootstrap-3.3.5/css/fonts/SourceSansProLight.ttf' -> '/Users/andrea/Documents/_DBXAndrea/github/stats4biology/_site/PCA/site_libs/bootstrap-3.3.5/css/fonts/SourceSansProLight.ttf' (35,368) (User Action)
2026-08-11 16:21:17: Copy Over '/Users/andrea/Documents/_DBXAndrea/github/stats4biology_quarto/_site/PCA/site_libs/bootstrap-3.3.5/css/fonts/Ubuntu.ttf' -> '/Users/andrea/Documents/_DBXAndrea/github/stats4biology/_site/PCA/site_libs/bootstrap-3.3.5/css/fonts/Ubuntu.ttf' (73,608) (User Action)
2026-08-11 16:21:17: Copy Over '/Users/andrea/Documents/_DBXAndrea/github/stats4biology_quarto/_site/PCA/site_libs/bootstrap-3.3.5/css/journal.min.css' -> '/Users/andrea/Documents/_DBXAndrea/github/stats4biology/_site/PCA/site_libs/bootstrap-3.3.5/css/journal.min.css' (124,651) (User Action)
2026-08-11 16:21:17: Copy Over '/Users/andrea/Documents/_DBXAndrea/github/stats4biology_quarto/_site/PCA/site_libs/bootstrap-3.3.5/css/lumen.min.css' -> '/Users/andrea/Documents/_DBXAndrea/github/stats4biology/_site/PCA/site_libs/bootstrap-3.3.5/css/lumen.min.css' (131,260) (User Action)
2026-08-11 16:21:17: Copy Over '/Users/andrea/Documents/_DBXAndrea/github/stats4biology_quarto/_site/PCA/site_libs/bootstrap-3.3.5/css/paper.min.css' -> '/Users/andrea/Documents/_DBXAndrea/github/stats4biology/_site/PCA/site_libs/bootstrap-3.3.5/css/paper.min.css' (141,648) (User Action)
2026-08-11 16:21:17: Copy Over '/Users/andrea/Documents/_DBXAndrea/github/stats4biology_quarto/_site/PCA/site_libs/bootstrap-3.3.5/css/readable.min.css' -> '/Users/andrea/Documents/_DBXAndrea/github/stats4biology/_site/PCA/site_libs/bootstrap-3.3.5/css/readable.min.css' (124,680) (User Action)
2026-08-11 16:21:17: Copy Over '/Users/andrea/Documents/_DBXAndrea/github/stats4biology_quarto/_site/PCA/site_libs/bootstrap-3.3.5/css/sandstone.min.css' -> '/Users/andrea/Documents/_DBXAndrea/github/stats4biology/_site/PCA/site_libs/bootstrap-3.3.5/css/sandstone.min.css' (125,076) (User Action)
2026-08-11 16:21:17: Copy Over '/Users/andrea/Documents/_DBXAndrea/github/stats4biology_quarto/_site/PCA/site_libs/bootstrap-3.3.5/css/simplex.min.css' -> '/Users/andrea/Documents/_DBXAndrea/github/stats4biology/_site/PCA/site_libs/bootstrap-3.3.5/css/simplex.min.css' (127,698) (User Action)
2026-08-11 16:21:17: Copy Over '/Users/andrea/Documents/_DBXAndrea/github/stats4biology_quarto/_site/PCA/site_libs/bootstrap-3.3.5/css/spacelab.min.css' -> '/Users/andrea/Documents/_DBXAndrea/github/stats4biology/_site/PCA/site_libs/bootstrap-3.3.5/css/spacelab.min.css' (131,641) (User Action)
2026-08-11 16:21:17: Copy Over '/Users/andrea/Documents/_DBXAndrea/github/stats4biology_quarto/_site/PCA/site_libs/bootstrap-3.3.5/css/united.min.css' -> '/Users/andrea/Documents/_DBXAndrea/github/stats4biology/_site/PCA/site_libs/bootstrap-3.3.5/css/united.min.css' (122,856) (User Action)
2026-08-11 16:21:17: Copy Over '/Users/andrea/Documents/_DBXAndrea/github/stats4biology_quarto/_site/PCA/site_libs/bootstrap-3.3.5/css/yeti.min.css' -> '/Users/andrea/Documents/_DBXAndrea/github/stats4biology/_site/PCA/site_libs/bootstrap-3.3.5/css/yeti.min.css' (128,392) (User Action)
2026-08-11 16:21:17: Copy Over '/Users/andrea/Documents/_DBXAndrea/github/stats4biology_quarto/_site/PCA/site_libs/bootstrap-3.3.5/fonts/glyphicons-halflings-regular.eot' -> '/Users/andrea/Documents/_DBXAndrea/github/stats4biology/_site/PCA/site_libs/bootstrap-3.3.5/fonts/glyphicons-halflings-regular.eot' (20,127) (User Action)
2026-08-11 16:21:17: Copy Over '/Users/andrea/Documents/_DBXAndrea/github/stats4biology_quarto/_site/PCA/site_libs/bootstrap-3.3.5/fonts/glyphicons-halflings-regular.svg' -> '/Users/andrea/Documents/_DBXAndrea/github/stats4biology/_site/PCA/site_libs/bootstrap-3.3.5/fonts/glyphicons-halflings-regular.svg' (108,738) (User Action)
2026-08-11 16:21:17: Copy Over '/Users/andrea/Documents/_DBXAndrea/github/stats4biology_quarto/_site/PCA/site_libs/bootstrap-3.3.5/fonts/glyphicons-halflings-regular.ttf' -> '/Users/andrea/Documents/_DBXAndrea/github/stats4biology/_site/PCA/site_libs/bootstrap-3.3.5/fonts/glyphicons-halflings-regular.ttf' (45,404) (User Action)
2026-08-11 16:21:17: Copy Over '/Users/andrea/Documents/_DBXAndrea/github/stats4biology_quarto/_site/PCA/site_libs/bootstrap-3.3.5/fonts/glyphicons-halflings-regular.woff' -> '/Users/andrea/Documents/_DBXAndrea/github/stats4biology/_site/PCA/site_libs/bootstrap-3.3.5/fonts/glyphicons-halflings-regular.woff' (23,424) (User Action)
2026-08-11 16:21:17: Copy Over '/Users/andrea/Documents/_DBXAndrea/github/stats4biology_quarto/_site/PCA/site_libs/bootstrap-3.3.5/fonts/glyphicons-halflings-regular.woff2' -> '/Users/andrea/Documents/_DBXAndrea/github/stats4biology/_site/PCA/site_libs/bootstrap-3.3.5/fonts/glyphicons-halflings-regular.woff2' (18,028) (User Action)
2026-08-11 16:21:17: Copy Over '/Users/andrea/Documents/_DBXAndrea/github/stats4biology_quarto/_site/PCA/site_libs/bootstrap-3.3.5/js/bootstrap.js' -> '/Users/andrea/Documents/_DBXAndrea/github/stats4biology/_site/PCA/site_libs/bootstrap-3.3.5/js/bootstrap.js' (68,890) (User Action)
2026-08-11 16:21:17: Copy Over '/Users/andrea/Documents/_DBXAndrea/github/stats4biology_quarto/_site/PCA/site_libs/bootstrap-3.3.5/js/bootstrap.min.js' -> '/Users/andrea/Documents/_DBXAndrea/github/stats4biology/_site/PCA/site_libs/bootstrap-3.3.5/js/bootstrap.min.js' (36,816) (User Action)
2026-08-11 16:21:17: Copy Over '/Users/andrea/Documents/_DBXAndrea/github/stats4biology_quarto/_site/PCA/site_libs/bootstrap-3.3.5/js/npm.js' -> '/Users/andrea/Documents/_DBXAndrea/github/stats4biology/_site/PCA/site_libs/bootstrap-3.3.5/js/npm.js' (484) (User Action)
2026-08-11 16:21:17: Copy Over '/Users/andrea/Documents/_DBXAndrea/github/stats4biology_quarto/_site/PCA/site_libs/bootstrap-3.3.5/shim/html5shiv.min.js' -> '/Users/andrea/Documents/_DBXAndrea/github/stats4biology/_site/PCA/site_libs/bootstrap-3.3.5/shim/html5shiv.min.js' (2,722) (User Action)
2026-08-11 16:21:17: Copy Over '/Users/andrea/Documents/_DBXAndrea/github/stats4biology_quarto/_site/PCA/site_libs/bootstrap-3.3.5/shim/respond.min.js' -> '/Users/andrea/Documents/_DBXAndrea/github/stats4biology/_site/PCA/site_libs/bootstrap-3.3.5/shim/respond.min.js' (4,463) (User Action)
2026-08-11 16:21:17: Copy Over '/Users/andrea/Documents/_DBXAndrea/github/stats4biology_quarto/_site/PCA/site_libs/font-awesome-5.0.13/css/fa-svg-with-js.css' -> '/Users/andrea/Documents/_DBXAndrea/github/stats4biology/_site/PCA/site_libs/font-awesome-5.0.13/css/fa-svg-with-js.css' (7,408) (User Action)
2026-08-11 16:21:17: Copy Over '/Users/andrea/Documents/_DBXAndrea/github/stats4biology_quarto/_site/PCA/site_libs/font-awesome-5.0.13/fonts/fa-brands-400.ttf' -> '/Users/andrea/Documents/_DBXAndrea/github/stats4biology/_site/PCA/site_libs/font-awesome-5.0.13/fonts/fa-brands-400.ttf' (111,384) (User Action)
2026-08-11 16:21:17: Copy Over '/Users/andrea/Documents/_DBXAndrea/github/stats4biology_quarto/_site/PCA/site_libs/font-awesome-5.0.13/fonts/fa-regular-400.ttf' -> '/Users/andrea/Documents/_DBXAndrea/github/stats4biology/_site/PCA/site_libs/font-awesome-5.0.13/fonts/fa-regular-400.ttf' (31,044) (User Action)
2026-08-11 16:21:17: Copy Over '/Users/andrea/Documents/_DBXAndrea/github/stats4biology_quarto/_site/PCA/site_libs/font-awesome-5.0.13/fonts/fa-solid-900.ttf' -> '/Users/andrea/Documents/_DBXAndrea/github/stats4biology/_site/PCA/site_libs/font-awesome-5.0.13/fonts/fa-solid-900.ttf' (132,920) (User Action)
2026-08-11 16:21:17: Copy Over '/Users/andrea/Documents/_DBXAndrea/github/stats4biology_quarto/_site/PCA/site_libs/font-awesome-5.0.13/js/fa-v4-shims.min.js' -> '/Users/andrea/Documents/_DBXAndrea/github/stats4biology/_site/PCA/site_libs/font-awesome-5.0.13/js/fa-v4-shims.min.js' (15,206) (User Action)
2026-08-11 16:21:17: Copy Over '/Users/andrea/Documents/_DBXAndrea/github/stats4biology_quarto/_site/PCA/site_libs/font-awesome-5.0.13/js/fontawesome-all.min.js' -> '/Users/andrea/Documents/_DBXAndrea/github/stats4biology/_site/PCA/site_libs/font-awesome-5.0.13/js/fontawesome-all.min.js' (799,550) (User Action)
2026-08-11 16:21:17: Copy Over '/Users/andrea/Documents/_DBXAndrea/github/stats4biology_quarto/_site/PCA/site_libs/highlightjs-9.12.0/default.css' -> '/Users/andrea/Documents/_DBXAndrea/github/stats4biology/_site/PCA/site_libs/highlightjs-9.12.0/default.css' (213) (User Action)
2026-08-11 16:21:17: Copy Over '/Users/andrea/Documents/_DBXAndrea/github/stats4biology_quarto/_site/PCA/site_libs/highlightjs-9.12.0/highlight.js' -> '/Users/andrea/Documents/_DBXAndrea/github/stats4biology/_site/PCA/site_libs/highlightjs-9.12.0/highlight.js' (51,225) (User Action)
2026-08-11 16:21:17: Copy Over '/Users/andrea/Documents/_DBXAndrea/github/stats4biology_quarto/_site/PCA/site_libs/highlightjs-9.12.0/textmate.css' -> '/Users/andrea/Documents/_DBXAndrea/github/stats4biology/_site/PCA/site_libs/highlightjs-9.12.0/textmate.css' (222) (User Action)
2026-08-11 16:21:17: Copy Over '/Users/andrea/Documents/_DBXAndrea/github/stats4biology_quarto/_site/PCA/site_libs/jquery-1.11.3/jquery.min.js' -> '/Users/andrea/Documents/_DBXAndrea/github/stats4biology/_site/PCA/site_libs/jquery-1.11.3/jquery.min.js' (95,957) (User Action)
2026-08-11 16:21:17: Copy Over '/Users/andrea/Documents/_DBXAndrea/github/stats4biology_quarto/_site/PCA/site_libs/jqueryui-1.11.4/images/ui-icons_444444_256x240.png' -> '/Users/andrea/Documents/_DBXAndrea/github/stats4biology/_site/PCA/site_libs/jqueryui-1.11.4/images/ui-icons_444444_256x240.png' (6,992) (User Action)
2026-08-11 16:21:17: Copy Over '/Users/andrea/Documents/_DBXAndrea/github/stats4biology_quarto/_site/PCA/site_libs/jqueryui-1.11.4/images/ui-icons_555555_256x240.png' -> '/Users/andrea/Documents/_DBXAndrea/github/stats4biology/_site/PCA/site_libs/jqueryui-1.11.4/images/ui-icons_555555_256x240.png' (6,988) (User Action)
2026-08-11 16:21:17: Copy Over '/Users/andrea/Documents/_DBXAndrea/github/stats4biology_quarto/_site/PCA/site_libs/jqueryui-1.11.4/images/ui-icons_777620_256x240.png' -> '/Users/andrea/Documents/_DBXAndrea/github/stats4biology/_site/PCA/site_libs/jqueryui-1.11.4/images/ui-icons_777620_256x240.png' (4,549) (User Action)
2026-08-11 16:21:17: Copy Over '/Users/andrea/Documents/_DBXAndrea/github/stats4biology_quarto/_site/PCA/site_libs/jqueryui-1.11.4/images/ui-icons_777777_256x240.png' -> '/Users/andrea/Documents/_DBXAndrea/github/stats4biology/_site/PCA/site_libs/jqueryui-1.11.4/images/ui-icons_777777_256x240.png' (6,999) (User Action)
2026-08-11 16:21:17: Copy Over '/Users/andrea/Documents/_DBXAndrea/github/stats4biology_quarto/_site/PCA/site_libs/jqueryui-1.11.4/images/ui-icons_cc0000_256x240.png' -> '/Users/andrea/Documents/_DBXAndrea/github/stats4biology/_site/PCA/site_libs/jqueryui-1.11.4/images/ui-icons_cc0000_256x240.png' (4,549) (User Action)
2026-08-11 16:21:17: Copy Over '/Users/andrea/Documents/_DBXAndrea/github/stats4biology_quarto/_site/PCA/site_libs/jqueryui-1.11.4/images/ui-icons_ffffff_256x240.png' -> '/Users/andrea/Documents/_DBXAndrea/github/stats4biology/_site/PCA/site_libs/jqueryui-1.11.4/images/ui-icons_ffffff_256x240.png' (6,299) (User Action)
2026-08-11 16:21:17: Copy Over '/Users/andrea/Documents/_DBXAndrea/github/stats4biology_quarto/_site/PCA/site_libs/jqueryui-1.11.4/index.html' -> '/Users/andrea/Documents/_DBXAndrea/github/stats4biology/_site/PCA/site_libs/jqueryui-1.11.4/index.html' (31,572) (User Action)
2026-08-11 16:21:17: Copy Over '/Users/andrea/Documents/_DBXAndrea/github/stats4biology_quarto/_site/PCA/site_libs/jqueryui-1.11.4/jquery-ui.css' -> '/Users/andrea/Documents/_DBXAndrea/github/stats4biology/_site/PCA/site_libs/jqueryui-1.11.4/jquery-ui.css' (31,045) (User Action)
2026-08-11 16:21:17: Copy Over '/Users/andrea/Documents/_DBXAndrea/github/stats4biology_quarto/_site/PCA/site_libs/jqueryui-1.11.4/jquery-ui.js' -> '/Users/andrea/Documents/_DBXAndrea/github/stats4biology/_site/PCA/site_libs/jqueryui-1.11.4/jquery-ui.js' (392,842) (User Action)
2026-08-11 16:21:17: Copy Over '/Users/andrea/Documents/_DBXAndrea/github/stats4biology_quarto/_site/PCA/site_libs/jqueryui-1.11.4/jquery-ui.min.css' -> '/Users/andrea/Documents/_DBXAndrea/github/stats4biology/_site/PCA/site_libs/jqueryui-1.11.4/jquery-ui.min.css' (26,302) (User Action)
2026-08-11 16:21:17: Copy Over '/Users/andrea/Documents/_DBXAndrea/github/stats4biology_quarto/_site/PCA/site_libs/jqueryui-1.11.4/jquery-ui.min.js' -> '/Users/andrea/Documents/_DBXAndrea/github/stats4biology/_site/PCA/site_libs/jqueryui-1.11.4/jquery-ui.min.js' (204,224) (User Action)
2026-08-11 16:21:17: Copy Over '/Users/andrea/Documents/_DBXAndrea/github/stats4biology_quarto/_site/PCA/site_libs/jqueryui-1.11.4/jquery-ui.structure.css' -> '/Users/andrea/Documents/_DBXAndrea/github/stats4biology/_site/PCA/site_libs/jqueryui-1.11.4/jquery-ui.structure.css' (14,618) (User Action)
2026-08-11 16:21:17: Copy Over '/Users/andrea/Documents/_DBXAndrea/github/stats4biology_quarto/_site/PCA/site_libs/jqueryui-1.11.4/jquery-ui.structure.min.css' -> '/Users/andrea/Documents/_DBXAndrea/github/stats4biology/_site/PCA/site_libs/jqueryui-1.11.4/jquery-ui.structure.min.css' (11,809) (User Action)
2026-08-11 16:21:17: Copy Over '/Users/andrea/Documents/_DBXAndrea/github/stats4biology_quarto/_site/PCA/site_libs/jqueryui-1.11.4/jquery-ui.theme.css' -> '/Users/andrea/Documents/_DBXAndrea/github/stats4biology/_site/PCA/site_libs/jqueryui-1.11.4/jquery-ui.theme.css' (16,531) (User Action)
2026-08-11 16:21:17: Copy Over '/Users/andrea/Documents/_DBXAndrea/github/stats4biology_quarto/_site/PCA/site_libs/jqueryui-1.11.4/jquery-ui.theme.min.css' -> '/Users/andrea/Documents/_DBXAndrea/github/stats4biology/_site/PCA/site_libs/jqueryui-1.11.4/jquery-ui.theme.min.css' (13,217) (User Action)
2026-08-11 16:21:17: Copy Over '/Users/andrea/Documents/_DBXAndrea/github/stats4biology_quarto/_site/PCA/site_libs/jqueryui-1.11.4/README' -> '/Users/andrea/Documents/_DBXAndrea/github/stats4biology/_site/PCA/site_libs/jqueryui-1.11.4/README' (408) (User Action)
2026-08-11 16:21:17: Copy Over '/Users/andrea/Documents/_DBXAndrea/github/stats4biology_quarto/_site/PCA/site_libs/navigation-1.1/codefolding.js' -> '/Users/andrea/Documents/_DBXAndrea/github/stats4biology/_site/PCA/site_libs/navigation-1.1/codefolding.js' (1,753) (User Action)
2026-08-11 16:21:17: Copy Over '/Users/andrea/Documents/_DBXAndrea/github/stats4biology_quarto/_site/PCA/site_libs/navigation-1.1/sourceembed.js' -> '/Users/andrea/Documents/_DBXAndrea/github/stats4biology/_site/PCA/site_libs/navigation-1.1/sourceembed.js' (357) (User Action)
2026-08-11 16:21:17: Copy Over '/Users/andrea/Documents/_DBXAndrea/github/stats4biology_quarto/_site/PCA/site_libs/navigation-1.1/tabsets.js' -> '/Users/andrea/Documents/_DBXAndrea/github/stats4biology/_site/PCA/site_libs/navigation-1.1/tabsets.js' (4,299) (User Action)
2026-08-11 16:21:17: Copy Over '/Users/andrea/Documents/_DBXAndrea/github/stats4biology_quarto/_site/PCA/site_libs/tocify-1.9.1/jquery.tocify.css' -> '/Users/andrea/Documents/_DBXAndrea/github/stats4biology/_site/PCA/site_libs/tocify-1.9.1/jquery.tocify.css' (1,927) (User Action)
2026-08-11 16:21:17: Copy Over '/Users/andrea/Documents/_DBXAndrea/github/stats4biology_quarto/_site/PCA/site_libs/tocify-1.9.1/jquery.tocify.js' -> '/Users/andrea/Documents/_DBXAndrea/github/stats4biology/_site/PCA/site_libs/tocify-1.9.1/jquery.tocify.js' (31,740) (User Action)
2026-08-11 16:21:17: Copy Over '/Users/andrea/Documents/_DBXAndrea/github/stats4biology_quarto/_site/posts/2024/r_ggplot_dualscaledaxes/index.html' -> '/Users/andrea/Documents/_DBXAndrea/github/stats4biology/_site/posts/2024/r_ggplot_dualscaledaxes/index.html' (615) (User Action)
2026-08-11 16:21:17: Copy Over '/Users/andrea/Documents/_DBXAndrea/github/stats4biology_quarto/_site/posts/2025/field-research-methods-in-agriculture/index.html' -> '/Users/andrea/Documents/_DBXAndrea/github/stats4biology/_site/posts/2025/field-research-methods-in-agriculture/index.html' (604) (User Action)
2026-08-11 16:21:17: Copy Over '/Users/andrea/Documents/_DBXAndrea/github/stats4biology_quarto/_site/posts/articles/blogdownsteps/index.html' -> '/Users/andrea/Documents/_DBXAndrea/github/stats4biology/_site/posts/articles/blogdownsteps/index.html' (607) (User Action)
2026-08-11 16:21:17: Copy Over '/Users/andrea/Documents/_DBXAndrea/github/stats4biology_quarto/_site/posts/general_DeltaMethod.html' -> '/Users/andrea/Documents/_DBXAndrea/github/stats4biology/_site/posts/general_DeltaMethod.html' (51,660) (User Action)
2026-08-11 16:21:17: Copy Over '/Users/andrea/Documents/_DBXAndrea/github/stats4biology_quarto/_site/posts/general_DeltaMethod_files/figure-html/unnamed-chunk-3-1.png' -> '/Users/andrea/Documents/_DBXAndrea/github/stats4biology/_site/posts/general_DeltaMethod_files/figure-html/unnamed-chunk-3-1.png' (71,067) (User Action)
2026-08-11 16:21:17: Copy Over '/Users/andrea/Documents/_DBXAndrea/github/stats4biology_quarto/_site/posts/general_ErrorPropagation.html' -> '/Users/andrea/Documents/_DBXAndrea/github/stats4biology/_site/posts/general_ErrorPropagation.html' (43,631) (User Action)
2026-08-11 16:21:17: Copy Over '/Users/andrea/Documents/_DBXAndrea/github/stats4biology_quarto/_site/posts/general_percentiles.html' -> '/Users/andrea/Documents/_DBXAndrea/github/stats4biology/_site/posts/general_percentiles.html' (43,850) (User Action)
2026-08-11 16:21:17: Copy Over '/Users/andrea/Documents/_DBXAndrea/github/stats4biology_quarto/_site/posts/general_percentiles_files/figure-html/unnamed-chunk-6-1.png' -> '/Users/andrea/Documents/_DBXAndrea/github/stats4biology/_site/posts/general_percentiles_files/figure-html/unnamed-chunk-6-1.png' (67,730) (User Action)
2026-08-11 16:21:17: Copy Over '/Users/andrea/Documents/_DBXAndrea/github/stats4biology_quarto/_site/posts/general_VarianceSamplePop.html' -> '/Users/andrea/Documents/_DBXAndrea/github/stats4biology/_site/posts/general_VarianceSamplePop.html' (42,176) (User Action)
2026-08-11 16:21:17: Copy Over '/Users/andrea/Documents/_DBXAndrea/github/stats4biology_quarto/_site/posts/news_NewBook.html' -> '/Users/andrea/Documents/_DBXAndrea/github/stats4biology/_site/posts/news_NewBook.html' (26,456) (User Action)
2026-08-11 16:21:17: Copy Over '/Users/andrea/Documents/_DBXAndrea/github/stats4biology_quarto/_site/posts/news_SwitchToQuarto.html' -> '/Users/andrea/Documents/_DBXAndrea/github/stats4biology/_site/posts/news_SwitchToQuarto.html' (25,732) (User Action)
2026-08-11 16:21:17: Copy Over '/Users/andrea/Documents/_DBXAndrea/github/stats4biology_quarto/_site/posts/nlmm_DesignConstraints.html' -> '/Users/andrea/Documents/_DBXAndrea/github/stats4biology/_site/posts/nlmm_DesignConstraints.html' (54,265) (User Action)
2026-08-11 16:21:17: Copy Over '/Users/andrea/Documents/_DBXAndrea/github/stats4biology_quarto/_site/posts/nlmm_DesignConstraints_files/figure-html/unnamed-chunk-1-1.png' -> '/Users/andrea/Documents/_DBXAndrea/github/stats4biology/_site/posts/nlmm_DesignConstraints_files/figure-html/unnamed-chunk-1-1.png' (84,630) (User Action)
2026-08-11 16:21:17: Copy Over '/Users/andrea/Documents/_DBXAndrea/github/stats4biology_quarto/_site/posts/nlmm_DesignConstraints_files/figure-html/unnamed-chunk-7-1.png' -> '/Users/andrea/Documents/_DBXAndrea/github/stats4biology/_site/posts/nlmm_DesignConstraints_files/figure-html/unnamed-chunk-7-1.png' (76,759) (User Action)
2026-08-11 16:21:17: Copy Over '/Users/andrea/Documents/_DBXAndrea/github/stats4biology_quarto/_site/posts/nls_modelFitting.html' -> '/Users/andrea/Documents/_DBXAndrea/github/stats4biology/_site/posts/nls_modelFitting.html' (85,962) (User Action)
2026-08-11 16:21:17: Copy Over '/Users/andrea/Documents/_DBXAndrea/github/stats4biology_quarto/_site/posts/nls_modelFitting_files/figure-html/fig-1-1.png' -> '/Users/andrea/Documents/_DBXAndrea/github/stats4biology/_site/posts/nls_modelFitting_files/figure-html/fig-1-1.png' (231,732) (User Action)
2026-08-11 16:21:17: Copy Over '/Users/andrea/Documents/_DBXAndrea/github/stats4biology_quarto/_site/posts/nls_modelFitting_files/figure-html/unnamed-chunk-10-1.png' -> '/Users/andrea/Documents/_DBXAndrea/github/stats4biology/_site/posts/nls_modelFitting_files/figure-html/unnamed-chunk-10-1.png' (67,642) (User Action)
2026-08-11 16:21:17: Copy Over '/Users/andrea/Documents/_DBXAndrea/github/stats4biology_quarto/_site/posts/nls_modelFitting_files/figure-html/unnamed-chunk-11-1.png' -> '/Users/andrea/Documents/_DBXAndrea/github/stats4biology/_site/posts/nls_modelFitting_files/figure-html/unnamed-chunk-11-1.png' (77,303) (User Action)
2026-08-11 16:21:17: Copy Over '/Users/andrea/Documents/_DBXAndrea/github/stats4biology_quarto/_site/posts/nls_modelFitting_files/figure-html/unnamed-chunk-12-1.png' -> '/Users/andrea/Documents/_DBXAndrea/github/stats4biology/_site/posts/nls_modelFitting_files/figure-html/unnamed-chunk-12-1.png' (66,585) (User Action)
2026-08-11 16:21:17: Copy Over '/Users/andrea/Documents/_DBXAndrea/github/stats4biology_quarto/_site/posts/nls_modelFitting_files/figure-html/unnamed-chunk-13-1.png' -> '/Users/andrea/Documents/_DBXAndrea/github/stats4biology/_site/posts/nls_modelFitting_files/figure-html/unnamed-chunk-13-1.png' (71,178) (User Action)
2026-08-11 16:21:17: Copy Over '/Users/andrea/Documents/_DBXAndrea/github/stats4biology_quarto/_site/posts/nls_modelFitting_files/figure-html/unnamed-chunk-14-1.png' -> '/Users/andrea/Documents/_DBXAndrea/github/stats4biology/_site/posts/nls_modelFitting_files/figure-html/unnamed-chunk-14-1.png' (61,817) (User Action)
2026-08-11 16:21:17: Copy Over '/Users/andrea/Documents/_DBXAndrea/github/stats4biology_quarto/_site/posts/nls_modelFitting_files/figure-html/unnamed-chunk-15-1.png' -> '/Users/andrea/Documents/_DBXAndrea/github/stats4biology/_site/posts/nls_modelFitting_files/figure-html/unnamed-chunk-15-1.png' (68,236) (User Action)
2026-08-11 16:21:17: Copy Over '/Users/andrea/Documents/_DBXAndrea/github/stats4biology_quarto/_site/posts/nls_modelFitting_files/figure-html/unnamed-chunk-16-1.png' -> '/Users/andrea/Documents/_DBXAndrea/github/stats4biology/_site/posts/nls_modelFitting_files/figure-html/unnamed-chunk-16-1.png' (69,243) (User Action)
2026-08-11 16:21:17: Copy Over '/Users/andrea/Documents/_DBXAndrea/github/stats4biology_quarto/_site/posts/nls_modelFitting_files/figure-html/unnamed-chunk-17-1.png' -> '/Users/andrea/Documents/_DBXAndrea/github/stats4biology/_site/posts/nls_modelFitting_files/figure-html/unnamed-chunk-17-1.png' (74,310) (User Action)
2026-08-11 16:21:17: Copy Over '/Users/andrea/Documents/_DBXAndrea/github/stats4biology_quarto/_site/posts/nls_modelFitting_files/figure-html/unnamed-chunk-18-1.png' -> '/Users/andrea/Documents/_DBXAndrea/github/stats4biology/_site/posts/nls_modelFitting_files/figure-html/unnamed-chunk-18-1.png' (61,437) (User Action)
2026-08-11 16:21:17: Copy Over '/Users/andrea/Documents/_DBXAndrea/github/stats4biology_quarto/_site/posts/nls_modelFitting_files/figure-html/unnamed-chunk-19-1.png' -> '/Users/andrea/Documents/_DBXAndrea/github/stats4biology/_site/posts/nls_modelFitting_files/figure-html/unnamed-chunk-19-1.png' (58,423) (User Action)
2026-08-11 16:21:17: Copy Over '/Users/andrea/Documents/_DBXAndrea/github/stats4biology_quarto/_site/posts/nls_modelFitting_files/figure-html/unnamed-chunk-2-1.png' -> '/Users/andrea/Documents/_DBXAndrea/github/stats4biology/_site/posts/nls_modelFitting_files/figure-html/unnamed-chunk-2-1.png' (156,934) (User Action)
2026-08-11 16:21:17: Copy Over '/Users/andrea/Documents/_DBXAndrea/github/stats4biology_quarto/_site/posts/nls_modelFitting_files/figure-html/unnamed-chunk-20-1.png' -> '/Users/andrea/Documents/_DBXAndrea/github/stats4biology/_site/posts/nls_modelFitting_files/figure-html/unnamed-chunk-20-1.png' (65,592) (User Action)
2026-08-11 16:21:17: Copy Over '/Users/andrea/Documents/_DBXAndrea/github/stats4biology_quarto/_site/posts/nls_modelFitting_files/figure-html/unnamed-chunk-21-1.png' -> '/Users/andrea/Documents/_DBXAndrea/github/stats4biology/_site/posts/nls_modelFitting_files/figure-html/unnamed-chunk-21-1.png' (70,085) (User Action)
2026-08-11 16:21:17: Copy Over '/Users/andrea/Documents/_DBXAndrea/github/stats4biology_quarto/_site/posts/nls_modelFitting_files/figure-html/unnamed-chunk-22-1.png' -> '/Users/andrea/Documents/_DBXAndrea/github/stats4biology/_site/posts/nls_modelFitting_files/figure-html/unnamed-chunk-22-1.png' (73,955) (User Action)
2026-08-11 16:21:17: Copy Over '/Users/andrea/Documents/_DBXAndrea/github/stats4biology_quarto/_site/posts/nls_modelFitting_files/figure-html/unnamed-chunk-23-1.png' -> '/Users/andrea/Documents/_DBXAndrea/github/stats4biology/_site/posts/nls_modelFitting_files/figure-html/unnamed-chunk-23-1.png' (70,086) (User Action)
2026-08-11 16:21:17: Copy Over '/Users/andrea/Documents/_DBXAndrea/github/stats4biology_quarto/_site/posts/nls_modelFitting_files/figure-html/unnamed-chunk-3-1.png' -> '/Users/andrea/Documents/_DBXAndrea/github/stats4biology/_site/posts/nls_modelFitting_files/figure-html/unnamed-chunk-3-1.png' (83,504) (User Action)
2026-08-11 16:21:17: Copy Over '/Users/andrea/Documents/_DBXAndrea/github/stats4biology_quarto/_site/posts/nls_modelFitting_files/figure-html/unnamed-chunk-4-1.png' -> '/Users/andrea/Documents/_DBXAndrea/github/stats4biology/_site/posts/nls_modelFitting_files/figure-html/unnamed-chunk-4-1.png' (71,773) (User Action)
2026-08-11 16:21:17: Copy Over '/Users/andrea/Documents/_DBXAndrea/github/stats4biology_quarto/_site/posts/nls_modelFitting_files/figure-html/unnamed-chunk-5-1.png' -> '/Users/andrea/Documents/_DBXAndrea/github/stats4biology/_site/posts/nls_modelFitting_files/figure-html/unnamed-chunk-5-1.png' (78,791) (User Action)
2026-08-11 16:21:17: Copy Over '/Users/andrea/Documents/_DBXAndrea/github/stats4biology_quarto/_site/posts/nls_modelFitting_files/figure-html/unnamed-chunk-6-1.png' -> '/Users/andrea/Documents/_DBXAndrea/github/stats4biology/_site/posts/nls_modelFitting_files/figure-html/unnamed-chunk-6-1.png' (67,315) (User Action)
2026-08-11 16:21:17: Copy Over '/Users/andrea/Documents/_DBXAndrea/github/stats4biology_quarto/_site/posts/nls_modelFitting_files/figure-html/unnamed-chunk-7-1.png' -> '/Users/andrea/Documents/_DBXAndrea/github/stats4biology/_site/posts/nls_modelFitting_files/figure-html/unnamed-chunk-7-1.png' (63,793) (User Action)
2026-08-11 16:21:17: Copy Over '/Users/andrea/Documents/_DBXAndrea/github/stats4biology_quarto/_site/posts/nls_modelFitting_files/figure-html/unnamed-chunk-8-1.png' -> '/Users/andrea/Documents/_DBXAndrea/github/stats4biology/_site/posts/nls_modelFitting_files/figure-html/unnamed-chunk-8-1.png' (55,080) (User Action)
2026-08-11 16:21:17: Copy Over '/Users/andrea/Documents/_DBXAndrea/github/stats4biology_quarto/_site/posts/nls_modelFitting_files/figure-html/unnamed-chunk-9-1.png' -> '/Users/andrea/Documents/_DBXAndrea/github/stats4biology/_site/posts/nls_modelFitting_files/figure-html/unnamed-chunk-9-1.png' (78,884) (User Action)
2026-08-11 16:21:17: Copy Over '/Users/andrea/Documents/_DBXAndrea/github/stats4biology_quarto/_site/posts/nls_selfStarting.html' -> '/Users/andrea/Documents/_DBXAndrea/github/stats4biology/_site/posts/nls_selfStarting.html' (54,114) (User Action)
2026-08-11 16:21:17: Copy Over '/Users/andrea/Documents/_DBXAndrea/github/stats4biology_quarto/_site/posts/nls_selfStarting_files/figure-html/unnamed-chunk-1-1.png' -> '/Users/andrea/Documents/_DBXAndrea/github/stats4biology/_site/posts/nls_selfStarting_files/figure-html/unnamed-chunk-1-1.png' (54,677) (User Action)
2026-08-11 16:21:17: Copy Over '/Users/andrea/Documents/_DBXAndrea/github/stats4biology_quarto/_site/posts/nls_selfStarting_files/figure-html/unnamed-chunk-6-1.png' -> '/Users/andrea/Documents/_DBXAndrea/github/stats4biology/_site/posts/nls_selfStarting_files/figure-html/unnamed-chunk-6-1.png' (71,979) (User Action)
2026-08-11 16:21:17: Copy Over '/Users/andrea/Documents/_DBXAndrea/github/stats4biology_quarto/_site/posts/nls_usefulEquations.html' -> '/Users/andrea/Documents/_DBXAndrea/github/stats4biology/_site/posts/nls_usefulEquations.html' (75,039) (User Action)
2026-08-11 16:21:17: Copy Over '/Users/andrea/Documents/_DBXAndrea/github/stats4biology_quarto/_site/posts/nls_usefulEquations_files/figure-html/fig-1-1.png' -> '/Users/andrea/Documents/_DBXAndrea/github/stats4biology/_site/posts/nls_usefulEquations_files/figure-html/fig-1-1.png' (231,732) (User Action)
2026-08-11 16:21:17: Copy Over '/Users/andrea/Documents/_DBXAndrea/github/stats4biology_quarto/_site/posts/nls_usefulEquations_files/figure-html/fig-2-1.png' -> '/Users/andrea/Documents/_DBXAndrea/github/stats4biology/_site/posts/nls_usefulEquations_files/figure-html/fig-2-1.png' (92,529) (User Action)
2026-08-11 16:21:17: Copy Over '/Users/andrea/Documents/_DBXAndrea/github/stats4biology_quarto/_site/posts/nls_usefulEquations_files/figure-html/fig-3-1.png' -> '/Users/andrea/Documents/_DBXAndrea/github/stats4biology/_site/posts/nls_usefulEquations_files/figure-html/fig-3-1.png' (91,081) (User Action)
2026-08-11 16:21:17: Copy Over '/Users/andrea/Documents/_DBXAndrea/github/stats4biology_quarto/_site/posts/nls_usefulEquations_files/figure-html/fig-4-1.png' -> '/Users/andrea/Documents/_DBXAndrea/github/stats4biology/_site/posts/nls_usefulEquations_files/figure-html/fig-4-1.png' (97,671) (User Action)
2026-08-11 16:21:17: Copy Over '/Users/andrea/Documents/_DBXAndrea/github/stats4biology_quarto/_site/posts/nls_usefulEquations_files/figure-html/unnamed-chunk-1-1.png' -> '/Users/andrea/Documents/_DBXAndrea/github/stats4biology/_site/posts/nls_usefulEquations_files/figure-html/unnamed-chunk-1-1.png' (164,556) (User Action)
2026-08-11 16:21:17: Copy Over '/Users/andrea/Documents/_DBXAndrea/github/stats4biology_quarto/_site/posts/nls_usefulEquations_files/figure-html/unnamed-chunk-10-1.png' -> '/Users/andrea/Documents/_DBXAndrea/github/stats4biology/_site/posts/nls_usefulEquations_files/figure-html/unnamed-chunk-10-1.png' (92,529) (User Action)
2026-08-11 16:21:17: Copy Over '/Users/andrea/Documents/_DBXAndrea/github/stats4biology_quarto/_site/posts/nls_usefulEquations_files/figure-html/unnamed-chunk-11-1.png' -> '/Users/andrea/Documents/_DBXAndrea/github/stats4biology/_site/posts/nls_usefulEquations_files/figure-html/unnamed-chunk-11-1.png' (63,648) (User Action)
2026-08-11 16:21:17: Copy Over '/Users/andrea/Documents/_DBXAndrea/github/stats4biology_quarto/_site/posts/nls_usefulEquations_files/figure-html/unnamed-chunk-12-1.png' -> '/Users/andrea/Documents/_DBXAndrea/github/stats4biology/_site/posts/nls_usefulEquations_files/figure-html/unnamed-chunk-12-1.png' (63,696) (User Action)
2026-08-11 16:21:17: Copy Over '/Users/andrea/Documents/_DBXAndrea/github/stats4biology_quarto/_site/posts/nls_usefulEquations_files/figure-html/unnamed-chunk-13-1.png' -> '/Users/andrea/Documents/_DBXAndrea/github/stats4biology/_site/posts/nls_usefulEquations_files/figure-html/unnamed-chunk-13-1.png' (63,490) (User Action)
2026-08-11 16:21:17: Copy Over '/Users/andrea/Documents/_DBXAndrea/github/stats4biology_quarto/_site/posts/nls_usefulEquations_files/figure-html/unnamed-chunk-14-1.png' -> '/Users/andrea/Documents/_DBXAndrea/github/stats4biology/_site/posts/nls_usefulEquations_files/figure-html/unnamed-chunk-14-1.png' (62,440) (User Action)
2026-08-11 16:21:17: Copy Over '/Users/andrea/Documents/_DBXAndrea/github/stats4biology_quarto/_site/posts/nls_usefulEquations_files/figure-html/unnamed-chunk-15-1.png' -> '/Users/andrea/Documents/_DBXAndrea/github/stats4biology/_site/posts/nls_usefulEquations_files/figure-html/unnamed-chunk-15-1.png' (63,861) (User Action)
2026-08-11 16:21:17: Copy Over '/Users/andrea/Documents/_DBXAndrea/github/stats4biology_quarto/_site/posts/nls_usefulEquations_files/figure-html/unnamed-chunk-16-1.png' -> '/Users/andrea/Documents/_DBXAndrea/github/stats4biology/_site/posts/nls_usefulEquations_files/figure-html/unnamed-chunk-16-1.png' (96,419) (User Action)
2026-08-11 16:21:17: Copy Over '/Users/andrea/Documents/_DBXAndrea/github/stats4biology_quarto/_site/posts/nls_usefulEquations_files/figure-html/unnamed-chunk-17-1.png' -> '/Users/andrea/Documents/_DBXAndrea/github/stats4biology/_site/posts/nls_usefulEquations_files/figure-html/unnamed-chunk-17-1.png' (97,424) (User Action)
2026-08-11 16:21:17: Copy Over '/Users/andrea/Documents/_DBXAndrea/github/stats4biology_quarto/_site/posts/nls_usefulEquations_files/figure-html/unnamed-chunk-18-1.png' -> '/Users/andrea/Documents/_DBXAndrea/github/stats4biology/_site/posts/nls_usefulEquations_files/figure-html/unnamed-chunk-18-1.png' (70,086) (User Action)
2026-08-11 16:21:17: Copy Over '/Users/andrea/Documents/_DBXAndrea/github/stats4biology_quarto/_site/posts/nls_usefulEquations_files/figure-html/unnamed-chunk-9-1.png' -> '/Users/andrea/Documents/_DBXAndrea/github/stats4biology/_site/posts/nls_usefulEquations_files/figure-html/unnamed-chunk-9-1.png' (92,529) (User Action)
2026-08-11 16:21:17: Copy Over '/Users/andrea/Documents/_DBXAndrea/github/stats4biology_quarto/_site/posts/R_BlogdownSteps.html' -> '/Users/andrea/Documents/_DBXAndrea/github/stats4biology/_site/posts/R_BlogdownSteps.html' (33,677) (User Action)
2026-08-11 16:21:17: Copy Over '/Users/andrea/Documents/_DBXAndrea/github/stats4biology_quarto/_site/posts/R_ggplot_dualScaledAxes.html' -> '/Users/andrea/Documents/_DBXAndrea/github/stats4biology/_site/posts/R_ggplot_dualScaledAxes.html' (54,257) (User Action)
2026-08-11 16:21:17: Copy Over '/Users/andrea/Documents/_DBXAndrea/github/stats4biology_quarto/_site/posts/R_ggplot_dualScaledAxes_files/figure-html/unnamed-chunk-3-1.png' -> '/Users/andrea/Documents/_DBXAndrea/github/stats4biology/_site/posts/R_ggplot_dualScaledAxes_files/figure-html/unnamed-chunk-3-1.png' (73,897) (User Action)
2026-08-11 16:21:17: Copy Over '/Users/andrea/Documents/_DBXAndrea/github/stats4biology_quarto/_site/posts/R_ggplot_dualScaledAxes_files/figure-html/unnamed-chunk-4-1.png' -> '/Users/andrea/Documents/_DBXAndrea/github/stats4biology/_site/posts/R_ggplot_dualScaledAxes_files/figure-html/unnamed-chunk-4-1.png' (78,547) (User Action)
2026-08-11 16:21:17: Copy Over '/Users/andrea/Documents/_DBXAndrea/github/stats4biology_quarto/_site/posts/R_ggplot_dualScaledAxes_files/figure-html/unnamed-chunk-5-1.png' -> '/Users/andrea/Documents/_DBXAndrea/github/stats4biology/_site/posts/R_ggplot_dualScaledAxes_files/figure-html/unnamed-chunk-5-1.png' (106,811) (User Action)
2026-08-11 16:21:17: Copy Over '/Users/andrea/Documents/_DBXAndrea/github/stats4biology_quarto/_site/posts/R_ggplot_dualScaledAxes_files/figure-html/unnamed-chunk-6-1.png' -> '/Users/andrea/Documents/_DBXAndrea/github/stats4biology/_site/posts/R_ggplot_dualScaledAxes_files/figure-html/unnamed-chunk-6-1.png' (166,531) (User Action)
2026-08-11 16:21:17: Copy Over '/Users/andrea/Documents/_DBXAndrea/github/stats4biology_quarto/_site/posts/R_QuartoSteps.html' -> '/Users/andrea/Documents/_DBXAndrea/github/stats4biology/_site/posts/R_QuartoSteps.html' (34,847) (User Action)
2026-08-11 16:21:17: Copy Over '/Users/andrea/Documents/_DBXAndrea/github/stats4biology_quarto/_site/posts/R_TheDangerOfR.html' -> '/Users/andrea/Documents/_DBXAndrea/github/stats4biology/_site/posts/R_TheDangerOfR.html' (27,833) (User Action)
2026-08-11 16:21:17: Copy Over '/Users/andrea/Documents/_DBXAndrea/github/stats4biology_quarto/_site/RecentCourses.html' -> '/Users/andrea/Documents/_DBXAndrea/github/stats4biology/_site/RecentCourses.html' (23,346) (User Action)
2026-08-11 16:21:17: Copy Over '/Users/andrea/Documents/_DBXAndrea/github/stats4biology_quarto/_site/robots.txt' -> '/Users/andrea/Documents/_DBXAndrea/github/stats4biology/_site/robots.txt' (52) (User Action)
2026-08-11 16:21:17: Copy Over '/Users/andrea/Documents/_DBXAndrea/github/stats4biology_quarto/_site/Rpackages.html' -> '/Users/andrea/Documents/_DBXAndrea/github/stats4biology/_site/Rpackages.html' (27,308) (User Action)
2026-08-11 16:21:17: Copy Over '/Users/andrea/Documents/_DBXAndrea/github/stats4biology_quarto/_site/search.json' -> '/Users/andrea/Documents/_DBXAndrea/github/stats4biology/_site/search.json' (147,754) (User Action)
2026-08-11 16:21:17: Copy Over '/Users/andrea/Documents/_DBXAndrea/github/stats4biology_quarto/_site/seedTutorial/404.html' -> '/Users/andrea/Documents/_DBXAndrea/github/stats4biology/_site/seedTutorial/404.html' (26,880) (User Action)
2026-08-11 16:21:17: Copy Over '/Users/andrea/Documents/_DBXAndrea/github/stats4biology_quarto/_site/seedTutorial/_Figures/Stat_drcte_3-method-data.jpg' -> '/Users/andrea/Documents/_DBXAndrea/github/stats4biology/_site/seedTutorial/_Figures/Stat_drcte_3-method-data.jpg' (83,810) (User Action)
2026-08-11 16:21:17: Copy Over '/Users/andrea/Documents/_DBXAndrea/github/stats4biology_quarto/_site/seedTutorial/_images/coversmall.jpeg' -> '/Users/andrea/Documents/_DBXAndrea/github/stats4biology/_site/seedTutorial/_images/coversmall.jpeg' (3,752) (User Action)
2026-08-11 16:21:17: Copy Over '/Users/andrea/Documents/_DBXAndrea/github/stats4biology_quarto/_site/seedTutorial/_images/GerminationAssay1.jpeg' -> '/Users/andrea/Documents/_DBXAndrea/github/stats4biology/_site/seedTutorial/_images/GerminationAssay1.jpeg' (91,855) (User Action)
2026-08-11 16:21:17: Copy Over '/Users/andrea/Documents/_DBXAndrea/github/stats4biology_quarto/_site/seedTutorial/_images/GerminationAssay2.jpeg' -> '/Users/andrea/Documents/_DBXAndrea/github/stats4biology/_site/seedTutorial/_images/GerminationAssay2.jpeg' (144,664) (User Action)
2026-08-11 16:21:17: Copy Over '/Users/andrea/Documents/_DBXAndrea/github/stats4biology_quarto/_site/seedTutorial/_seedGerminationTutorial.pdf' -> '/Users/andrea/Documents/_DBXAndrea/github/stats4biology/_site/seedTutorial/_seedGerminationTutorial.pdf' (707,218) (User Action)
2026-08-11 16:21:17: Copy Over '/Users/andrea/Documents/_DBXAndrea/github/stats4biology_quarto/_site/seedTutorial/_seedGerminationTutorial.tex' -> '/Users/andrea/Documents/_DBXAndrea/github/stats4biology/_site/seedTutorial/_seedGerminationTutorial.tex' (259,345) (User Action)
2026-08-11 16:21:17: Copy Over '/Users/andrea/Documents/_DBXAndrea/github/stats4biology_quarto/_site/seedTutorial/_seedGerminationTutorial_files/figure-html/unnamed-chunk-19-1.png' -> '/Users/andrea/Documents/_DBXAndrea/github/stats4biology/_site/seedTutorial/_seedGerminationTutorial_files/figure-html/unnamed-chunk-19-1.png' (79,685) (User Action)
2026-08-11 16:21:17: Copy Over '/Users/andrea/Documents/_DBXAndrea/github/stats4biology_quarto/_site/seedTutorial/_seedGerminationTutorial_files/figure-html/unnamed-chunk-20-1.png' -> '/Users/andrea/Documents/_DBXAndrea/github/stats4biology/_site/seedTutorial/_seedGerminationTutorial_files/figure-html/unnamed-chunk-20-1.png' (87,049) (User Action)
2026-08-11 16:21:17: Copy Over '/Users/andrea/Documents/_DBXAndrea/github/stats4biology_quarto/_site/seedTutorial/_seedGerminationTutorial_files/figure-html/unnamed-chunk-21-1.png' -> '/Users/andrea/Documents/_DBXAndrea/github/stats4biology/_site/seedTutorial/_seedGerminationTutorial_files/figure-html/unnamed-chunk-21-1.png' (102,948) (User Action)
2026-08-11 16:21:17: Copy Over '/Users/andrea/Documents/_DBXAndrea/github/stats4biology_quarto/_site/seedTutorial/_seedGerminationTutorial_files/figure-html/unnamed-chunk-25-1.png' -> '/Users/andrea/Documents/_DBXAndrea/github/stats4biology/_site/seedTutorial/_seedGerminationTutorial_files/figure-html/unnamed-chunk-25-1.png' (105,664) (User Action)
2026-08-11 16:21:17: Copy Over '/Users/andrea/Documents/_DBXAndrea/github/stats4biology_quarto/_site/seedTutorial/_seedGerminationTutorial_files/figure-html/unnamed-chunk-28-1.png' -> '/Users/andrea/Documents/_DBXAndrea/github/stats4biology/_site/seedTutorial/_seedGerminationTutorial_files/figure-html/unnamed-chunk-28-1.png' (84,611) (User Action)
2026-08-11 16:21:17: Copy Over '/Users/andrea/Documents/_DBXAndrea/github/stats4biology_quarto/_site/seedTutorial/_seedGerminationTutorial_files/figure-html/unnamed-chunk-30-1.png' -> '/Users/andrea/Documents/_DBXAndrea/github/stats4biology/_site/seedTutorial/_seedGerminationTutorial_files/figure-html/unnamed-chunk-30-1.png' (103,488) (User Action)
2026-08-11 16:21:17: Copy Over '/Users/andrea/Documents/_DBXAndrea/github/stats4biology_quarto/_site/seedTutorial/_seedGerminationTutorial_files/figure-html/unnamed-chunk-33-1.png' -> '/Users/andrea/Documents/_DBXAndrea/github/stats4biology/_site/seedTutorial/_seedGerminationTutorial_files/figure-html/unnamed-chunk-33-1.png' (137,966) (User Action)
2026-08-11 16:21:17: Copy Over '/Users/andrea/Documents/_DBXAndrea/github/stats4biology_quarto/_site/seedTutorial/_seedGerminationTutorial_files/figure-html/unnamed-chunk-39-1.png' -> '/Users/andrea/Documents/_DBXAndrea/github/stats4biology/_site/seedTutorial/_seedGerminationTutorial_files/figure-html/unnamed-chunk-39-1.png' (157,145) (User Action)
2026-08-11 16:21:17: Copy Over '/Users/andrea/Documents/_DBXAndrea/github/stats4biology_quarto/_site/seedTutorial/_seedGerminationTutorial_files/figure-html/unnamed-chunk-4-1.png' -> '/Users/andrea/Documents/_DBXAndrea/github/stats4biology/_site/seedTutorial/_seedGerminationTutorial_files/figure-html/unnamed-chunk-4-1.png' (94,774) (User Action)
2026-08-11 16:21:17: Copy Over '/Users/andrea/Documents/_DBXAndrea/github/stats4biology_quarto/_site/seedTutorial/_seedGerminationTutorial_files/figure-html/unnamed-chunk-49-1.png' -> '/Users/andrea/Documents/_DBXAndrea/github/stats4biology/_site/seedTutorial/_seedGerminationTutorial_files/figure-html/unnamed-chunk-49-1.png' (80,393) (User Action)
2026-08-11 16:21:17: Copy Over '/Users/andrea/Documents/_DBXAndrea/github/stats4biology_quarto/_site/seedTutorial/_seedGerminationTutorial_files/figure-html/unnamed-chunk-57-1.png' -> '/Users/andrea/Documents/_DBXAndrea/github/stats4biology/_site/seedTutorial/_seedGerminationTutorial_files/figure-html/unnamed-chunk-57-1.png' (81,421) (User Action)
2026-08-11 16:21:17: Copy Over '/Users/andrea/Documents/_DBXAndrea/github/stats4biology_quarto/_site/seedTutorial/_seedGerminationTutorial_files/figure-html/unnamed-chunk-58-1.png' -> '/Users/andrea/Documents/_DBXAndrea/github/stats4biology/_site/seedTutorial/_seedGerminationTutorial_files/figure-html/unnamed-chunk-58-1.png' (106,428) (User Action)
2026-08-11 16:21:17: Copy Over '/Users/andrea/Documents/_DBXAndrea/github/stats4biology_quarto/_site/seedTutorial/_seedGerminationTutorial_files/figure-html/unnamed-chunk-6-1.png' -> '/Users/andrea/Documents/_DBXAndrea/github/stats4biology/_site/seedTutorial/_seedGerminationTutorial_files/figure-html/unnamed-chunk-6-1.png' (87,838) (User Action)
2026-08-11 16:21:17: Copy Over '/Users/andrea/Documents/_DBXAndrea/github/stats4biology_quarto/_site/seedTutorial/_seedGerminationTutorial_files/figure-html/unnamed-chunk-61-1.png' -> '/Users/andrea/Documents/_DBXAndrea/github/stats4biology/_site/seedTutorial/_seedGerminationTutorial_files/figure-html/unnamed-chunk-61-1.png' (297,135) (User Action)
2026-08-11 16:21:17: Copy Over '/Users/andrea/Documents/_DBXAndrea/github/stats4biology_quarto/_site/seedTutorial/_seedGerminationTutorial_files/figure-html/unnamed-chunk-68-1.png' -> '/Users/andrea/Documents/_DBXAndrea/github/stats4biology/_site/seedTutorial/_seedGerminationTutorial_files/figure-html/unnamed-chunk-68-1.png' (58,743) (User Action)
2026-08-11 16:21:17: Copy Over '/Users/andrea/Documents/_DBXAndrea/github/stats4biology_quarto/_site/seedTutorial/_seedGerminationTutorial_files/figure-html/unnamed-chunk-69-1.png' -> '/Users/andrea/Documents/_DBXAndrea/github/stats4biology/_site/seedTutorial/_seedGerminationTutorial_files/figure-html/unnamed-chunk-69-1.png' (80,591) (User Action)
2026-08-11 16:21:17: Copy Over '/Users/andrea/Documents/_DBXAndrea/github/stats4biology_quarto/_site/seedTutorial/_seedGerminationTutorial_files/figure-html/unnamed-chunk-72-1.png' -> '/Users/andrea/Documents/_DBXAndrea/github/stats4biology/_site/seedTutorial/_seedGerminationTutorial_files/figure-html/unnamed-chunk-72-1.png' (100,973) (User Action)
2026-08-11 16:21:17: Copy Over '/Users/andrea/Documents/_DBXAndrea/github/stats4biology_quarto/_site/seedTutorial/_seedGerminationTutorial_files/figure-html/unnamed-chunk-74-1.png' -> '/Users/andrea/Documents/_DBXAndrea/github/stats4biology/_site/seedTutorial/_seedGerminationTutorial_files/figure-html/unnamed-chunk-74-1.png' (236,989) (User Action)
2026-08-11 16:21:17: Copy Over '/Users/andrea/Documents/_DBXAndrea/github/stats4biology_quarto/_site/seedTutorial/_seedGerminationTutorial_files/figure-html/unnamed-chunk-77-1.png' -> '/Users/andrea/Documents/_DBXAndrea/github/stats4biology/_site/seedTutorial/_seedGerminationTutorial_files/figure-html/unnamed-chunk-77-1.png' (297,135) (User Action)
2026-08-11 16:21:17: Copy Over '/Users/andrea/Documents/_DBXAndrea/github/stats4biology_quarto/_site/seedTutorial/_seedGerminationTutorial_files/figure-html/unnamed-chunk-82-1.png' -> '/Users/andrea/Documents/_DBXAndrea/github/stats4biology/_site/seedTutorial/_seedGerminationTutorial_files/figure-html/unnamed-chunk-82-1.png' (170,909) (User Action)
2026-08-11 16:21:17: Copy Over '/Users/andrea/Documents/_DBXAndrea/github/stats4biology_quarto/_site/seedTutorial/_seedGerminationTutorial_files/figure-html/unnamed-chunk-83-1.png' -> '/Users/andrea/Documents/_DBXAndrea/github/stats4biology/_site/seedTutorial/_seedGerminationTutorial_files/figure-html/unnamed-chunk-83-1.png' (177,392) (User Action)
2026-08-11 16:21:17: Copy Over '/Users/andrea/Documents/_DBXAndrea/github/stats4biology_quarto/_site/seedTutorial/comparing-germinationemergence-for-several-seed-lots.html' -> '/Users/andrea/Documents/_DBXAndrea/github/stats4biology/_site/seedTutorial/comparing-germinationemergence-for-several-seed-lots.html' (70,621) (User Action)
2026-08-11 16:21:17: Copy Over '/Users/andrea/Documents/_DBXAndrea/github/stats4biology_quarto/_site/seedTutorial/comparing-the-time-course-of-events-for-several-groups.html' -> '/Users/andrea/Documents/_DBXAndrea/github/stats4biology/_site/seedTutorial/comparing-the-time-course-of-events-for-several-groups.html' (77,854) (User Action)
2026-08-11 16:21:17: Copy Over '/Users/andrea/Documents/_DBXAndrea/github/stats4biology_quarto/_site/seedTutorial/examples-and-case-studies.html' -> '/Users/andrea/Documents/_DBXAndrea/github/stats4biology/_site/seedTutorial/examples-and-case-studies.html' (114,683) (User Action)
2026-08-11 16:21:17: Copy Over '/Users/andrea/Documents/_DBXAndrea/github/stats4biology_quarto/_site/seedTutorial/exploring-the-results-of-a-time-to-event-fit-model-parameters.html' -> '/Users/andrea/Documents/_DBXAndrea/github/stats4biology/_site/seedTutorial/exploring-the-results-of-a-time-to-event-fit-model-parameters.html' (39,149) (User Action)
2026-08-11 16:21:17: Copy Over '/Users/andrea/Documents/_DBXAndrea/github/stats4biology_quarto/_site/seedTutorial/fitting-germination-models-in-two-steps.html' -> '/Users/andrea/Documents/_DBXAndrea/github/stats4biology/_site/seedTutorial/fitting-germination-models-in-two-steps.html' (98,893) (User Action)
2026-08-11 16:21:17: Copy Over '/Users/andrea/Documents/_DBXAndrea/github/stats4biology_quarto/_site/seedTutorial/fitting-time-to-event-models-with-environmental-covariates.html' -> '/Users/andrea/Documents/_DBXAndrea/github/stats4biology/_site/seedTutorial/fitting-time-to-event-models-with-environmental-covariates.html' (66,884) (User Action)
2026-08-11 16:21:17: Copy Over '/Users/andrea/Documents/_DBXAndrea/github/stats4biology_quarto/_site/seedTutorial/getting-the-quantiles-with-drcte.html' -> '/Users/andrea/Documents/_DBXAndrea/github/stats4biology/_site/seedTutorial/getting-the-quantiles-with-drcte.html' (53,635) (User Action)
2026-08-11 16:21:17: Copy Over '/Users/andrea/Documents/_DBXAndrea/github/stats4biology_quarto/_site/seedTutorial/index.html' -> '/Users/andrea/Documents/_DBXAndrea/github/stats4biology/_site/seedTutorial/index.html' (33,107) (User Action)
2026-08-11 16:21:17: Copy Over '/Users/andrea/Documents/_DBXAndrea/github/stats4biology_quarto/_site/seedTutorial/introduction-1.html' -> '/Users/andrea/Documents/_DBXAndrea/github/stats4biology/_site/seedTutorial/introduction-1.html' (91,301) (User Action)
2026-08-11 16:21:17: Copy Over '/Users/andrea/Documents/_DBXAndrea/github/stats4biology_quarto/_site/seedTutorial/libs/anchor-sections-1.1.0/anchor-sections-hash.css' -> '/Users/andrea/Documents/_DBXAndrea/github/stats4biology/_site/seedTutorial/libs/anchor-sections-1.1.0/anchor-sections-hash.css' (89) (User Action)
2026-08-11 16:21:17: Copy Over '/Users/andrea/Documents/_DBXAndrea/github/stats4biology_quarto/_site/seedTutorial/libs/anchor-sections-1.1.0/anchor-sections.css' -> '/Users/andrea/Documents/_DBXAndrea/github/stats4biology/_site/seedTutorial/libs/anchor-sections-1.1.0/anchor-sections.css' (207) (User Action)
2026-08-11 16:21:17: Copy Over '/Users/andrea/Documents/_DBXAndrea/github/stats4biology_quarto/_site/seedTutorial/libs/anchor-sections-1.1.0/anchor-sections.js' -> '/Users/andrea/Documents/_DBXAndrea/github/stats4biology/_site/seedTutorial/libs/anchor-sections-1.1.0/anchor-sections.js' (487) (User Action)
2026-08-11 16:21:17: Copy Over '/Users/andrea/Documents/_DBXAndrea/github/stats4biology_quarto/_site/seedTutorial/libs/gitbook-2.6.7/css/fontawesome/fontawesome-webfont.ttf' -> '/Users/andrea/Documents/_DBXAndrea/github/stats4biology/_site/seedTutorial/libs/gitbook-2.6.7/css/fontawesome/fontawesome-webfont.ttf' (165,548) (User Action)
2026-08-11 16:21:17: Copy Over '/Users/andrea/Documents/_DBXAndrea/github/stats4biology_quarto/_site/seedTutorial/libs/gitbook-2.6.7/css/plugin-bookdown.css' -> '/Users/andrea/Documents/_DBXAndrea/github/stats4biology/_site/seedTutorial/libs/gitbook-2.6.7/css/plugin-bookdown.css' (2,549) (User Action)
2026-08-11 16:21:17: Copy Over '/Users/andrea/Documents/_DBXAndrea/github/stats4biology_quarto/_site/seedTutorial/libs/gitbook-2.6.7/css/plugin-clipboard.css' -> '/Users/andrea/Documents/_DBXAndrea/github/stats4biology/_site/seedTutorial/libs/gitbook-2.6.7/css/plugin-clipboard.css' (266) (User Action)
2026-08-11 16:21:17: Copy Over '/Users/andrea/Documents/_DBXAndrea/github/stats4biology_quarto/_site/seedTutorial/libs/gitbook-2.6.7/css/plugin-fontsettings.css' -> '/Users/andrea/Documents/_DBXAndrea/github/stats4biology/_site/seedTutorial/libs/gitbook-2.6.7/css/plugin-fontsettings.css' (8,787) (User Action)
2026-08-11 16:21:17: Copy Over '/Users/andrea/Documents/_DBXAndrea/github/stats4biology_quarto/_site/seedTutorial/libs/gitbook-2.6.7/css/plugin-highlight.css' -> '/Users/andrea/Documents/_DBXAndrea/github/stats4biology/_site/seedTutorial/libs/gitbook-2.6.7/css/plugin-highlight.css' (30,762) (User Action)
2026-08-11 16:21:17: Copy Over '/Users/andrea/Documents/_DBXAndrea/github/stats4biology_quarto/_site/seedTutorial/libs/gitbook-2.6.7/css/plugin-search.css' -> '/Users/andrea/Documents/_DBXAndrea/github/stats4biology/_site/seedTutorial/libs/gitbook-2.6.7/css/plugin-search.css' (694) (User Action)
2026-08-11 16:21:17: Copy Over '/Users/andrea/Documents/_DBXAndrea/github/stats4biology_quarto/_site/seedTutorial/libs/gitbook-2.6.7/css/plugin-table.css' -> '/Users/andrea/Documents/_DBXAndrea/github/stats4biology/_site/seedTutorial/libs/gitbook-2.6.7/css/plugin-table.css' (623) (User Action)
2026-08-11 16:21:17: Copy Over '/Users/andrea/Documents/_DBXAndrea/github/stats4biology_quarto/_site/seedTutorial/libs/gitbook-2.6.7/css/style.css' -> '/Users/andrea/Documents/_DBXAndrea/github/stats4biology/_site/seedTutorial/libs/gitbook-2.6.7/css/style.css' (38,516) (User Action)
2026-08-11 16:21:17: Copy Over '/Users/andrea/Documents/_DBXAndrea/github/stats4biology_quarto/_site/seedTutorial/libs/gitbook-2.6.7/js/app.min.js' -> '/Users/andrea/Documents/_DBXAndrea/github/stats4biology/_site/seedTutorial/libs/gitbook-2.6.7/js/app.min.js' (146,237) (User Action)
2026-08-11 16:21:17: Copy Over '/Users/andrea/Documents/_DBXAndrea/github/stats4biology_quarto/_site/seedTutorial/libs/gitbook-2.6.7/js/clipboard.min.js' -> '/Users/andrea/Documents/_DBXAndrea/github/stats4biology/_site/seedTutorial/libs/gitbook-2.6.7/js/clipboard.min.js' (10,754) (User Action)
2026-08-11 16:21:17: Copy Over '/Users/andrea/Documents/_DBXAndrea/github/stats4biology_quarto/_site/seedTutorial/libs/gitbook-2.6.7/js/jquery.highlight.js' -> '/Users/andrea/Documents/_DBXAndrea/github/stats4biology/_site/seedTutorial/libs/gitbook-2.6.7/js/jquery.highlight.js' (3,201) (User Action)
2026-08-11 16:21:17: Copy Over '/Users/andrea/Documents/_DBXAndrea/github/stats4biology_quarto/_site/seedTutorial/libs/gitbook-2.6.7/js/plugin-bookdown.js' -> '/Users/andrea/Documents/_DBXAndrea/github/stats4biology/_site/seedTutorial/libs/gitbook-2.6.7/js/plugin-bookdown.js' (8,991) (User Action)
2026-08-11 16:21:17: Copy Over '/Users/andrea/Documents/_DBXAndrea/github/stats4biology_quarto/_site/seedTutorial/libs/gitbook-2.6.7/js/plugin-clipboard.js' -> '/Users/andrea/Documents/_DBXAndrea/github/stats4biology/_site/seedTutorial/libs/gitbook-2.6.7/js/plugin-clipboard.js' (907) (User Action)
2026-08-11 16:21:17: Copy Over '/Users/andrea/Documents/_DBXAndrea/github/stats4biology_quarto/_site/seedTutorial/libs/gitbook-2.6.7/js/plugin-fontsettings.js' -> '/Users/andrea/Documents/_DBXAndrea/github/stats4biology/_site/seedTutorial/libs/gitbook-2.6.7/js/plugin-fontsettings.js' (4,056) (User Action)
2026-08-11 16:21:17: Copy Over '/Users/andrea/Documents/_DBXAndrea/github/stats4biology_quarto/_site/seedTutorial/libs/gitbook-2.6.7/js/plugin-search.js' -> '/Users/andrea/Documents/_DBXAndrea/github/stats4biology/_site/seedTutorial/libs/gitbook-2.6.7/js/plugin-search.js' (9,078) (User Action)
2026-08-11 16:21:17: Copy Over '/Users/andrea/Documents/_DBXAndrea/github/stats4biology_quarto/_site/seedTutorial/libs/gitbook-2.6.7/js/plugin-sharing.js' -> '/Users/andrea/Documents/_DBXAndrea/github/stats4biology/_site/seedTutorial/libs/gitbook-2.6.7/js/plugin-sharing.js' (4,027) (User Action)
2026-08-11 16:21:17: Copy Over '/Users/andrea/Documents/_DBXAndrea/github/stats4biology_quarto/_site/seedTutorial/libs/jquery-3.6.0/jquery-3.6.0.min.js' -> '/Users/andrea/Documents/_DBXAndrea/github/stats4biology/_site/seedTutorial/libs/jquery-3.6.0/jquery-3.6.0.min.js' (89,501) (User Action)
2026-08-11 16:21:17: Copy Over '/Users/andrea/Documents/_DBXAndrea/github/stats4biology_quarto/_site/seedTutorial/peculiarities-of-seed-science-data.html' -> '/Users/andrea/Documents/_DBXAndrea/github/stats4biology/_site/seedTutorial/peculiarities-of-seed-science-data.html' (25,341) (User Action)
2026-08-11 16:21:17: Copy Over '/Users/andrea/Documents/_DBXAndrea/github/stats4biology_quarto/_site/seedTutorial/predictions-from-a-parametric-time-to-event-model.html' -> '/Users/andrea/Documents/_DBXAndrea/github/stats4biology/_site/seedTutorial/predictions-from-a-parametric-time-to-event-model.html' (41,009) (User Action)
2026-08-11 16:21:17: Copy Over '/Users/andrea/Documents/_DBXAndrea/github/stats4biology_quarto/_site/seedTutorial/predictions-from-a-time-to-event-model-from-literature.html' -> '/Users/andrea/Documents/_DBXAndrea/github/stats4biology/_site/seedTutorial/predictions-from-a-time-to-event-model-from-literature.html' (25,371) (User Action)
2026-08-11 16:21:17: Copy Over '/Users/andrea/Documents/_DBXAndrea/github/stats4biology_quarto/_site/seedTutorial/predictions-from-non-parametric-time-to-event-models.html' -> '/Users/andrea/Documents/_DBXAndrea/github/stats4biology/_site/seedTutorial/predictions-from-non-parametric-time-to-event-models.html' (28,837) (User Action)
2026-08-11 16:21:17: Copy Over '/Users/andrea/Documents/_DBXAndrea/github/stats4biology_quarto/_site/seedTutorial/predictions-from-time-to-event-models.html' -> '/Users/andrea/Documents/_DBXAndrea/github/stats4biology/_site/seedTutorial/predictions-from-time-to-event-models.html' (54,036) (User Action)
2026-08-11 16:21:17: Copy Over '/Users/andrea/Documents/_DBXAndrea/github/stats4biology_quarto/_site/seedTutorial/quantiles-and-effective-doses-ed.html' -> '/Users/andrea/Documents/_DBXAndrea/github/stats4biology/_site/seedTutorial/quantiles-and-effective-doses-ed.html' (22,839) (User Action)
2026-08-11 16:21:17: Copy Over '/Users/andrea/Documents/_DBXAndrea/github/stats4biology_quarto/_site/seedTutorial/quantiles-from-time-to-event-models.html' -> '/Users/andrea/Documents/_DBXAndrea/github/stats4biology/_site/seedTutorial/quantiles-from-time-to-event-models.html' (65,479) (User Action)
2026-08-11 16:21:17: Copy Over '/Users/andrea/Documents/_DBXAndrea/github/stats4biology_quarto/_site/seedTutorial/references.html' -> '/Users/andrea/Documents/_DBXAndrea/github/stats4biology/_site/seedTutorial/references.html' (33,936) (User Action)
2026-08-11 16:21:17: Copy Over '/Users/andrea/Documents/_DBXAndrea/github/stats4biology_quarto/_site/seedTutorial/reshaping-time-to-event-data.html' -> '/Users/andrea/Documents/_DBXAndrea/github/stats4biology/_site/seedTutorial/reshaping-time-to-event-data.html' (48,108) (User Action)
2026-08-11 16:21:17: Copy Over '/Users/andrea/Documents/_DBXAndrea/github/stats4biology_quarto/_site/seedTutorial/search_index.json' -> '/Users/andrea/Documents/_DBXAndrea/github/stats4biology/_site/seedTutorial/search_index.json' (11,511) (User Action)
2026-08-11 16:21:17: Copy Over '/Users/andrea/Documents/_DBXAndrea/github/stats4biology_quarto/_site/seedTutorial/style.css' -> '/Users/andrea/Documents/_DBXAndrea/github/stats4biology/_site/seedTutorial/style.css' (172) (User Action)
2026-08-11 16:21:17: Copy Over '/Users/andrea/Documents/_DBXAndrea/github/stats4biology_quarto/_site/seedTutorial/time-to-event-models-for-seed-germinationemergence.html' -> '/Users/andrea/Documents/_DBXAndrea/github/stats4biology/_site/seedTutorial/time-to-event-models-for-seed-germinationemergence.html' (58,734) (User Action)
2026-08-11 16:21:17: Copy Over '/Users/andrea/Documents/_DBXAndrea/github/stats4biology_quarto/_site/seedTutorial/what-is-time-to-event-data.html' -> '/Users/andrea/Documents/_DBXAndrea/github/stats4biology/_site/seedTutorial/what-is-time-to-event-data.html' (88,916) (User Action)
2026-08-11 16:21:17: Copy Over '/Users/andrea/Documents/_DBXAndrea/github/stats4biology_quarto/_site/site_libs/bootstrap/bootstrap-40660c7df68f9134ae342454c17cf2af.min.css' -> '/Users/andrea/Documents/_DBXAndrea/github/stats4biology/_site/site_libs/bootstrap/bootstrap-40660c7df68f9134ae342454c17cf2af.min.css' (498,651) (User Action)
2026-08-11 16:21:17: Copy Over '/Users/andrea/Documents/_DBXAndrea/github/stats4biology_quarto/_site/site_libs/bootstrap/bootstrap-icons.css' -> '/Users/andrea/Documents/_DBXAndrea/github/stats4biology/_site/site_libs/bootstrap/bootstrap-icons.css' (99,464) (User Action)
2026-08-11 16:21:17: Copy Over '/Users/andrea/Documents/_DBXAndrea/github/stats4biology_quarto/_site/site_libs/bootstrap/bootstrap-icons.woff' -> '/Users/andrea/Documents/_DBXAndrea/github/stats4biology/_site/site_libs/bootstrap/bootstrap-icons.woff' (180,288) (User Action)
2026-08-11 16:21:17: Copy Over '/Users/andrea/Documents/_DBXAndrea/github/stats4biology_quarto/_site/site_libs/bootstrap/bootstrap.min.js' -> '/Users/andrea/Documents/_DBXAndrea/github/stats4biology/_site/site_libs/bootstrap/bootstrap.min.js' (80,668) (User Action)
2026-08-11 16:21:17: Copy Over '/Users/andrea/Documents/_DBXAndrea/github/stats4biology_quarto/_site/site_libs/clipboard/clipboard.min.js' -> '/Users/andrea/Documents/_DBXAndrea/github/stats4biology/_site/site_libs/clipboard/clipboard.min.js' (9,160) (User Action)
2026-08-11 16:21:17: Copy Over '/Users/andrea/Documents/_DBXAndrea/github/stats4biology_quarto/_site/site_libs/quarto-html/anchor.min.js' -> '/Users/andrea/Documents/_DBXAndrea/github/stats4biology/_site/site_libs/quarto-html/anchor.min.js' (5,888) (User Action)
2026-08-11 16:21:17: Copy Over '/Users/andrea/Documents/_DBXAndrea/github/stats4biology_quarto/_site/site_libs/quarto-html/popper.min.js' -> '/Users/andrea/Documents/_DBXAndrea/github/stats4biology/_site/site_libs/quarto-html/popper.min.js' (20,084) (User Action)
2026-08-11 16:21:17: Copy Over '/Users/andrea/Documents/_DBXAndrea/github/stats4biology_quarto/_site/site_libs/quarto-html/quarto-syntax-highlighting-7f8f88aac4f3542376d5c11b86a4c14d.css' -> '/Users/andrea/Documents/_DBXAndrea/github/stats4biology/_site/site_libs/quarto-html/quarto-syntax-highlighting-7f8f88aac4f3542376d5c11b86a4c14d.css' (3,678) (User Action)
2026-08-11 16:21:17: Copy Over '/Users/andrea/Documents/_DBXAndrea/github/stats4biology_quarto/_site/site_libs/quarto-html/quarto.js' -> '/Users/andrea/Documents/_DBXAndrea/github/stats4biology/_site/site_libs/quarto-html/quarto.js' (26,830) (User Action)
2026-08-11 16:21:17: Copy Over '/Users/andrea/Documents/_DBXAndrea/github/stats4biology_quarto/_site/site_libs/quarto-html/tabsets/tabsets.js' -> '/Users/andrea/Documents/_DBXAndrea/github/stats4biology/_site/site_libs/quarto-html/tabsets/tabsets.js' (2,882) (User Action)
2026-08-11 16:21:17: Copy Over '/Users/andrea/Documents/_DBXAndrea/github/stats4biology_quarto/_site/site_libs/quarto-html/tippy.css' -> '/Users/andrea/Documents/_DBXAndrea/github/stats4biology/_site/site_libs/quarto-html/tippy.css' (1,409) (User Action)
2026-08-11 16:21:17: Copy Over '/Users/andrea/Documents/_DBXAndrea/github/stats4biology_quarto/_site/site_libs/quarto-html/tippy.umd.min.js' -> '/Users/andrea/Documents/_DBXAndrea/github/stats4biology/_site/site_libs/quarto-html/tippy.umd.min.js' (24,033) (User Action)
2026-08-11 16:21:17: Copy Over '/Users/andrea/Documents/_DBXAndrea/github/stats4biology_quarto/_site/site_libs/quarto-listing/list.min.js' -> '/Users/andrea/Documents/_DBXAndrea/github/stats4biology/_site/site_libs/quarto-listing/list.min.js' (19,446) (User Action)
2026-08-11 16:21:17: Copy Over '/Users/andrea/Documents/_DBXAndrea/github/stats4biology_quarto/_site/site_libs/quarto-listing/quarto-listing.js' -> '/Users/andrea/Documents/_DBXAndrea/github/stats4biology/_site/site_libs/quarto-listing/quarto-listing.js' (7,111) (User Action)
2026-08-11 16:21:17: Copy Over '/Users/andrea/Documents/_DBXAndrea/github/stats4biology_quarto/_site/site_libs/quarto-nav/headroom.min.js' -> '/Users/andrea/Documents/_DBXAndrea/github/stats4biology/_site/site_libs/quarto-nav/headroom.min.js' (4,570) (User Action)
2026-08-11 16:21:17: Copy Over '/Users/andrea/Documents/_DBXAndrea/github/stats4biology_quarto/_site/site_libs/quarto-nav/quarto-nav.js' -> '/Users/andrea/Documents/_DBXAndrea/github/stats4biology/_site/site_libs/quarto-nav/quarto-nav.js' (9,636) (User Action)
2026-08-11 16:21:17: Copy Over '/Users/andrea/Documents/_DBXAndrea/github/stats4biology_quarto/_site/site_libs/quarto-search/autocomplete.umd.js' -> '/Users/andrea/Documents/_DBXAndrea/github/stats4biology/_site/site_libs/quarto-search/autocomplete.umd.js' (96,397) (User Action)
2026-08-11 16:21:17: Copy Over '/Users/andrea/Documents/_DBXAndrea/github/stats4biology_quarto/_site/site_libs/quarto-search/fuse.min.js' -> '/Users/andrea/Documents/_DBXAndrea/github/stats4biology/_site/site_libs/quarto-search/fuse.min.js' (23,539) (User Action)
2026-08-11 16:21:17: Copy Over '/Users/andrea/Documents/_DBXAndrea/github/stats4biology_quarto/_site/site_libs/quarto-search/quarto-search.js' -> '/Users/andrea/Documents/_DBXAndrea/github/stats4biology/_site/site_libs/quarto-search/quarto-search.js' (43,121) (User Action)
2026-08-11 16:21:17: Copy Over '/Users/andrea/Documents/_DBXAndrea/github/stats4biology_quarto/_site/sitemap.xml' -> '/Users/andrea/Documents/_DBXAndrea/github/stats4biology/_site/sitemap.xml' (2,962) (User Action)
2026-08-11 16:21:17: Copy Over '/Users/andrea/Documents/_DBXAndrea/github/stats4biology_quarto/_site/styles.css' -> '/Users/andrea/Documents/_DBXAndrea/github/stats4biology/_site/styles.css' (140) (User Action)
2026-08-11 16:21:17: Copy Over '/Users/andrea/Documents/_DBXAndrea/github/stats4biology_quarto/_site/tags/nonlinear_regression/index.html' -> '/Users/andrea/Documents/_DBXAndrea/github/stats4biology/_site/tags/nonlinear_regression/index.html' (332) (User Action)
2026-08-11 16:21:18: Copy Over '/Users/andrea/Documents/_DBXAndrea/github/stats4biology_quarto/_site/tags/nonlinear_regression/usefulequations/index.html' -> '/Users/andrea/Documents/_DBXAndrea/github/stats4biology/_site/tags/nonlinear_regression/usefulequations/index.html' (620) (User Action)
2026-08-11 16:21:18: Copy Over '/Users/andrea/Documents/_DBXAndrea/github/stats4biology_quarto/_site/tags/r/index.xml' -> '/Users/andrea/Documents/_DBXAndrea/github/stats4biology/_site/tags/r/index.xml' (362,670) (User Action)
2026-08-11 16:21:18: Copy Over '/Users/andrea/Documents/_DBXAndrea/github/stats4biology_quarto/_site/tutorials.html' -> '/Users/andrea/Documents/_DBXAndrea/github/stats4biology/_site/tutorials.html' (24,258) (User Action)
2026-08-11 16:21:18: Copy Over '/Users/andrea/Documents/_DBXAndrea/github/stats4biology_quarto/_Statbook/404.html' -> '/Users/andrea/Documents/_DBXAndrea/github/stats4biology/_Statbook/404.html' (62,563) (User Action)
2026-08-11 16:21:18: Copy Over '/Users/andrea/Documents/_DBXAndrea/github/stats4biology_quarto/_Statbook/_images/CorrelationExample.png' -> '/Users/andrea/Documents/_DBXAndrea/github/stats4biology/_Statbook/_images/CorrelationExample.png' (68,929) (User Action)
2026-08-11 16:21:18: Copy Over '/Users/andrea/Documents/_DBXAndrea/github/stats4biology_quarto/_Statbook/_images/cover.jpeg' -> '/Users/andrea/Documents/_DBXAndrea/github/stats4biology/_Statbook/_images/cover.jpeg' (1,051,540) (User Action)
2026-08-11 16:21:18: Copy Over '/Users/andrea/Documents/_DBXAndrea/github/stats4biology_quarto/_Statbook/_images/coverSpringer.jpg' -> '/Users/andrea/Documents/_DBXAndrea/github/stats4biology/_Statbook/_images/coverSpringer.jpg' (17,022) (User Action)
2026-08-11 16:21:18: Copy Over '/Users/andrea/Documents/_DBXAndrea/github/stats4biology_quarto/_Statbook/_images/FalseResults.jpg' -> '/Users/andrea/Documents/_DBXAndrea/github/stats4biology/_Statbook/_images/FalseResults.jpg' (46,919) (User Action)
2026-08-11 16:21:18: Copy Over '/Users/andrea/Documents/_DBXAndrea/github/stats4biology_quarto/_Statbook/_images/InferenceProcess.jpeg' -> '/Users/andrea/Documents/_DBXAndrea/github/stats4biology/_Statbook/_images/InferenceProcess.jpeg' (99,749) (User Action)
2026-08-11 16:21:18: Copy Over '/Users/andrea/Documents/_DBXAndrea/github/stats4biology_quarto/_Statbook/_images/Mappa1.png' -> '/Users/andrea/Documents/_DBXAndrea/github/stats4biology/_Statbook/_images/Mappa1.png' (32,716) (User Action)
2026-08-11 16:21:18: Copy Over '/Users/andrea/Documents/_DBXAndrea/github/stats4biology_quarto/_Statbook/_images/Mappa1CRBD.png' -> '/Users/andrea/Documents/_DBXAndrea/github/stats4biology/_Statbook/_images/Mappa1CRBD.png' (49,454) (User Action)
2026-08-11 16:21:18: Copy Over '/Users/andrea/Documents/_DBXAndrea/github/stats4biology_quarto/_Statbook/_images/Mappa1CRD.png' -> '/Users/andrea/Documents/_DBXAndrea/github/stats4biology/_Statbook/_images/Mappa1CRD.png' (51,098) (User Action)
2026-08-11 16:21:18: Copy Over '/Users/andrea/Documents/_DBXAndrea/github/stats4biology_quarto/_Statbook/_images/Mappa2LS.png' -> '/Users/andrea/Documents/_DBXAndrea/github/stats4biology/_Statbook/_images/Mappa2LS.png' (31,892) (User Action)
2026-08-11 16:21:18: Copy Over '/Users/andrea/Documents/_DBXAndrea/github/stats4biology_quarto/_Statbook/_images/Mappa3FATT.png' -> '/Users/andrea/Documents/_DBXAndrea/github/stats4biology/_Statbook/_images/Mappa3FATT.png' (93,598) (User Action)
2026-08-11 16:21:18: Copy Over '/Users/andrea/Documents/_DBXAndrea/github/stats4biology_quarto/_Statbook/_images/Mappa3split.png' -> '/Users/andrea/Documents/_DBXAndrea/github/stats4biology/_Statbook/_images/Mappa3split.png' (65,475) (User Action)
2026-08-11 16:21:18: Copy Over '/Users/andrea/Documents/_DBXAndrea/github/stats4biology_quarto/_Statbook/_images/Mappa3Strip.png' -> '/Users/andrea/Documents/_DBXAndrea/github/stats4biology/_Statbook/_images/Mappa3Strip.png' (57,929) (User Action)
2026-08-11 16:21:18: Copy Over '/Users/andrea/Documents/_DBXAndrea/github/stats4biology_quarto/_Statbook/_images/MSAMap.jpg' -> '/Users/andrea/Documents/_DBXAndrea/github/stats4biology/_Statbook/_images/MSAMap.jpg' (38,340) (User Action)
2026-08-11 16:21:18: Copy Over '/Users/andrea/Documents/_DBXAndrea/github/stats4biology_quarto/_Statbook/_images/OnFarmTrial.png' -> '/Users/andrea/Documents/_DBXAndrea/github/stats4biology/_Statbook/_images/OnFarmTrial.png' (1,074,859) (User Action)
2026-08-11 16:21:18: Copy Over '/Users/andrea/Documents/_DBXAndrea/github/stats4biology_quarto/_Statbook/_images/PannaAcida.png' -> '/Users/andrea/Documents/_DBXAndrea/github/stats4biology/_Statbook/_images/PannaAcida.png' (248,791) (User Action)
2026-08-11 16:21:18: Copy Over '/Users/andrea/Documents/_DBXAndrea/github/stats4biology_quarto/_Statbook/_images/PeerReview.jpg' -> '/Users/andrea/Documents/_DBXAndrea/github/stats4biology/_Statbook/_images/PeerReview.jpg' (74,755) (User Action)
2026-08-11 16:21:18: Copy Over '/Users/andrea/Documents/_DBXAndrea/github/stats4biology_quarto/_Statbook/_images/Randomisation.jpg' -> '/Users/andrea/Documents/_DBXAndrea/github/stats4biology/_Statbook/_images/Randomisation.jpg' (216,646) (User Action)
2026-08-11 16:21:18: Copy Over '/Users/andrea/Documents/_DBXAndrea/github/stats4biology_quarto/_Statbook/_images/SamplingDistribF_false.png' -> '/Users/andrea/Documents/_DBXAndrea/github/stats4biology/_Statbook/_images/SamplingDistribF_false.png' (58,304) (User Action)
2026-08-11 16:21:18: Copy Over '/Users/andrea/Documents/_DBXAndrea/github/stats4biology_quarto/_Statbook/_images/SorgoProveVarietali.jpg' -> '/Users/andrea/Documents/_DBXAndrea/github/stats4biology/_Statbook/_images/SorgoProveVarietali.jpg' (500,596) (User Action)
2026-08-11 16:21:18: Copy Over '/Users/andrea/Documents/_DBXAndrea/github/stats4biology_quarto/_Statbook/_images/statisticalErrors.jpeg' -> '/Users/andrea/Documents/_DBXAndrea/github/stats4biology/_Statbook/_images/statisticalErrors.jpeg' (52,604) (User Action)
2026-08-11 16:21:18: Copy Over '/Users/andrea/Documents/_DBXAndrea/github/stats4biology_quarto/_Statbook/_images/TurniOperatori.png' -> '/Users/andrea/Documents/_DBXAndrea/github/stats4biology/_Statbook/_images/TurniOperatori.png' (28,320) (User Action)
2026-08-11 16:21:18: Copy Over '/Users/andrea/Documents/_DBXAndrea/github/stats4biology_quarto/_Statbook/_main.md' -> '/Users/andrea/Documents/_DBXAndrea/github/stats4biology/_Statbook/_main.md' (558,806) (User Action)
2026-08-11 16:21:18: Copy Over '/Users/andrea/Documents/_DBXAndrea/github/stats4biology_quarto/_Statbook/_main.pdf' -> '/Users/andrea/Documents/_DBXAndrea/github/stats4biology/_Statbook/_main.pdf' (4,308,702) (User Action)
2026-08-11 16:21:18: Copy Over '/Users/andrea/Documents/_DBXAndrea/github/stats4biology_quarto/_Statbook/_main.tex' -> '/Users/andrea/Documents/_DBXAndrea/github/stats4biology/_Statbook/_main.tex' (737,140) (User Action)
2026-08-11 16:21:18: Copy Over '/Users/andrea/Documents/_DBXAndrea/github/stats4biology_quarto/_Statbook/_main_files/figure-html/figName100-1.png' -> '/Users/andrea/Documents/_DBXAndrea/github/stats4biology/_Statbook/_main_files/figure-html/figName100-1.png' (68,293) (User Action)
2026-08-11 16:21:18: Copy Over '/Users/andrea/Documents/_DBXAndrea/github/stats4biology_quarto/_Statbook/_main_files/figure-html/figName100prima-1.png' -> '/Users/andrea/Documents/_DBXAndrea/github/stats4biology/_Statbook/_main_files/figure-html/figName100prima-1.png' (54,648) (User Action)
2026-08-11 16:21:18: Copy Over '/Users/andrea/Documents/_DBXAndrea/github/stats4biology_quarto/_Statbook/_main_files/figure-html/figName101-1.png' -> '/Users/andrea/Documents/_DBXAndrea/github/stats4biology/_Statbook/_main_files/figure-html/figName101-1.png' (97,348) (User Action)
2026-08-11 16:21:18: Copy Over '/Users/andrea/Documents/_DBXAndrea/github/stats4biology_quarto/_Statbook/_main_files/figure-html/figName105-1.png' -> '/Users/andrea/Documents/_DBXAndrea/github/stats4biology/_Statbook/_main_files/figure-html/figName105-1.png' (68,524) (User Action)
2026-08-11 16:21:18: Copy Over '/Users/andrea/Documents/_DBXAndrea/github/stats4biology_quarto/_Statbook/_main_files/figure-html/figName110-1.png' -> '/Users/andrea/Documents/_DBXAndrea/github/stats4biology/_Statbook/_main_files/figure-html/figName110-1.png' (39,420) (User Action)
2026-08-11 16:21:18: Copy Over '/Users/andrea/Documents/_DBXAndrea/github/stats4biology_quarto/_Statbook/_main_files/figure-html/figName110a-1.png' -> '/Users/andrea/Documents/_DBXAndrea/github/stats4biology/_Statbook/_main_files/figure-html/figName110a-1.png' (39,750) (User Action)
2026-08-11 16:21:18: Copy Over '/Users/andrea/Documents/_DBXAndrea/github/stats4biology_quarto/_Statbook/_main_files/figure-html/figName111a-1.png' -> '/Users/andrea/Documents/_DBXAndrea/github/stats4biology/_Statbook/_main_files/figure-html/figName111a-1.png' (27,844) (User Action)
2026-08-11 16:21:18: Copy Over '/Users/andrea/Documents/_DBXAndrea/github/stats4biology_quarto/_Statbook/_main_files/figure-html/figName111b-1.png' -> '/Users/andrea/Documents/_DBXAndrea/github/stats4biology/_Statbook/_main_files/figure-html/figName111b-1.png' (29,512) (User Action)
2026-08-11 16:21:18: Copy Over '/Users/andrea/Documents/_DBXAndrea/github/stats4biology_quarto/_Statbook/_main_files/figure-html/figName11doseRes-1.png' -> '/Users/andrea/Documents/_DBXAndrea/github/stats4biology/_Statbook/_main_files/figure-html/figName11doseRes-1.png' (35,511) (User Action)
2026-08-11 16:21:18: Copy Over '/Users/andrea/Documents/_DBXAndrea/github/stats4biology_quarto/_Statbook/_main_files/figure-html/figName11met-1.png' -> '/Users/andrea/Documents/_DBXAndrea/github/stats4biology/_Statbook/_main_files/figure-html/figName11met-1.png' (61,700) (User Action)
2026-08-11 16:21:18: Copy Over '/Users/andrea/Documents/_DBXAndrea/github/stats4biology_quarto/_Statbook/_main_files/figure-html/figName11modFit-1.png' -> '/Users/andrea/Documents/_DBXAndrea/github/stats4biology/_Statbook/_main_files/figure-html/figName11modFit-1.png' (26,130) (User Action)
2026-08-11 16:21:18: Copy Over '/Users/andrea/Documents/_DBXAndrea/github/stats4biology_quarto/_Statbook/_main_files/figure-html/figName121-1.png' -> '/Users/andrea/Documents/_DBXAndrea/github/stats4biology/_Statbook/_main_files/figure-html/figName121-1.png' (44,183) (User Action)
2026-08-11 16:21:18: Copy Over '/Users/andrea/Documents/_DBXAndrea/github/stats4biology_quarto/_Statbook/_main_files/figure-html/figName122-1.png' -> '/Users/andrea/Documents/_DBXAndrea/github/stats4biology/_Statbook/_main_files/figure-html/figName122-1.png' (42,121) (User Action)
2026-08-11 16:21:18: Copy Over '/Users/andrea/Documents/_DBXAndrea/github/stats4biology_quarto/_Statbook/_main_files/figure-html/figName12models-1.png' -> '/Users/andrea/Documents/_DBXAndrea/github/stats4biology/_Statbook/_main_files/figure-html/figName12models-1.png' (58,059) (User Action)
2026-08-11 16:21:18: Copy Over '/Users/andrea/Documents/_DBXAndrea/github/stats4biology_quarto/_Statbook/_main_files/figure-html/figName133-1.png' -> '/Users/andrea/Documents/_DBXAndrea/github/stats4biology/_Statbook/_main_files/figure-html/figName133-1.png' (55,039) (User Action)
2026-08-11 16:21:18: Copy Over '/Users/andrea/Documents/_DBXAndrea/github/stats4biology_quarto/_Statbook/_main_files/figure-html/figName133one-1.png' -> '/Users/andrea/Documents/_DBXAndrea/github/stats4biology/_Statbook/_main_files/figure-html/figName133one-1.png' (40,444) (User Action)
2026-08-11 16:21:18: Copy Over '/Users/andrea/Documents/_DBXAndrea/github/stats4biology_quarto/_Statbook/_main_files/figure-html/figName231-1.png' -> '/Users/andrea/Documents/_DBXAndrea/github/stats4biology/_Statbook/_main_files/figure-html/figName231-1.png' (20,104) (User Action)
2026-08-11 16:21:18: Copy Over '/Users/andrea/Documents/_DBXAndrea/github/stats4biology_quarto/_Statbook/_main_files/figure-html/figName232-1.png' -> '/Users/andrea/Documents/_DBXAndrea/github/stats4biology/_Statbook/_main_files/figure-html/figName232-1.png' (21,021) (User Action)
2026-08-11 16:21:18: Copy Over '/Users/andrea/Documents/_DBXAndrea/github/stats4biology_quarto/_Statbook/_main_files/figure-html/figName233-1.png' -> '/Users/andrea/Documents/_DBXAndrea/github/stats4biology/_Statbook/_main_files/figure-html/figName233-1.png' (27,100) (User Action)
2026-08-11 16:21:18: Copy Over '/Users/andrea/Documents/_DBXAndrea/github/stats4biology_quarto/_Statbook/_main_files/figure-html/figName233b-1.png' -> '/Users/andrea/Documents/_DBXAndrea/github/stats4biology/_Statbook/_main_files/figure-html/figName233b-1.png' (24,163) (User Action)
2026-08-11 16:21:18: Copy Over '/Users/andrea/Documents/_DBXAndrea/github/stats4biology_quarto/_Statbook/_main_files/figure-html/figName234-1.png' -> '/Users/andrea/Documents/_DBXAndrea/github/stats4biology/_Statbook/_main_files/figure-html/figName234-1.png' (20,287) (User Action)
2026-08-11 16:21:18: Copy Over '/Users/andrea/Documents/_DBXAndrea/github/stats4biology_quarto/_Statbook/_main_files/figure-html/figName235-1.png' -> '/Users/andrea/Documents/_DBXAndrea/github/stats4biology/_Statbook/_main_files/figure-html/figName235-1.png' (21,043) (User Action)
2026-08-11 16:21:18: Copy Over '/Users/andrea/Documents/_DBXAndrea/github/stats4biology_quarto/_Statbook/_main_files/figure-html/figName241-1.png' -> '/Users/andrea/Documents/_DBXAndrea/github/stats4biology/_Statbook/_main_files/figure-html/figName241-1.png' (19,360) (User Action)
2026-08-11 16:21:18: Copy Over '/Users/andrea/Documents/_DBXAndrea/github/stats4biology_quarto/_Statbook/_main_files/figure-html/figName242-1.png' -> '/Users/andrea/Documents/_DBXAndrea/github/stats4biology/_Statbook/_main_files/figure-html/figName242-1.png' (14,621) (User Action)
2026-08-11 16:21:18: Copy Over '/Users/andrea/Documents/_DBXAndrea/github/stats4biology_quarto/_Statbook/_main_files/figure-html/figName41a-1.png' -> '/Users/andrea/Documents/_DBXAndrea/github/stats4biology/_Statbook/_main_files/figure-html/figName41a-1.png' (27,476) (User Action)
2026-08-11 16:21:18: Copy Over '/Users/andrea/Documents/_DBXAndrea/github/stats4biology_quarto/_Statbook/_main_files/figure-html/figName4b5-1.png' -> '/Users/andrea/Documents/_DBXAndrea/github/stats4biology/_Statbook/_main_files/figure-html/figName4b5-1.png' (27,704) (User Action)
2026-08-11 16:21:18: Copy Over '/Users/andrea/Documents/_DBXAndrea/github/stats4biology_quarto/_Statbook/_main_files/figure-html/figName50b-1.png' -> '/Users/andrea/Documents/_DBXAndrea/github/stats4biology/_Statbook/_main_files/figure-html/figName50b-1.png' (57,511) (User Action)
2026-08-11 16:21:18: Copy Over '/Users/andrea/Documents/_DBXAndrea/github/stats4biology_quarto/_Statbook/_main_files/figure-html/figName51-1.png' -> '/Users/andrea/Documents/_DBXAndrea/github/stats4biology/_Statbook/_main_files/figure-html/figName51-1.png' (29,516) (User Action)
2026-08-11 16:21:18: Copy Over '/Users/andrea/Documents/_DBXAndrea/github/stats4biology_quarto/_Statbook/_main_files/figure-html/figName52-1.png' -> '/Users/andrea/Documents/_DBXAndrea/github/stats4biology/_Statbook/_main_files/figure-html/figName52-1.png' (28,733) (User Action)
2026-08-11 16:21:18: Copy Over '/Users/andrea/Documents/_DBXAndrea/github/stats4biology_quarto/_Statbook/_main_files/figure-html/figName52b-1.png' -> '/Users/andrea/Documents/_DBXAndrea/github/stats4biology/_Statbook/_main_files/figure-html/figName52b-1.png' (20,661) (User Action)
2026-08-11 16:21:18: Copy Over '/Users/andrea/Documents/_DBXAndrea/github/stats4biology_quarto/_Statbook/_main_files/figure-html/figName52c-1.png' -> '/Users/andrea/Documents/_DBXAndrea/github/stats4biology/_Statbook/_main_files/figure-html/figName52c-1.png' (29,414) (User Action)
2026-08-11 16:21:18: Copy Over '/Users/andrea/Documents/_DBXAndrea/github/stats4biology_quarto/_Statbook/_main_files/figure-html/figName52panels-1.png' -> '/Users/andrea/Documents/_DBXAndrea/github/stats4biology/_Statbook/_main_files/figure-html/figName52panels-1.png' (54,042) (User Action)
2026-08-11 16:21:18: Copy Over '/Users/andrea/Documents/_DBXAndrea/github/stats4biology_quarto/_Statbook/_main_files/figure-html/figName62-1.png' -> '/Users/andrea/Documents/_DBXAndrea/github/stats4biology/_Statbook/_main_files/figure-html/figName62-1.png' (30,722) (User Action)
2026-08-11 16:21:18: Copy Over '/Users/andrea/Documents/_DBXAndrea/github/stats4biology_quarto/_Statbook/_main_files/figure-html/figName62b-1.png' -> '/Users/andrea/Documents/_DBXAndrea/github/stats4biology/_Statbook/_main_files/figure-html/figName62b-1.png' (42,004) (User Action)
2026-08-11 16:21:18: Copy Over '/Users/andrea/Documents/_DBXAndrea/github/stats4biology_quarto/_Statbook/_main_files/figure-html/figName71-1.png' -> '/Users/andrea/Documents/_DBXAndrea/github/stats4biology/_Statbook/_main_files/figure-html/figName71-1.png' (42,216) (User Action)
2026-08-11 16:21:18: Copy Over '/Users/andrea/Documents/_DBXAndrea/github/stats4biology_quarto/_Statbook/_main_files/figure-html/figNameA3113-1.png' -> '/Users/andrea/Documents/_DBXAndrea/github/stats4biology/_Statbook/_main_files/figure-html/figNameA3113-1.png' (26,410) (User Action)
2026-08-11 16:21:18: Copy Over '/Users/andrea/Documents/_DBXAndrea/github/stats4biology_quarto/_Statbook/_main_files/figure-html/figNameF-1.png' -> '/Users/andrea/Documents/_DBXAndrea/github/stats4biology/_Statbook/_main_files/figure-html/figNameF-1.png' (29,616) (User Action)
2026-08-11 16:21:18: Copy Over '/Users/andrea/Documents/_DBXAndrea/github/stats4biology_quarto/_Statbook/_main_files/figure-html/unnamed-chunk-212-1.png' -> '/Users/andrea/Documents/_DBXAndrea/github/stats4biology/_Statbook/_main_files/figure-html/unnamed-chunk-212-1.png' (34,391) (User Action)
2026-08-11 16:21:18: Copy Over '/Users/andrea/Documents/_DBXAndrea/github/stats4biology_quarto/_Statbook/appendice-a-breve-introduzione-ad-r.html' -> '/Users/andrea/Documents/_DBXAndrea/github/stats4biology/_Statbook/appendice-a-breve-introduzione-ad-r.html' (125,637) (User Action)
2026-08-11 16:21:18: Copy Over '/Users/andrea/Documents/_DBXAndrea/github/stats4biology_quarto/_Statbook/appendice-b-statistica-descrittiva-per-le-variabili-nominali.html' -> '/Users/andrea/Documents/_DBXAndrea/github/stats4biology/_Statbook/appendice-b-statistica-descrittiva-per-le-variabili-nominali.html' (93,339) (User Action)
2026-08-11 16:21:18: Copy Over '/Users/andrea/Documents/_DBXAndrea/github/stats4biology_quarto/_Statbook/appendice-c-intervalli-di-confidenza-per-una-proporzione.html' -> '/Users/andrea/Documents/_DBXAndrea/github/stats4biology/_Statbook/appendice-c-intervalli-di-confidenza-per-una-proporzione.html' (73,305) (User Action)
2026-08-11 16:21:18: Copy Over '/Users/andrea/Documents/_DBXAndrea/github/stats4biology_quarto/_Statbook/appendice-e-confronto-di-due-proporzioni.html' -> '/Users/andrea/Documents/_DBXAndrea/github/stats4biology/_Statbook/appendice-e-confronto-di-due-proporzioni.html' (79,954) (User Action)
2026-08-11 16:21:18: Copy Over '/Users/andrea/Documents/_DBXAndrea/github/stats4biology_quarto/_Statbook/appendice-f-alcuni-problemi-collegati-con-le-deviazioni-rispetti-agli-assunti-di-base.html' -> '/Users/andrea/Documents/_DBXAndrea/github/stats4biology/_Statbook/appendice-f-alcuni-problemi-collegati-con-le-deviazioni-rispetti-agli-assunti-di-base.html' (66,934) (User Action)
2026-08-11 16:21:18: Copy Over '/Users/andrea/Documents/_DBXAndrea/github/stats4biology_quarto/_Statbook/book_assets/anchor-sections-1.1.0/anchor-sections-hash.css' -> '/Users/andrea/Documents/_DBXAndrea/github/stats4biology/_Statbook/book_assets/anchor-sections-1.1.0/anchor-sections-hash.css' (89) (User Action)
2026-08-11 16:21:18: Copy Over '/Users/andrea/Documents/_DBXAndrea/github/stats4biology_quarto/_Statbook/book_assets/anchor-sections-1.1.0/anchor-sections.css' -> '/Users/andrea/Documents/_DBXAndrea/github/stats4biology/_Statbook/book_assets/anchor-sections-1.1.0/anchor-sections.css' (207) (User Action)
2026-08-11 16:21:18: Copy Over '/Users/andrea/Documents/_DBXAndrea/github/stats4biology_quarto/_Statbook/book_assets/anchor-sections-1.1.0/anchor-sections.js' -> '/Users/andrea/Documents/_DBXAndrea/github/stats4biology/_Statbook/book_assets/anchor-sections-1.1.0/anchor-sections.js' (487) (User Action)
2026-08-11 16:21:18: Copy Over '/Users/andrea/Documents/_DBXAndrea/github/stats4biology_quarto/_Statbook/book_assets/gitbook-2.6.7/css/fontawesome/fontawesome-webfont.ttf' -> '/Users/andrea/Documents/_DBXAndrea/github/stats4biology/_Statbook/book_assets/gitbook-2.6.7/css/fontawesome/fontawesome-webfont.ttf' (165,548) (User Action)
2026-08-11 16:21:18: Copy Over '/Users/andrea/Documents/_DBXAndrea/github/stats4biology_quarto/_Statbook/book_assets/gitbook-2.6.7/css/plugin-bookdown.css' -> '/Users/andrea/Documents/_DBXAndrea/github/stats4biology/_Statbook/book_assets/gitbook-2.6.7/css/plugin-bookdown.css' (2,549) (User Action)
2026-08-11 16:21:18: Copy Over '/Users/andrea/Documents/_DBXAndrea/github/stats4biology_quarto/_Statbook/book_assets/gitbook-2.6.7/css/plugin-clipboard.css' -> '/Users/andrea/Documents/_DBXAndrea/github/stats4biology/_Statbook/book_assets/gitbook-2.6.7/css/plugin-clipboard.css' (266) (User Action)
2026-08-11 16:21:18: Copy Over '/Users/andrea/Documents/_DBXAndrea/github/stats4biology_quarto/_Statbook/book_assets/gitbook-2.6.7/css/plugin-fontsettings.css' -> '/Users/andrea/Documents/_DBXAndrea/github/stats4biology/_Statbook/book_assets/gitbook-2.6.7/css/plugin-fontsettings.css' (8,787) (User Action)
2026-08-11 16:21:18: Copy Over '/Users/andrea/Documents/_DBXAndrea/github/stats4biology_quarto/_Statbook/book_assets/gitbook-2.6.7/css/plugin-highlight.css' -> '/Users/andrea/Documents/_DBXAndrea/github/stats4biology/_Statbook/book_assets/gitbook-2.6.7/css/plugin-highlight.css' (30,762) (User Action)
2026-08-11 16:21:18: Copy Over '/Users/andrea/Documents/_DBXAndrea/github/stats4biology_quarto/_Statbook/book_assets/gitbook-2.6.7/css/plugin-search.css' -> '/Users/andrea/Documents/_DBXAndrea/github/stats4biology/_Statbook/book_assets/gitbook-2.6.7/css/plugin-search.css' (694) (User Action)
2026-08-11 16:21:18: Copy Over '/Users/andrea/Documents/_DBXAndrea/github/stats4biology_quarto/_Statbook/book_assets/gitbook-2.6.7/css/plugin-table.css' -> '/Users/andrea/Documents/_DBXAndrea/github/stats4biology/_Statbook/book_assets/gitbook-2.6.7/css/plugin-table.css' (623) (User Action)
2026-08-11 16:21:18: Copy Over '/Users/andrea/Documents/_DBXAndrea/github/stats4biology_quarto/_Statbook/book_assets/gitbook-2.6.7/css/style.css' -> '/Users/andrea/Documents/_DBXAndrea/github/stats4biology/_Statbook/book_assets/gitbook-2.6.7/css/style.css' (48,663) (User Action)
2026-08-11 16:21:18: Copy Over '/Users/andrea/Documents/_DBXAndrea/github/stats4biology_quarto/_Statbook/book_assets/gitbook-2.6.7/js/app.min.js' -> '/Users/andrea/Documents/_DBXAndrea/github/stats4biology/_Statbook/book_assets/gitbook-2.6.7/js/app.min.js' (146,237) (User Action)
2026-08-11 16:21:18: Copy Over '/Users/andrea/Documents/_DBXAndrea/github/stats4biology_quarto/_Statbook/book_assets/gitbook-2.6.7/js/clipboard.min.js' -> '/Users/andrea/Documents/_DBXAndrea/github/stats4biology/_Statbook/book_assets/gitbook-2.6.7/js/clipboard.min.js' (10,754) (User Action)
2026-08-11 16:21:18: Copy Over '/Users/andrea/Documents/_DBXAndrea/github/stats4biology_quarto/_Statbook/book_assets/gitbook-2.6.7/js/jquery.highlight.js' -> '/Users/andrea/Documents/_DBXAndrea/github/stats4biology/_Statbook/book_assets/gitbook-2.6.7/js/jquery.highlight.js' (3,201) (User Action)
2026-08-11 16:21:18: Copy Over '/Users/andrea/Documents/_DBXAndrea/github/stats4biology_quarto/_Statbook/book_assets/gitbook-2.6.7/js/plugin-bookdown.js' -> '/Users/andrea/Documents/_DBXAndrea/github/stats4biology/_Statbook/book_assets/gitbook-2.6.7/js/plugin-bookdown.js' (8,991) (User Action)
2026-08-11 16:21:18: Copy Over '/Users/andrea/Documents/_DBXAndrea/github/stats4biology_quarto/_Statbook/book_assets/gitbook-2.6.7/js/plugin-clipboard.js' -> '/Users/andrea/Documents/_DBXAndrea/github/stats4biology/_Statbook/book_assets/gitbook-2.6.7/js/plugin-clipboard.js' (1,113) (User Action)
2026-08-11 16:21:18: Copy Over '/Users/andrea/Documents/_DBXAndrea/github/stats4biology_quarto/_Statbook/book_assets/gitbook-2.6.7/js/plugin-fontsettings.js' -> '/Users/andrea/Documents/_DBXAndrea/github/stats4biology/_Statbook/book_assets/gitbook-2.6.7/js/plugin-fontsettings.js' (4,056) (User Action)
2026-08-11 16:21:18: Copy Over '/Users/andrea/Documents/_DBXAndrea/github/stats4biology_quarto/_Statbook/book_assets/gitbook-2.6.7/js/plugin-search.js' -> '/Users/andrea/Documents/_DBXAndrea/github/stats4biology/_Statbook/book_assets/gitbook-2.6.7/js/plugin-search.js' (9,078) (User Action)
2026-08-11 16:21:18: Copy Over '/Users/andrea/Documents/_DBXAndrea/github/stats4biology_quarto/_Statbook/book_assets/gitbook-2.6.7/js/plugin-sharing.js' -> '/Users/andrea/Documents/_DBXAndrea/github/stats4biology/_Statbook/book_assets/gitbook-2.6.7/js/plugin-sharing.js' (4,027) (User Action)
2026-08-11 16:21:18: Copy Over '/Users/andrea/Documents/_DBXAndrea/github/stats4biology_quarto/_Statbook/book_assets/jquery-3.6.0/jquery-3.6.0.min.js' -> '/Users/andrea/Documents/_DBXAndrea/github/stats4biology/_Statbook/book_assets/jquery-3.6.0/jquery-3.6.0.min.js' (89,501) (User Action)
2026-08-11 16:21:18: Copy Over '/Users/andrea/Documents/_DBXAndrea/github/stats4biology_quarto/_Statbook/breve-introduzione-ai-modelli-misti.html' -> '/Users/andrea/Documents/_DBXAndrea/github/stats4biology/_Statbook/breve-introduzione-ai-modelli-misti.html' (199,610) (User Action)
2026-08-11 16:21:18: Copy Over '/Users/andrea/Documents/_DBXAndrea/github/stats4biology_quarto/_Statbook/combinazioni-linearinonlineari-dei-parametri.html' -> '/Users/andrea/Documents/_DBXAndrea/github/stats4biology/_Statbook/combinazioni-linearinonlineari-dei-parametri.html' (215,817) (User Action)
2026-08-11 16:21:18: Copy Over '/Users/andrea/Documents/_DBXAndrea/github/stats4biology_quarto/_Statbook/decisioni-ed-incertezza.html' -> '/Users/andrea/Documents/_DBXAndrea/github/stats4biology/_Statbook/decisioni-ed-incertezza.html' (128,227) (User Action)
2026-08-11 16:21:18: Copy Over '/Users/andrea/Documents/_DBXAndrea/github/stats4biology_quarto/_Statbook/index.html' -> '/Users/andrea/Documents/_DBXAndrea/github/stats4biology/_Statbook/index.html' (75,533) (User Action)
2026-08-11 16:21:18: Copy Over '/Users/andrea/Documents/_DBXAndrea/github/stats4biology_quarto/_Statbook/index.md' -> '/Users/andrea/Documents/_DBXAndrea/github/stats4biology/_Statbook/index.md' (566,575) (User Action)
2026-08-11 16:21:18: Copy Over '/Users/andrea/Documents/_DBXAndrea/github/stats4biology_quarto/_Statbook/le-relazioni-causa-effetto.html' -> '/Users/andrea/Documents/_DBXAndrea/github/stats4biology/_Statbook/le-relazioni-causa-effetto.html' (170,146) (User Action)
2026-08-11 16:21:18: Copy Over '/Users/andrea/Documents/_DBXAndrea/github/stats4biology_quarto/_Statbook/modelli-di-regressione-avanzati.html' -> '/Users/andrea/Documents/_DBXAndrea/github/stats4biology/_Statbook/modelli-di-regressione-avanzati.html' (169,138) (User Action)
2026-08-11 16:21:18: Copy Over '/Users/andrea/Documents/_DBXAndrea/github/stats4biology_quarto/_Statbook/modelli-stocastici.html' -> '/Users/andrea/Documents/_DBXAndrea/github/stats4biology/_Statbook/modelli-stocastici.html' (130,774) (User Action)
2026-08-11 16:21:18: Copy Over '/Users/andrea/Documents/_DBXAndrea/github/stats4biology_quarto/_Statbook/progettare-un-esperimento.html' -> '/Users/andrea/Documents/_DBXAndrea/github/stats4biology/_Statbook/progettare-un-esperimento.html' (125,221) (User Action)
2026-08-11 16:21:18: Copy Over '/Users/andrea/Documents/_DBXAndrea/github/stats4biology_quarto/_Statbook/richiami-di-statistica-descrittiva.html' -> '/Users/andrea/Documents/_DBXAndrea/github/stats4biology/_Statbook/richiami-di-statistica-descrittiva.html' (104,450) (User Action)
2026-08-11 16:21:18: Copy Over '/Users/andrea/Documents/_DBXAndrea/github/stats4biology_quarto/_Statbook/ricomponiamo-il-puzzle.html' -> '/Users/andrea/Documents/_DBXAndrea/github/stats4biology/_Statbook/ricomponiamo-il-puzzle.html' (193,022) (User Action)
2026-08-11 16:21:18: Copy Over '/Users/andrea/Documents/_DBXAndrea/github/stats4biology_quarto/_Statbook/scienza-e-pseudo-scienza.html' -> '/Users/andrea/Documents/_DBXAndrea/github/stats4biology/_Statbook/scienza-e-pseudo-scienza.html' (108,537) (User Action)
2026-08-11 16:21:18: Copy Over '/Users/andrea/Documents/_DBXAndrea/github/stats4biology_quarto/_Statbook/search_index.json' -> '/Users/andrea/Documents/_DBXAndrea/github/stats4biology/_Statbook/search_index.json' (543,727) (User Action)
2026-08-11 16:21:18: Copy Over '/Users/andrea/Documents/_DBXAndrea/github/stats4biology_quarto/_Statbook/stime-ed-incertezza.html' -> '/Users/andrea/Documents/_DBXAndrea/github/stats4biology/_Statbook/stime-ed-incertezza.html' (119,854) (User Action)
2026-08-11 16:21:18: Copy Over '/Users/andrea/Documents/_DBXAndrea/github/stats4biology_quarto/_Statbook/verifica-dei-modelli.html' -> '/Users/andrea/Documents/_DBXAndrea/github/stats4biology/_Statbook/verifica-dei-modelli.html' (145,090) (User Action)
2026-08-11 16:21:18: Copy Over '/Users/andrea/Documents/_DBXAndrea/github/stats4biology_quarto/_StatbookEng/404.html' -> '/Users/andrea/Documents/_DBXAndrea/github/stats4biology/_StatbookEng/404.html' (22,370) (User Action)
2026-08-11 16:21:18: Copy Over '/Users/andrea/Documents/_DBXAndrea/github/stats4biology_quarto/_StatbookEng/_images/coverSpringer.jpg' -> '/Users/andrea/Documents/_DBXAndrea/github/stats4biology/_StatbookEng/_images/coverSpringer.jpg' (17,022) (User Action)
2026-08-11 16:21:18: Copy Over '/Users/andrea/Documents/_DBXAndrea/github/stats4biology_quarto/_StatbookEng/_images/Esercizio2.7.xls.png' -> '/Users/andrea/Documents/_DBXAndrea/github/stats4biology/_StatbookEng/_images/Esercizio2.7.xls.png' (286,437) (User Action)
2026-08-11 16:21:18: Copy Over '/Users/andrea/Documents/_DBXAndrea/github/stats4biology_quarto/_StatbookEng/_main_files/figure-html/unnamed-chunk-7-1.png' -> '/Users/andrea/Documents/_DBXAndrea/github/stats4biology/_StatbookEng/_main_files/figure-html/unnamed-chunk-7-1.png' (34,849) (User Action)
2026-08-11 16:21:18: Copy Over '/Users/andrea/Documents/_DBXAndrea/github/stats4biology_quarto/_StatbookEng/_main_files/figure-html/unnamed-chunk-8-1.png' -> '/Users/andrea/Documents/_DBXAndrea/github/stats4biology/_StatbookEng/_main_files/figure-html/unnamed-chunk-8-1.png' (34,849) (User Action)
2026-08-11 16:21:18: Copy Over '/Users/andrea/Documents/_DBXAndrea/github/stats4biology_quarto/_StatbookEng/book_assets/anchor-sections-1.1.0/anchor-sections-hash.css' -> '/Users/andrea/Documents/_DBXAndrea/github/stats4biology/_StatbookEng/book_assets/anchor-sections-1.1.0/anchor-sections-hash.css' (89) (User Action)
2026-08-11 16:21:18: Copy Over '/Users/andrea/Documents/_DBXAndrea/github/stats4biology_quarto/_StatbookEng/book_assets/anchor-sections-1.1.0/anchor-sections.css' -> '/Users/andrea/Documents/_DBXAndrea/github/stats4biology/_StatbookEng/book_assets/anchor-sections-1.1.0/anchor-sections.css' (207) (User Action)
2026-08-11 16:21:18: Copy Over '/Users/andrea/Documents/_DBXAndrea/github/stats4biology_quarto/_StatbookEng/book_assets/anchor-sections-1.1.0/anchor-sections.js' -> '/Users/andrea/Documents/_DBXAndrea/github/stats4biology/_StatbookEng/book_assets/anchor-sections-1.1.0/anchor-sections.js' (487) (User Action)
2026-08-11 16:21:18: Copy Over '/Users/andrea/Documents/_DBXAndrea/github/stats4biology_quarto/_StatbookEng/book_assets/gitbook-2.6.7/css/fontawesome/fontawesome-webfont.ttf' -> '/Users/andrea/Documents/_DBXAndrea/github/stats4biology/_StatbookEng/book_assets/gitbook-2.6.7/css/fontawesome/fontawesome-webfont.ttf' (165,548) (User Action)
2026-08-11 16:21:18: Copy Over '/Users/andrea/Documents/_DBXAndrea/github/stats4biology_quarto/_StatbookEng/book_assets/gitbook-2.6.7/css/plugin-bookdown.css' -> '/Users/andrea/Documents/_DBXAndrea/github/stats4biology/_StatbookEng/book_assets/gitbook-2.6.7/css/plugin-bookdown.css' (2,549) (User Action)
2026-08-11 16:21:18: Copy Over '/Users/andrea/Documents/_DBXAndrea/github/stats4biology_quarto/_StatbookEng/book_assets/gitbook-2.6.7/css/plugin-clipboard.css' -> '/Users/andrea/Documents/_DBXAndrea/github/stats4biology/_StatbookEng/book_assets/gitbook-2.6.7/css/plugin-clipboard.css' (266) (User Action)
2026-08-11 16:21:18: Copy Over '/Users/andrea/Documents/_DBXAndrea/github/stats4biology_quarto/_StatbookEng/book_assets/gitbook-2.6.7/css/plugin-fontsettings.css' -> '/Users/andrea/Documents/_DBXAndrea/github/stats4biology/_StatbookEng/book_assets/gitbook-2.6.7/css/plugin-fontsettings.css' (8,787) (User Action)
2026-08-11 16:21:18: Copy Over '/Users/andrea/Documents/_DBXAndrea/github/stats4biology_quarto/_StatbookEng/book_assets/gitbook-2.6.7/css/plugin-highlight.css' -> '/Users/andrea/Documents/_DBXAndrea/github/stats4biology/_StatbookEng/book_assets/gitbook-2.6.7/css/plugin-highlight.css' (30,762) (User Action)
2026-08-11 16:21:18: Copy Over '/Users/andrea/Documents/_DBXAndrea/github/stats4biology_quarto/_StatbookEng/book_assets/gitbook-2.6.7/css/plugin-search.css' -> '/Users/andrea/Documents/_DBXAndrea/github/stats4biology/_StatbookEng/book_assets/gitbook-2.6.7/css/plugin-search.css' (694) (User Action)
2026-08-11 16:21:18: Copy Over '/Users/andrea/Documents/_DBXAndrea/github/stats4biology_quarto/_StatbookEng/book_assets/gitbook-2.6.7/css/plugin-table.css' -> '/Users/andrea/Documents/_DBXAndrea/github/stats4biology/_StatbookEng/book_assets/gitbook-2.6.7/css/plugin-table.css' (623) (User Action)
2026-08-11 16:21:18: Copy Over '/Users/andrea/Documents/_DBXAndrea/github/stats4biology_quarto/_StatbookEng/book_assets/gitbook-2.6.7/css/style.css' -> '/Users/andrea/Documents/_DBXAndrea/github/stats4biology/_StatbookEng/book_assets/gitbook-2.6.7/css/style.css' (48,663) (User Action)
2026-08-11 16:21:18: Copy Over '/Users/andrea/Documents/_DBXAndrea/github/stats4biology_quarto/_StatbookEng/book_assets/gitbook-2.6.7/js/app.min.js' -> '/Users/andrea/Documents/_DBXAndrea/github/stats4biology/_StatbookEng/book_assets/gitbook-2.6.7/js/app.min.js' (146,237) (User Action)
2026-08-11 16:21:18: Copy Over '/Users/andrea/Documents/_DBXAndrea/github/stats4biology_quarto/_StatbookEng/book_assets/gitbook-2.6.7/js/clipboard.min.js' -> '/Users/andrea/Documents/_DBXAndrea/github/stats4biology/_StatbookEng/book_assets/gitbook-2.6.7/js/clipboard.min.js' (10,754) (User Action)
2026-08-11 16:21:18: Copy Over '/Users/andrea/Documents/_DBXAndrea/github/stats4biology_quarto/_StatbookEng/book_assets/gitbook-2.6.7/js/jquery.highlight.js' -> '/Users/andrea/Documents/_DBXAndrea/github/stats4biology/_StatbookEng/book_assets/gitbook-2.6.7/js/jquery.highlight.js' (3,201) (User Action)
2026-08-11 16:21:18: Copy Over '/Users/andrea/Documents/_DBXAndrea/github/stats4biology_quarto/_StatbookEng/book_assets/gitbook-2.6.7/js/plugin-bookdown.js' -> '/Users/andrea/Documents/_DBXAndrea/github/stats4biology/_StatbookEng/book_assets/gitbook-2.6.7/js/plugin-bookdown.js' (8,991) (User Action)
2026-08-11 16:21:18: Copy Over '/Users/andrea/Documents/_DBXAndrea/github/stats4biology_quarto/_StatbookEng/book_assets/gitbook-2.6.7/js/plugin-clipboard.js' -> '/Users/andrea/Documents/_DBXAndrea/github/stats4biology/_StatbookEng/book_assets/gitbook-2.6.7/js/plugin-clipboard.js' (1,113) (User Action)
2026-08-11 16:21:18: Copy Over '/Users/andrea/Documents/_DBXAndrea/github/stats4biology_quarto/_StatbookEng/book_assets/gitbook-2.6.7/js/plugin-fontsettings.js' -> '/Users/andrea/Documents/_DBXAndrea/github/stats4biology/_StatbookEng/book_assets/gitbook-2.6.7/js/plugin-fontsettings.js' (4,056) (User Action)
2026-08-11 16:21:18: Copy Over '/Users/andrea/Documents/_DBXAndrea/github/stats4biology_quarto/_StatbookEng/book_assets/gitbook-2.6.7/js/plugin-search.js' -> '/Users/andrea/Documents/_DBXAndrea/github/stats4biology/_StatbookEng/book_assets/gitbook-2.6.7/js/plugin-search.js' (9,078) (User Action)
2026-08-11 16:21:18: Copy Over '/Users/andrea/Documents/_DBXAndrea/github/stats4biology_quarto/_StatbookEng/book_assets/gitbook-2.6.7/js/plugin-sharing.js' -> '/Users/andrea/Documents/_DBXAndrea/github/stats4biology/_StatbookEng/book_assets/gitbook-2.6.7/js/plugin-sharing.js' (4,027) (User Action)
2026-08-11 16:21:18: Copy Over '/Users/andrea/Documents/_DBXAndrea/github/stats4biology_quarto/_StatbookEng/book_assets/jquery-3.6.0/jquery-3.6.0.min.js' -> '/Users/andrea/Documents/_DBXAndrea/github/stats4biology/_StatbookEng/book_assets/jquery-3.6.0/jquery-3.6.0.min.js' (89,501) (User Action)
2026-08-11 16:21:18: Copy Over '/Users/andrea/Documents/_DBXAndrea/github/stats4biology_quarto/_StatbookEng/cause-effect-relationships.html' -> '/Users/andrea/Documents/_DBXAndrea/github/stats4biology/_StatbookEng/cause-effect-relationships.html' (22,910) (User Action)
2026-08-11 16:21:18: Copy Over '/Users/andrea/Documents/_DBXAndrea/github/stats4biology_quarto/_StatbookEng/describing-nominal-data.html' -> '/Users/andrea/Documents/_DBXAndrea/github/stats4biology/_StatbookEng/describing-nominal-data.html' (54,435) (User Action)
2026-08-11 16:21:18: Copy Over '/Users/andrea/Documents/_DBXAndrea/github/stats4biology_quarto/_StatbookEng/index.html' -> '/Users/andrea/Documents/_DBXAndrea/github/stats4biology/_StatbookEng/index.html' (27,558) (User Action)
2026-08-11 16:21:18: Copy Over '/Users/andrea/Documents/_DBXAndrea/github/stats4biology_quarto/_StatbookEng/index.md' -> '/Users/andrea/Documents/_DBXAndrea/github/stats4biology/_StatbookEng/index.md' (59,646) (User Action)
2026-08-11 16:21:18: Copy Over '/Users/andrea/Documents/_DBXAndrea/github/stats4biology_quarto/_StatbookEng/linearnonlinear-combinations-of-model-parameters.html' -> '/Users/andrea/Documents/_DBXAndrea/github/stats4biology/_StatbookEng/linearnonlinear-combinations-of-model-parameters.html' (52,530) (User Action)
2026-08-11 16:21:18: Copy Over '/Users/andrea/Documents/_DBXAndrea/github/stats4biology_quarto/_StatbookEng/reference-keys.txt' -> '/Users/andrea/Documents/_DBXAndrea/github/stats4biology/_StatbookEng/reference-keys.txt' (561) (User Action)
2026-08-11 16:21:18: Copy Over '/Users/andrea/Documents/_DBXAndrea/github/stats4biology_quarto/_StatbookEng/science-data-and-experiments.html' -> '/Users/andrea/Documents/_DBXAndrea/github/stats4biology/_StatbookEng/science-data-and-experiments.html' (22,936) (User Action)
2026-08-11 16:21:18: Copy Over '/Users/andrea/Documents/_DBXAndrea/github/stats4biology_quarto/_StatbookEng/search_index.json' -> '/Users/andrea/Documents/_DBXAndrea/github/stats4biology/_StatbookEng/search_index.json' (57,054) (User Action)
2026-08-11 16:21:18: Copy Over '/Users/andrea/Documents/_DBXAndrea/github/stats4biology_quarto/_StatbookEng/statistical-inference.html' -> '/Users/andrea/Documents/_DBXAndrea/github/stats4biology/_StatbookEng/statistical-inference.html' (22,910) (User Action)
2026-08-11 16:21:18: Copy Over '/Users/andrea/Documents/_DBXAndrea/github/stats4biology_quarto/_StatbookEng/stochastic-models.html' -> '/Users/andrea/Documents/_DBXAndrea/github/stats4biology/_StatbookEng/stochastic-models.html' (22,834) (User Action)
2026-08-11 16:21:18: Copy Over '/Users/andrea/Documents/_DBXAndrea/github/stats4biology_quarto/_StatbookEng/suggestions-to-lay-out-field-experiments-chapter-2.html' -> '/Users/andrea/Documents/_DBXAndrea/github/stats4biology/_StatbookEng/suggestions-to-lay-out-field-experiments-chapter-2.html' (22,723) (User Action)
2026-08-11 16:21:18: Copy Over '/Users/andrea/Documents/_DBXAndrea/github/stats4biology_quarto/_StatbookEng/the-design-of-field-experiments.html' -> '/Users/andrea/Documents/_DBXAndrea/github/stats4biology/_StatbookEng/the-design-of-field-experiments.html' (30,627) (User Action)
2026-08-11 16:21:18: Copy Over '/Users/andrea/Documents/_DBXAndrea/github/stats4biology_quarto/_StatbookEng/updated-list-of-dataset.html' -> '/Users/andrea/Documents/_DBXAndrea/github/stats4biology/_StatbookEng/updated-list-of-dataset.html' (72,395) (User Action)
2026-08-11 16:21:18: Copy Over '/Users/andrea/Documents/_DBXAndrea/github/stats4biology_quarto/_StatbookEng/updated-list-of-datasets.html' -> '/Users/andrea/Documents/_DBXAndrea/github/stats4biology/_StatbookEng/updated-list-of-datasets.html' (74,937) (User Action)
2026-08-11 16:21:18: Copy Over '/Users/andrea/Documents/_DBXAndrea/github/stats4biology_quarto/_weed-research.csl' -> '/Users/andrea/Documents/_DBXAndrea/github/stats4biology/_weed-research.csl' (7,017) (User Action)
2026-08-11 16:21:18: Copy Over '/Users/andrea/Documents/_DBXAndrea/github/stats4biology_quarto/about.qmd' -> '/Users/andrea/Documents/_DBXAndrea/github/stats4biology/about.qmd' (1,657) (User Action)
2026-08-11 16:21:18: Copy Over '/Users/andrea/Documents/_DBXAndrea/github/stats4biology_quarto/aboutThis.qmd' -> '/Users/andrea/Documents/_DBXAndrea/github/stats4biology/aboutThis.qmd' (2,823) (User Action)
2026-08-11 16:21:18: Copy Over '/Users/andrea/Documents/_DBXAndrea/github/stats4biology_quarto/agriCensData/_config.yml' -> '/Users/andrea/Documents/_DBXAndrea/github/stats4biology/agriCensData/_config.yml' (28) (User Action)
2026-08-11 16:21:18: Copy Over '/Users/andrea/Documents/_DBXAndrea/github/stats4biology_quarto/agriCensData/_site.yml' -> '/Users/andrea/Documents/_DBXAndrea/github/stats4biology/agriCensData/_site.yml' (355) (User Action)
2026-08-11 16:21:18: Copy Over '/Users/andrea/Documents/_DBXAndrea/github/stats4biology_quarto/agriCensData/censoredMixedModel.txt' -> '/Users/andrea/Documents/_DBXAndrea/github/stats4biology/agriCensData/censoredMixedModel.txt' (1,046) (User Action)
2026-08-11 16:21:18: Copy Over '/Users/andrea/Documents/_DBXAndrea/github/stats4biology_quarto/agriCensData/Example1.html' -> '/Users/andrea/Documents/_DBXAndrea/github/stats4biology/agriCensData/Example1.html' (13,612) (User Action)
2026-08-11 16:21:18: Copy Over '/Users/andrea/Documents/_DBXAndrea/github/stats4biology_quarto/agriCensData/Example1.pdf' -> '/Users/andrea/Documents/_DBXAndrea/github/stats4biology/agriCensData/Example1.pdf' (225,291) (User Action)
2026-08-11 16:21:18: Copy Over '/Users/andrea/Documents/_DBXAndrea/github/stats4biology_quarto/agriCensData/Example2.html' -> '/Users/andrea/Documents/_DBXAndrea/github/stats4biology/agriCensData/Example2.html' (19,885) (User Action)
2026-08-11 16:21:18: Copy Over '/Users/andrea/Documents/_DBXAndrea/github/stats4biology_quarto/agriCensData/Example2.pdf' -> '/Users/andrea/Documents/_DBXAndrea/github/stats4biology/agriCensData/Example2.pdf' (261,389) (User Action)
2026-08-11 16:21:18: Copy Over '/Users/andrea/Documents/_DBXAndrea/github/stats4biology_quarto/agriCensData/Example3.html' -> '/Users/andrea/Documents/_DBXAndrea/github/stats4biology/agriCensData/Example3.html' (20,111) (User Action)
2026-08-11 16:21:18: Copy Over '/Users/andrea/Documents/_DBXAndrea/github/stats4biology_quarto/agriCensData/Example3.pdf' -> '/Users/andrea/Documents/_DBXAndrea/github/stats4biology/agriCensData/Example3.pdf' (258,892) (User Action)
2026-08-11 16:21:18: Copy Over '/Users/andrea/Documents/_DBXAndrea/github/stats4biology_quarto/agriCensData/googled7b9a109e4758b8d.html' -> '/Users/andrea/Documents/_DBXAndrea/github/stats4biology/agriCensData/googled7b9a109e4758b8d.html' (53) (User Action)
2026-08-11 16:21:18: Copy Over '/Users/andrea/Documents/_DBXAndrea/github/stats4biology_quarto/agriCensData/GroupedData.bib' -> '/Users/andrea/Documents/_DBXAndrea/github/stats4biology/agriCensData/GroupedData.bib' (11,208) (User Action)
2026-08-11 16:21:18: Copy Over '/Users/andrea/Documents/_DBXAndrea/github/stats4biology_quarto/agriCensData/Index.html' -> '/Users/andrea/Documents/_DBXAndrea/github/stats4biology/agriCensData/Index.html' (11,148) (User Action)
2026-08-11 16:21:18: Copy Over '/Users/andrea/Documents/_DBXAndrea/github/stats4biology_quarto/agriCensData/RandomEffects.html' -> '/Users/andrea/Documents/_DBXAndrea/github/stats4biology/agriCensData/RandomEffects.html' (20,129) (User Action)
2026-08-11 16:21:18: Copy Over '/Users/andrea/Documents/_DBXAndrea/github/stats4biology_quarto/agriCensData/RandomEffects.pdf' -> '/Users/andrea/Documents/_DBXAndrea/github/stats4biology/agriCensData/RandomEffects.pdf' (283,934) (User Action)
2026-08-11 16:21:18: Copy Over '/Users/andrea/Documents/_DBXAndrea/github/stats4biology_quarto/agriCensData/site_libs/bootstrap-3.3.5/css/bootstrap-theme.css' -> '/Users/andrea/Documents/_DBXAndrea/github/stats4biology/agriCensData/site_libs/bootstrap-3.3.5/css/bootstrap-theme.css' (26,132) (User Action)
2026-08-11 16:21:18: Copy Over '/Users/andrea/Documents/_DBXAndrea/github/stats4biology_quarto/agriCensData/site_libs/bootstrap-3.3.5/css/bootstrap-theme.css.map' -> '/Users/andrea/Documents/_DBXAndrea/github/stats4biology/agriCensData/site_libs/bootstrap-3.3.5/css/bootstrap-theme.css.map' (47,721) (User Action)
2026-08-11 16:21:18: Copy Over '/Users/andrea/Documents/_DBXAndrea/github/stats4biology_quarto/agriCensData/site_libs/bootstrap-3.3.5/css/bootstrap-theme.min.css' -> '/Users/andrea/Documents/_DBXAndrea/github/stats4biology/agriCensData/site_libs/bootstrap-3.3.5/css/bootstrap-theme.min.css' (23,357) (User Action)
2026-08-11 16:21:18: Copy Over '/Users/andrea/Documents/_DBXAndrea/github/stats4biology_quarto/agriCensData/site_libs/bootstrap-3.3.5/css/bootstrap.css' -> '/Users/andrea/Documents/_DBXAndrea/github/stats4biology/agriCensData/site_libs/bootstrap-3.3.5/css/bootstrap.css' (147,302) (User Action)
2026-08-11 16:21:18: Copy Over '/Users/andrea/Documents/_DBXAndrea/github/stats4biology_quarto/agriCensData/site_libs/bootstrap-3.3.5/css/bootstrap.css.map' -> '/Users/andrea/Documents/_DBXAndrea/github/stats4biology/agriCensData/site_libs/bootstrap-3.3.5/css/bootstrap.css.map' (390,377) (User Action)
2026-08-11 16:21:18: Copy Over '/Users/andrea/Documents/_DBXAndrea/github/stats4biology_quarto/agriCensData/site_libs/bootstrap-3.3.5/css/bootstrap.min.css' -> '/Users/andrea/Documents/_DBXAndrea/github/stats4biology/agriCensData/site_libs/bootstrap-3.3.5/css/bootstrap.min.css' (122,425) (User Action)
2026-08-11 16:21:18: Copy Over '/Users/andrea/Documents/_DBXAndrea/github/stats4biology_quarto/agriCensData/site_libs/bootstrap-3.3.5/css/cerulean.min.css' -> '/Users/andrea/Documents/_DBXAndrea/github/stats4biology/agriCensData/site_libs/bootstrap-3.3.5/css/cerulean.min.css' (128,200) (User Action)
2026-08-11 16:21:18: Copy Over '/Users/andrea/Documents/_DBXAndrea/github/stats4biology_quarto/agriCensData/site_libs/bootstrap-3.3.5/css/cosmo.min.css' -> '/Users/andrea/Documents/_DBXAndrea/github/stats4biology/agriCensData/site_libs/bootstrap-3.3.5/css/cosmo.min.css' (125,929) (User Action)
2026-08-11 16:21:18: Copy Over '/Users/andrea/Documents/_DBXAndrea/github/stats4biology_quarto/agriCensData/site_libs/bootstrap-3.3.5/css/flatly.min.css' -> '/Users/andrea/Documents/_DBXAndrea/github/stats4biology/agriCensData/site_libs/bootstrap-3.3.5/css/flatly.min.css' (127,578) (User Action)
2026-08-11 16:21:18: Copy Over '/Users/andrea/Documents/_DBXAndrea/github/stats4biology_quarto/agriCensData/site_libs/bootstrap-3.3.5/css/fonts/Lato.ttf' -> '/Users/andrea/Documents/_DBXAndrea/github/stats4biology/agriCensData/site_libs/bootstrap-3.3.5/css/fonts/Lato.ttf' (81,980) (User Action)
2026-08-11 16:21:18: Copy Over '/Users/andrea/Documents/_DBXAndrea/github/stats4biology_quarto/agriCensData/site_libs/bootstrap-3.3.5/css/fonts/LatoBold.ttf' -> '/Users/andrea/Documents/_DBXAndrea/github/stats4biology/agriCensData/site_libs/bootstrap-3.3.5/css/fonts/LatoBold.ttf' (82,368) (User Action)
2026-08-11 16:21:18: Copy Over '/Users/andrea/Documents/_DBXAndrea/github/stats4biology_quarto/agriCensData/site_libs/bootstrap-3.3.5/css/fonts/LatoItalic.ttf' -> '/Users/andrea/Documents/_DBXAndrea/github/stats4biology/agriCensData/site_libs/bootstrap-3.3.5/css/fonts/LatoItalic.ttf' (81,332) (User Action)
2026-08-11 16:21:18: Copy Over '/Users/andrea/Documents/_DBXAndrea/github/stats4biology_quarto/agriCensData/site_libs/bootstrap-3.3.5/css/fonts/NewsCycle.ttf' -> '/Users/andrea/Documents/_DBXAndrea/github/stats4biology/agriCensData/site_libs/bootstrap-3.3.5/css/fonts/NewsCycle.ttf' (28,716) (User Action)
2026-08-11 16:21:18: Copy Over '/Users/andrea/Documents/_DBXAndrea/github/stats4biology_quarto/agriCensData/site_libs/bootstrap-3.3.5/css/fonts/NewsCycleBold.ttf' -> '/Users/andrea/Documents/_DBXAndrea/github/stats4biology/agriCensData/site_libs/bootstrap-3.3.5/css/fonts/NewsCycleBold.ttf' (28,724) (User Action)
2026-08-11 16:21:18: Copy Over '/Users/andrea/Documents/_DBXAndrea/github/stats4biology_quarto/agriCensData/site_libs/bootstrap-3.3.5/css/fonts/OpenSans.ttf' -> '/Users/andrea/Documents/_DBXAndrea/github/stats4biology/agriCensData/site_libs/bootstrap-3.3.5/css/fonts/OpenSans.ttf' (34,112) (User Action)
2026-08-11 16:21:18: Copy Over '/Users/andrea/Documents/_DBXAndrea/github/stats4biology_quarto/agriCensData/site_libs/bootstrap-3.3.5/css/fonts/OpenSansBold.ttf' -> '/Users/andrea/Documents/_DBXAndrea/github/stats4biology/agriCensData/site_libs/bootstrap-3.3.5/css/fonts/OpenSansBold.ttf' (35,760) (User Action)
2026-08-11 16:21:18: Copy Over '/Users/andrea/Documents/_DBXAndrea/github/stats4biology_quarto/agriCensData/site_libs/bootstrap-3.3.5/css/fonts/OpenSansBoldItalic.ttf' -> '/Users/andrea/Documents/_DBXAndrea/github/stats4biology/agriCensData/site_libs/bootstrap-3.3.5/css/fonts/OpenSansBoldItalic.ttf' (33,064) (User Action)
2026-08-11 16:21:18: Copy Over '/Users/andrea/Documents/_DBXAndrea/github/stats4biology_quarto/agriCensData/site_libs/bootstrap-3.3.5/css/fonts/OpenSansItalic.ttf' -> '/Users/andrea/Documents/_DBXAndrea/github/stats4biology/agriCensData/site_libs/bootstrap-3.3.5/css/fonts/OpenSansItalic.ttf' (32,808) (User Action)
2026-08-11 16:21:18: Copy Over '/Users/andrea/Documents/_DBXAndrea/github/stats4biology_quarto/agriCensData/site_libs/bootstrap-3.3.5/css/fonts/OpenSansLight.ttf' -> '/Users/andrea/Documents/_DBXAndrea/github/stats4biology/agriCensData/site_libs/bootstrap-3.3.5/css/fonts/OpenSansLight.ttf' (35,340) (User Action)
2026-08-11 16:21:18: Copy Over '/Users/andrea/Documents/_DBXAndrea/github/stats4biology_quarto/agriCensData/site_libs/bootstrap-3.3.5/css/fonts/OpenSansLightItalic.ttf' -> '/Users/andrea/Documents/_DBXAndrea/github/stats4biology/agriCensData/site_libs/bootstrap-3.3.5/css/fonts/OpenSansLightItalic.ttf' (32,680) (User Action)
2026-08-11 16:21:18: Copy Over '/Users/andrea/Documents/_DBXAndrea/github/stats4biology_quarto/agriCensData/site_libs/bootstrap-3.3.5/css/fonts/Raleway.ttf' -> '/Users/andrea/Documents/_DBXAndrea/github/stats4biology/agriCensData/site_libs/bootstrap-3.3.5/css/fonts/Raleway.ttf' (63,796) (User Action)
2026-08-11 16:21:18: Copy Over '/Users/andrea/Documents/_DBXAndrea/github/stats4biology_quarto/agriCensData/site_libs/bootstrap-3.3.5/css/fonts/RalewayBold.ttf' -> '/Users/andrea/Documents/_DBXAndrea/github/stats4biology/agriCensData/site_libs/bootstrap-3.3.5/css/fonts/RalewayBold.ttf' (62,224) (User Action)
2026-08-11 16:21:18: Copy Over '/Users/andrea/Documents/_DBXAndrea/github/stats4biology_quarto/agriCensData/site_libs/bootstrap-3.3.5/css/fonts/Roboto.ttf' -> '/Users/andrea/Documents/_DBXAndrea/github/stats4biology/agriCensData/site_libs/bootstrap-3.3.5/css/fonts/Roboto.ttf' (32,652) (User Action)
2026-08-11 16:21:18: Copy Over '/Users/andrea/Documents/_DBXAndrea/github/stats4biology_quarto/agriCensData/site_libs/bootstrap-3.3.5/css/fonts/RobotoBold.ttf' -> '/Users/andrea/Documents/_DBXAndrea/github/stats4biology/agriCensData/site_libs/bootstrap-3.3.5/css/fonts/RobotoBold.ttf' (32,500) (User Action)
2026-08-11 16:21:18: Copy Over '/Users/andrea/Documents/_DBXAndrea/github/stats4biology_quarto/agriCensData/site_libs/bootstrap-3.3.5/css/fonts/RobotoLight.ttf' -> '/Users/andrea/Documents/_DBXAndrea/github/stats4biology/agriCensData/site_libs/bootstrap-3.3.5/css/fonts/RobotoLight.ttf' (32,664) (User Action)
2026-08-11 16:21:18: Copy Over '/Users/andrea/Documents/_DBXAndrea/github/stats4biology_quarto/agriCensData/site_libs/bootstrap-3.3.5/css/fonts/RobotoMedium.ttf' -> '/Users/andrea/Documents/_DBXAndrea/github/stats4biology/agriCensData/site_libs/bootstrap-3.3.5/css/fonts/RobotoMedium.ttf' (32,580) (User Action)
2026-08-11 16:21:18: Copy Over '/Users/andrea/Documents/_DBXAndrea/github/stats4biology_quarto/agriCensData/site_libs/bootstrap-3.3.5/css/fonts/SourceSansPro.ttf' -> '/Users/andrea/Documents/_DBXAndrea/github/stats4biology/agriCensData/site_libs/bootstrap-3.3.5/css/fonts/SourceSansPro.ttf' (35,064) (User Action)
2026-08-11 16:21:18: Copy Over '/Users/andrea/Documents/_DBXAndrea/github/stats4biology_quarto/agriCensData/site_libs/bootstrap-3.3.5/css/fonts/SourceSansProBold.ttf' -> '/Users/andrea/Documents/_DBXAndrea/github/stats4biology/agriCensData/site_libs/bootstrap-3.3.5/css/fonts/SourceSansProBold.ttf' (34,908) (User Action)
2026-08-11 16:21:18: Copy Over '/Users/andrea/Documents/_DBXAndrea/github/stats4biology_quarto/agriCensData/site_libs/bootstrap-3.3.5/css/fonts/SourceSansProItalic.ttf' -> '/Users/andrea/Documents/_DBXAndrea/github/stats4biology/agriCensData/site_libs/bootstrap-3.3.5/css/fonts/SourceSansProItalic.ttf' (33,864) (User Action)
2026-08-11 16:21:18: Copy Over '/Users/andrea/Documents/_DBXAndrea/github/stats4biology_quarto/agriCensData/site_libs/bootstrap-3.3.5/css/fonts/SourceSansProLight.ttf' -> '/Users/andrea/Documents/_DBXAndrea/github/stats4biology/agriCensData/site_libs/bootstrap-3.3.5/css/fonts/SourceSansProLight.ttf' (35,368) (User Action)
2026-08-11 16:21:18: Copy Over '/Users/andrea/Documents/_DBXAndrea/github/stats4biology_quarto/agriCensData/site_libs/bootstrap-3.3.5/css/fonts/Ubuntu.ttf' -> '/Users/andrea/Documents/_DBXAndrea/github/stats4biology/agriCensData/site_libs/bootstrap-3.3.5/css/fonts/Ubuntu.ttf' (73,608) (User Action)
2026-08-11 16:21:18: Copy Over '/Users/andrea/Documents/_DBXAndrea/github/stats4biology_quarto/agriCensData/site_libs/bootstrap-3.3.5/css/journal.min.css' -> '/Users/andrea/Documents/_DBXAndrea/github/stats4biology/agriCensData/site_libs/bootstrap-3.3.5/css/journal.min.css' (124,651) (User Action)
2026-08-11 16:21:18: Copy Over '/Users/andrea/Documents/_DBXAndrea/github/stats4biology_quarto/agriCensData/site_libs/bootstrap-3.3.5/css/lumen.min.css' -> '/Users/andrea/Documents/_DBXAndrea/github/stats4biology/agriCensData/site_libs/bootstrap-3.3.5/css/lumen.min.css' (131,260) (User Action)
2026-08-11 16:21:18: Copy Over '/Users/andrea/Documents/_DBXAndrea/github/stats4biology_quarto/agriCensData/site_libs/bootstrap-3.3.5/css/paper.min.css' -> '/Users/andrea/Documents/_DBXAndrea/github/stats4biology/agriCensData/site_libs/bootstrap-3.3.5/css/paper.min.css' (141,648) (User Action)
2026-08-11 16:21:18: Copy Over '/Users/andrea/Documents/_DBXAndrea/github/stats4biology_quarto/agriCensData/site_libs/bootstrap-3.3.5/css/readable.min.css' -> '/Users/andrea/Documents/_DBXAndrea/github/stats4biology/agriCensData/site_libs/bootstrap-3.3.5/css/readable.min.css' (124,680) (User Action)
2026-08-11 16:21:18: Copy Over '/Users/andrea/Documents/_DBXAndrea/github/stats4biology_quarto/agriCensData/site_libs/bootstrap-3.3.5/css/sandstone.min.css' -> '/Users/andrea/Documents/_DBXAndrea/github/stats4biology/agriCensData/site_libs/bootstrap-3.3.5/css/sandstone.min.css' (125,076) (User Action)
2026-08-11 16:21:18: Copy Over '/Users/andrea/Documents/_DBXAndrea/github/stats4biology_quarto/agriCensData/site_libs/bootstrap-3.3.5/css/simplex.min.css' -> '/Users/andrea/Documents/_DBXAndrea/github/stats4biology/agriCensData/site_libs/bootstrap-3.3.5/css/simplex.min.css' (127,698) (User Action)
2026-08-11 16:21:18: Copy Over '/Users/andrea/Documents/_DBXAndrea/github/stats4biology_quarto/agriCensData/site_libs/bootstrap-3.3.5/css/spacelab.min.css' -> '/Users/andrea/Documents/_DBXAndrea/github/stats4biology/agriCensData/site_libs/bootstrap-3.3.5/css/spacelab.min.css' (131,641) (User Action)
2026-08-11 16:21:18: Copy Over '/Users/andrea/Documents/_DBXAndrea/github/stats4biology_quarto/agriCensData/site_libs/bootstrap-3.3.5/css/united.min.css' -> '/Users/andrea/Documents/_DBXAndrea/github/stats4biology/agriCensData/site_libs/bootstrap-3.3.5/css/united.min.css' (122,856) (User Action)
2026-08-11 16:21:18: Copy Over '/Users/andrea/Documents/_DBXAndrea/github/stats4biology_quarto/agriCensData/site_libs/bootstrap-3.3.5/css/yeti.min.css' -> '/Users/andrea/Documents/_DBXAndrea/github/stats4biology/agriCensData/site_libs/bootstrap-3.3.5/css/yeti.min.css' (128,392) (User Action)
2026-08-11 16:21:18: Copy Over '/Users/andrea/Documents/_DBXAndrea/github/stats4biology_quarto/agriCensData/site_libs/bootstrap-3.3.5/fonts/glyphicons-halflings-regular.eot' -> '/Users/andrea/Documents/_DBXAndrea/github/stats4biology/agriCensData/site_libs/bootstrap-3.3.5/fonts/glyphicons-halflings-regular.eot' (20,127) (User Action)
2026-08-11 16:21:18: Copy Over '/Users/andrea/Documents/_DBXAndrea/github/stats4biology_quarto/agriCensData/site_libs/bootstrap-3.3.5/fonts/glyphicons-halflings-regular.svg' -> '/Users/andrea/Documents/_DBXAndrea/github/stats4biology/agriCensData/site_libs/bootstrap-3.3.5/fonts/glyphicons-halflings-regular.svg' (108,738) (User Action)
2026-08-11 16:21:18: Copy Over '/Users/andrea/Documents/_DBXAndrea/github/stats4biology_quarto/agriCensData/site_libs/bootstrap-3.3.5/fonts/glyphicons-halflings-regular.ttf' -> '/Users/andrea/Documents/_DBXAndrea/github/stats4biology/agriCensData/site_libs/bootstrap-3.3.5/fonts/glyphicons-halflings-regular.ttf' (45,404) (User Action)
2026-08-11 16:21:18: Copy Over '/Users/andrea/Documents/_DBXAndrea/github/stats4biology_quarto/agriCensData/site_libs/bootstrap-3.3.5/fonts/glyphicons-halflings-regular.woff' -> '/Users/andrea/Documents/_DBXAndrea/github/stats4biology/agriCensData/site_libs/bootstrap-3.3.5/fonts/glyphicons-halflings-regular.woff' (23,424) (User Action)
2026-08-11 16:21:18: Copy Over '/Users/andrea/Documents/_DBXAndrea/github/stats4biology_quarto/agriCensData/site_libs/bootstrap-3.3.5/fonts/glyphicons-halflings-regular.woff2' -> '/Users/andrea/Documents/_DBXAndrea/github/stats4biology/agriCensData/site_libs/bootstrap-3.3.5/fonts/glyphicons-halflings-regular.woff2' (18,028) (User Action)
2026-08-11 16:21:18: Copy Over '/Users/andrea/Documents/_DBXAndrea/github/stats4biology_quarto/agriCensData/site_libs/bootstrap-3.3.5/js/bootstrap.js' -> '/Users/andrea/Documents/_DBXAndrea/github/stats4biology/agriCensData/site_libs/bootstrap-3.3.5/js/bootstrap.js' (68,890) (User Action)
2026-08-11 16:21:18: Copy Over '/Users/andrea/Documents/_DBXAndrea/github/stats4biology_quarto/agriCensData/site_libs/bootstrap-3.3.5/js/bootstrap.min.js' -> '/Users/andrea/Documents/_DBXAndrea/github/stats4biology/agriCensData/site_libs/bootstrap-3.3.5/js/bootstrap.min.js' (36,816) (User Action)
2026-08-11 16:21:18: Copy Over '/Users/andrea/Documents/_DBXAndrea/github/stats4biology_quarto/agriCensData/site_libs/bootstrap-3.3.5/js/npm.js' -> '/Users/andrea/Documents/_DBXAndrea/github/stats4biology/agriCensData/site_libs/bootstrap-3.3.5/js/npm.js' (484) (User Action)
2026-08-11 16:21:18: Copy Over '/Users/andrea/Documents/_DBXAndrea/github/stats4biology_quarto/agriCensData/site_libs/bootstrap-3.3.5/shim/html5shiv.min.js' -> '/Users/andrea/Documents/_DBXAndrea/github/stats4biology/agriCensData/site_libs/bootstrap-3.3.5/shim/html5shiv.min.js' (2,722) (User Action)
2026-08-11 16:21:18: Copy Over '/Users/andrea/Documents/_DBXAndrea/github/stats4biology_quarto/agriCensData/site_libs/bootstrap-3.3.5/shim/respond.min.js' -> '/Users/andrea/Documents/_DBXAndrea/github/stats4biology/agriCensData/site_libs/bootstrap-3.3.5/shim/respond.min.js' (4,463) (User Action)
2026-08-11 16:21:18: Copy Over '/Users/andrea/Documents/_DBXAndrea/github/stats4biology_quarto/agriCensData/site_libs/highlightjs-1.1/default.css' -> '/Users/andrea/Documents/_DBXAndrea/github/stats4biology/agriCensData/site_libs/highlightjs-1.1/default.css' (299) (User Action)
2026-08-11 16:21:18: Copy Over '/Users/andrea/Documents/_DBXAndrea/github/stats4biology_quarto/agriCensData/site_libs/highlightjs-1.1/highlight.js' -> '/Users/andrea/Documents/_DBXAndrea/github/stats4biology/agriCensData/site_libs/highlightjs-1.1/highlight.js' (32,311) (User Action)
2026-08-11 16:21:18: Copy Over '/Users/andrea/Documents/_DBXAndrea/github/stats4biology_quarto/agriCensData/site_libs/highlightjs-1.1/textmate.css' -> '/Users/andrea/Documents/_DBXAndrea/github/stats4biology/agriCensData/site_libs/highlightjs-1.1/textmate.css' (320) (User Action)
2026-08-11 16:21:18: Copy Over '/Users/andrea/Documents/_DBXAndrea/github/stats4biology_quarto/agriCensData/site_libs/highlightjs-9.12.0/default.css' -> '/Users/andrea/Documents/_DBXAndrea/github/stats4biology/agriCensData/site_libs/highlightjs-9.12.0/default.css' (213) (User Action)
2026-08-11 16:21:18: Copy Over '/Users/andrea/Documents/_DBXAndrea/github/stats4biology_quarto/agriCensData/site_libs/highlightjs-9.12.0/highlight.js' -> '/Users/andrea/Documents/_DBXAndrea/github/stats4biology/agriCensData/site_libs/highlightjs-9.12.0/highlight.js' (51,225) (User Action)
2026-08-11 16:21:18: Copy Over '/Users/andrea/Documents/_DBXAndrea/github/stats4biology_quarto/agriCensData/site_libs/highlightjs-9.12.0/textmate.css' -> '/Users/andrea/Documents/_DBXAndrea/github/stats4biology/agriCensData/site_libs/highlightjs-9.12.0/textmate.css' (222) (User Action)
2026-08-11 16:21:18: Copy Over '/Users/andrea/Documents/_DBXAndrea/github/stats4biology_quarto/agriCensData/site_libs/jquery-1.11.3/jquery.min.js' -> '/Users/andrea/Documents/_DBXAndrea/github/stats4biology/agriCensData/site_libs/jquery-1.11.3/jquery.min.js' (95,957) (User Action)
2026-08-11 16:21:18: Copy Over '/Users/andrea/Documents/_DBXAndrea/github/stats4biology_quarto/agriCensData/site_libs/jqueryui-1.11.4/images/ui-icons_444444_256x240.png' -> '/Users/andrea/Documents/_DBXAndrea/github/stats4biology/agriCensData/site_libs/jqueryui-1.11.4/images/ui-icons_444444_256x240.png' (6,992) (User Action)
2026-08-11 16:21:18: Copy Over '/Users/andrea/Documents/_DBXAndrea/github/stats4biology_quarto/agriCensData/site_libs/jqueryui-1.11.4/images/ui-icons_555555_256x240.png' -> '/Users/andrea/Documents/_DBXAndrea/github/stats4biology/agriCensData/site_libs/jqueryui-1.11.4/images/ui-icons_555555_256x240.png' (6,988) (User Action)
2026-08-11 16:21:18: Copy Over '/Users/andrea/Documents/_DBXAndrea/github/stats4biology_quarto/agriCensData/site_libs/jqueryui-1.11.4/images/ui-icons_777620_256x240.png' -> '/Users/andrea/Documents/_DBXAndrea/github/stats4biology/agriCensData/site_libs/jqueryui-1.11.4/images/ui-icons_777620_256x240.png' (4,549) (User Action)
2026-08-11 16:21:18: Copy Over '/Users/andrea/Documents/_DBXAndrea/github/stats4biology_quarto/agriCensData/site_libs/jqueryui-1.11.4/images/ui-icons_777777_256x240.png' -> '/Users/andrea/Documents/_DBXAndrea/github/stats4biology/agriCensData/site_libs/jqueryui-1.11.4/images/ui-icons_777777_256x240.png' (6,999) (User Action)
2026-08-11 16:21:18: Copy Over '/Users/andrea/Documents/_DBXAndrea/github/stats4biology_quarto/agriCensData/site_libs/jqueryui-1.11.4/images/ui-icons_cc0000_256x240.png' -> '/Users/andrea/Documents/_DBXAndrea/github/stats4biology/agriCensData/site_libs/jqueryui-1.11.4/images/ui-icons_cc0000_256x240.png' (4,549) (User Action)
2026-08-11 16:21:18: Copy Over '/Users/andrea/Documents/_DBXAndrea/github/stats4biology_quarto/agriCensData/site_libs/jqueryui-1.11.4/images/ui-icons_ffffff_256x240.png' -> '/Users/andrea/Documents/_DBXAndrea/github/stats4biology/agriCensData/site_libs/jqueryui-1.11.4/images/ui-icons_ffffff_256x240.png' (6,299) (User Action)
2026-08-11 16:21:18: Copy Over '/Users/andrea/Documents/_DBXAndrea/github/stats4biology_quarto/agriCensData/site_libs/jqueryui-1.11.4/index.html' -> '/Users/andrea/Documents/_DBXAndrea/github/stats4biology/agriCensData/site_libs/jqueryui-1.11.4/index.html' (31,572) (User Action)
2026-08-11 16:21:18: Copy Over '/Users/andrea/Documents/_DBXAndrea/github/stats4biology_quarto/agriCensData/site_libs/jqueryui-1.11.4/jquery-ui.css' -> '/Users/andrea/Documents/_DBXAndrea/github/stats4biology/agriCensData/site_libs/jqueryui-1.11.4/jquery-ui.css' (31,045) (User Action)
2026-08-11 16:21:18: Copy Over '/Users/andrea/Documents/_DBXAndrea/github/stats4biology_quarto/agriCensData/site_libs/jqueryui-1.11.4/jquery-ui.js' -> '/Users/andrea/Documents/_DBXAndrea/github/stats4biology/agriCensData/site_libs/jqueryui-1.11.4/jquery-ui.js' (392,842) (User Action)
2026-08-11 16:21:18: Copy Over '/Users/andrea/Documents/_DBXAndrea/github/stats4biology_quarto/agriCensData/site_libs/jqueryui-1.11.4/jquery-ui.min.css' -> '/Users/andrea/Documents/_DBXAndrea/github/stats4biology/agriCensData/site_libs/jqueryui-1.11.4/jquery-ui.min.css' (26,302) (User Action)
2026-08-11 16:21:18: Copy Over '/Users/andrea/Documents/_DBXAndrea/github/stats4biology_quarto/agriCensData/site_libs/jqueryui-1.11.4/jquery-ui.min.js' -> '/Users/andrea/Documents/_DBXAndrea/github/stats4biology/agriCensData/site_libs/jqueryui-1.11.4/jquery-ui.min.js' (204,224) (User Action)
2026-08-11 16:21:18: Copy Over '/Users/andrea/Documents/_DBXAndrea/github/stats4biology_quarto/agriCensData/site_libs/jqueryui-1.11.4/jquery-ui.structure.css' -> '/Users/andrea/Documents/_DBXAndrea/github/stats4biology/agriCensData/site_libs/jqueryui-1.11.4/jquery-ui.structure.css' (14,618) (User Action)
2026-08-11 16:21:18: Copy Over '/Users/andrea/Documents/_DBXAndrea/github/stats4biology_quarto/agriCensData/site_libs/jqueryui-1.11.4/jquery-ui.structure.min.css' -> '/Users/andrea/Documents/_DBXAndrea/github/stats4biology/agriCensData/site_libs/jqueryui-1.11.4/jquery-ui.structure.min.css' (11,809) (User Action)
2026-08-11 16:21:18: Copy Over '/Users/andrea/Documents/_DBXAndrea/github/stats4biology_quarto/agriCensData/site_libs/jqueryui-1.11.4/jquery-ui.theme.css' -> '/Users/andrea/Documents/_DBXAndrea/github/stats4biology/agriCensData/site_libs/jqueryui-1.11.4/jquery-ui.theme.css' (16,531) (User Action)
2026-08-11 16:21:18: Copy Over '/Users/andrea/Documents/_DBXAndrea/github/stats4biology_quarto/agriCensData/site_libs/jqueryui-1.11.4/jquery-ui.theme.min.css' -> '/Users/andrea/Documents/_DBXAndrea/github/stats4biology/agriCensData/site_libs/jqueryui-1.11.4/jquery-ui.theme.min.css' (13,217) (User Action)
2026-08-11 16:21:18: Copy Over '/Users/andrea/Documents/_DBXAndrea/github/stats4biology_quarto/agriCensData/site_libs/jqueryui-1.11.4/README' -> '/Users/andrea/Documents/_DBXAndrea/github/stats4biology/agriCensData/site_libs/jqueryui-1.11.4/README' (408) (User Action)
2026-08-11 16:21:18: Copy Over '/Users/andrea/Documents/_DBXAndrea/github/stats4biology_quarto/agriCensData/site_libs/navigation-1.1/codefolding.js' -> '/Users/andrea/Documents/_DBXAndrea/github/stats4biology/agriCensData/site_libs/navigation-1.1/codefolding.js' (1,753) (User Action)
2026-08-11 16:21:18: Copy Over '/Users/andrea/Documents/_DBXAndrea/github/stats4biology_quarto/agriCensData/site_libs/navigation-1.1/sourceembed.js' -> '/Users/andrea/Documents/_DBXAndrea/github/stats4biology/agriCensData/site_libs/navigation-1.1/sourceembed.js' (357) (User Action)
2026-08-11 16:21:18: Copy Over '/Users/andrea/Documents/_DBXAndrea/github/stats4biology_quarto/agriCensData/site_libs/navigation-1.1/tabsets.js' -> '/Users/andrea/Documents/_DBXAndrea/github/stats4biology/agriCensData/site_libs/navigation-1.1/tabsets.js' (4,299) (User Action)
2026-08-11 16:21:18: Copy Over '/Users/andrea/Documents/_DBXAndrea/github/stats4biology_quarto/agriCensData/site_libs/tocify-1.9.1/jquery.tocify.css' -> '/Users/andrea/Documents/_DBXAndrea/github/stats4biology/agriCensData/site_libs/tocify-1.9.1/jquery.tocify.css' (1,927) (User Action)
2026-08-11 16:21:18: Copy Over '/Users/andrea/Documents/_DBXAndrea/github/stats4biology_quarto/agriCensData/site_libs/tocify-1.9.1/jquery.tocify.js' -> '/Users/andrea/Documents/_DBXAndrea/github/stats4biology/agriCensData/site_libs/tocify-1.9.1/jquery.tocify.js' (31,740) (User Action)
2026-08-11 16:21:19: Copy Over '/Users/andrea/Documents/_DBXAndrea/github/stats4biology_quarto/agriCensData/Tutorial.html' -> '/Users/andrea/Documents/_DBXAndrea/github/stats4biology/agriCensData/Tutorial.html' (44,107) (User Action)
2026-08-11 16:21:19: Copy Over '/Users/andrea/Documents/_DBXAndrea/github/stats4biology_quarto/agriCensData/weed-research.csl' -> '/Users/andrea/Documents/_DBXAndrea/github/stats4biology/agriCensData/weed-research.csl' (7,017) (User Action)
2026-08-11 16:21:19: Copy Over '/Users/andrea/Documents/_DBXAndrea/github/stats4biology_quarto/copy-feed.R' -> '/Users/andrea/Documents/_DBXAndrea/github/stats4biology/copy-feed.R' (159) (User Action)
2026-08-11 16:21:19: Copy Over '/Users/andrea/Documents/_DBXAndrea/github/stats4biology_quarto/CVA/biplot.jpg' -> '/Users/andrea/Documents/_DBXAndrea/github/stats4biology/CVA/biplot.jpg' (32,924) (User Action)
2026-08-11 16:21:19: Copy Over '/Users/andrea/Documents/_DBXAndrea/github/stats4biology_quarto/CVA/Fig1.jpg' -> '/Users/andrea/Documents/_DBXAndrea/github/stats4biology/CVA/Fig1.jpg' (10,481) (User Action)
2026-08-11 16:21:19: Copy Over '/Users/andrea/Documents/_DBXAndrea/github/stats4biology_quarto/CVA/Index.html' -> '/Users/andrea/Documents/_DBXAndrea/github/stats4biology/CVA/Index.html' (57,904) (User Action)
2026-08-11 16:21:19: Copy Over '/Users/andrea/Documents/_DBXAndrea/github/stats4biology_quarto/CVA/PDFver/biplot.jpg' -> '/Users/andrea/Documents/_DBXAndrea/github/stats4biology/CVA/PDFver/biplot.jpg' (32,924) (User Action)
2026-08-11 16:21:19: Copy Over '/Users/andrea/Documents/_DBXAndrea/github/stats4biology_quarto/CVA/PDFver/dsp_multivar_PCA.pdf' -> '/Users/andrea/Documents/_DBXAndrea/github/stats4biology/CVA/PDFver/dsp_multivar_PCA.pdf' (252,530) (User Action)
2026-08-11 16:21:19: Copy Over '/Users/andrea/Documents/_DBXAndrea/github/stats4biology_quarto/CVA/PDFver/Fig1.jpg' -> '/Users/andrea/Documents/_DBXAndrea/github/stats4biology/CVA/PDFver/Fig1.jpg' (10,481) (User Action)
2026-08-11 16:21:19: Copy Over '/Users/andrea/Documents/_DBXAndrea/github/stats4biology_quarto/CVA/site_libs/bootstrap-3.3.5/css/bootstrap-theme.css' -> '/Users/andrea/Documents/_DBXAndrea/github/stats4biology/CVA/site_libs/bootstrap-3.3.5/css/bootstrap-theme.css' (26,132) (User Action)
2026-08-11 16:21:19: Copy Over '/Users/andrea/Documents/_DBXAndrea/github/stats4biology_quarto/CVA/site_libs/bootstrap-3.3.5/css/bootstrap-theme.css.map' -> '/Users/andrea/Documents/_DBXAndrea/github/stats4biology/CVA/site_libs/bootstrap-3.3.5/css/bootstrap-theme.css.map' (47,721) (User Action)
2026-08-11 16:21:19: Copy Over '/Users/andrea/Documents/_DBXAndrea/github/stats4biology_quarto/CVA/site_libs/bootstrap-3.3.5/css/bootstrap-theme.min.css' -> '/Users/andrea/Documents/_DBXAndrea/github/stats4biology/CVA/site_libs/bootstrap-3.3.5/css/bootstrap-theme.min.css' (23,357) (User Action)
2026-08-11 16:21:19: Copy Over '/Users/andrea/Documents/_DBXAndrea/github/stats4biology_quarto/CVA/site_libs/bootstrap-3.3.5/css/bootstrap.css' -> '/Users/andrea/Documents/_DBXAndrea/github/stats4biology/CVA/site_libs/bootstrap-3.3.5/css/bootstrap.css' (147,302) (User Action)
2026-08-11 16:21:19: Copy Over '/Users/andrea/Documents/_DBXAndrea/github/stats4biology_quarto/CVA/site_libs/bootstrap-3.3.5/css/bootstrap.css.map' -> '/Users/andrea/Documents/_DBXAndrea/github/stats4biology/CVA/site_libs/bootstrap-3.3.5/css/bootstrap.css.map' (390,377) (User Action)
2026-08-11 16:21:19: Copy Over '/Users/andrea/Documents/_DBXAndrea/github/stats4biology_quarto/CVA/site_libs/bootstrap-3.3.5/css/bootstrap.min.css' -> '/Users/andrea/Documents/_DBXAndrea/github/stats4biology/CVA/site_libs/bootstrap-3.3.5/css/bootstrap.min.css' (122,425) (User Action)
2026-08-11 16:21:19: Copy Over '/Users/andrea/Documents/_DBXAndrea/github/stats4biology_quarto/CVA/site_libs/bootstrap-3.3.5/css/cerulean.min.css' -> '/Users/andrea/Documents/_DBXAndrea/github/stats4biology/CVA/site_libs/bootstrap-3.3.5/css/cerulean.min.css' (128,200) (User Action)
2026-08-11 16:21:19: Copy Over '/Users/andrea/Documents/_DBXAndrea/github/stats4biology_quarto/CVA/site_libs/bootstrap-3.3.5/css/cosmo.min.css' -> '/Users/andrea/Documents/_DBXAndrea/github/stats4biology/CVA/site_libs/bootstrap-3.3.5/css/cosmo.min.css' (125,929) (User Action)
2026-08-11 16:21:19: Copy Over '/Users/andrea/Documents/_DBXAndrea/github/stats4biology_quarto/CVA/site_libs/bootstrap-3.3.5/css/flatly.min.css' -> '/Users/andrea/Documents/_DBXAndrea/github/stats4biology/CVA/site_libs/bootstrap-3.3.5/css/flatly.min.css' (127,578) (User Action)
2026-08-11 16:21:19: Copy Over '/Users/andrea/Documents/_DBXAndrea/github/stats4biology_quarto/CVA/site_libs/bootstrap-3.3.5/css/fonts/Lato.ttf' -> '/Users/andrea/Documents/_DBXAndrea/github/stats4biology/CVA/site_libs/bootstrap-3.3.5/css/fonts/Lato.ttf' (81,980) (User Action)
2026-08-11 16:21:19: Copy Over '/Users/andrea/Documents/_DBXAndrea/github/stats4biology_quarto/CVA/site_libs/bootstrap-3.3.5/css/fonts/LatoBold.ttf' -> '/Users/andrea/Documents/_DBXAndrea/github/stats4biology/CVA/site_libs/bootstrap-3.3.5/css/fonts/LatoBold.ttf' (82,368) (User Action)
2026-08-11 16:21:19: Copy Over '/Users/andrea/Documents/_DBXAndrea/github/stats4biology_quarto/CVA/site_libs/bootstrap-3.3.5/css/fonts/LatoItalic.ttf' -> '/Users/andrea/Documents/_DBXAndrea/github/stats4biology/CVA/site_libs/bootstrap-3.3.5/css/fonts/LatoItalic.ttf' (81,332) (User Action)
2026-08-11 16:21:19: Copy Over '/Users/andrea/Documents/_DBXAndrea/github/stats4biology_quarto/CVA/site_libs/bootstrap-3.3.5/css/fonts/NewsCycle.ttf' -> '/Users/andrea/Documents/_DBXAndrea/github/stats4biology/CVA/site_libs/bootstrap-3.3.5/css/fonts/NewsCycle.ttf' (28,716) (User Action)
2026-08-11 16:21:19: Copy Over '/Users/andrea/Documents/_DBXAndrea/github/stats4biology_quarto/CVA/site_libs/bootstrap-3.3.5/css/fonts/NewsCycleBold.ttf' -> '/Users/andrea/Documents/_DBXAndrea/github/stats4biology/CVA/site_libs/bootstrap-3.3.5/css/fonts/NewsCycleBold.ttf' (28,724) (User Action)
2026-08-11 16:21:19: Copy Over '/Users/andrea/Documents/_DBXAndrea/github/stats4biology_quarto/CVA/site_libs/bootstrap-3.3.5/css/fonts/OpenSans.ttf' -> '/Users/andrea/Documents/_DBXAndrea/github/stats4biology/CVA/site_libs/bootstrap-3.3.5/css/fonts/OpenSans.ttf' (34,112) (User Action)
2026-08-11 16:21:19: Copy Over '/Users/andrea/Documents/_DBXAndrea/github/stats4biology_quarto/CVA/site_libs/bootstrap-3.3.5/css/fonts/OpenSansBold.ttf' -> '/Users/andrea/Documents/_DBXAndrea/github/stats4biology/CVA/site_libs/bootstrap-3.3.5/css/fonts/OpenSansBold.ttf' (35,760) (User Action)
2026-08-11 16:21:19: Copy Over '/Users/andrea/Documents/_DBXAndrea/github/stats4biology_quarto/CVA/site_libs/bootstrap-3.3.5/css/fonts/OpenSansBoldItalic.ttf' -> '/Users/andrea/Documents/_DBXAndrea/github/stats4biology/CVA/site_libs/bootstrap-3.3.5/css/fonts/OpenSansBoldItalic.ttf' (33,064) (User Action)
2026-08-11 16:21:19: Copy Over '/Users/andrea/Documents/_DBXAndrea/github/stats4biology_quarto/CVA/site_libs/bootstrap-3.3.5/css/fonts/OpenSansItalic.ttf' -> '/Users/andrea/Documents/_DBXAndrea/github/stats4biology/CVA/site_libs/bootstrap-3.3.5/css/fonts/OpenSansItalic.ttf' (32,808) (User Action)
2026-08-11 16:21:19: Copy Over '/Users/andrea/Documents/_DBXAndrea/github/stats4biology_quarto/CVA/site_libs/bootstrap-3.3.5/css/fonts/OpenSansLight.ttf' -> '/Users/andrea/Documents/_DBXAndrea/github/stats4biology/CVA/site_libs/bootstrap-3.3.5/css/fonts/OpenSansLight.ttf' (35,340) (User Action)
2026-08-11 16:21:19: Copy Over '/Users/andrea/Documents/_DBXAndrea/github/stats4biology_quarto/CVA/site_libs/bootstrap-3.3.5/css/fonts/OpenSansLightItalic.ttf' -> '/Users/andrea/Documents/_DBXAndrea/github/stats4biology/CVA/site_libs/bootstrap-3.3.5/css/fonts/OpenSansLightItalic.ttf' (32,680) (User Action)
2026-08-11 16:21:19: Copy Over '/Users/andrea/Documents/_DBXAndrea/github/stats4biology_quarto/CVA/site_libs/bootstrap-3.3.5/css/fonts/Raleway.ttf' -> '/Users/andrea/Documents/_DBXAndrea/github/stats4biology/CVA/site_libs/bootstrap-3.3.5/css/fonts/Raleway.ttf' (63,796) (User Action)
2026-08-11 16:21:19: Copy Over '/Users/andrea/Documents/_DBXAndrea/github/stats4biology_quarto/CVA/site_libs/bootstrap-3.3.5/css/fonts/RalewayBold.ttf' -> '/Users/andrea/Documents/_DBXAndrea/github/stats4biology/CVA/site_libs/bootstrap-3.3.5/css/fonts/RalewayBold.ttf' (62,224) (User Action)
2026-08-11 16:21:19: Copy Over '/Users/andrea/Documents/_DBXAndrea/github/stats4biology_quarto/CVA/site_libs/bootstrap-3.3.5/css/fonts/Roboto.ttf' -> '/Users/andrea/Documents/_DBXAndrea/github/stats4biology/CVA/site_libs/bootstrap-3.3.5/css/fonts/Roboto.ttf' (32,652) (User Action)
2026-08-11 16:21:19: Copy Over '/Users/andrea/Documents/_DBXAndrea/github/stats4biology_quarto/CVA/site_libs/bootstrap-3.3.5/css/fonts/RobotoBold.ttf' -> '/Users/andrea/Documents/_DBXAndrea/github/stats4biology/CVA/site_libs/bootstrap-3.3.5/css/fonts/RobotoBold.ttf' (32,500) (User Action)
2026-08-11 16:21:19: Copy Over '/Users/andrea/Documents/_DBXAndrea/github/stats4biology_quarto/CVA/site_libs/bootstrap-3.3.5/css/fonts/RobotoLight.ttf' -> '/Users/andrea/Documents/_DBXAndrea/github/stats4biology/CVA/site_libs/bootstrap-3.3.5/css/fonts/RobotoLight.ttf' (32,664) (User Action)
2026-08-11 16:21:19: Copy Over '/Users/andrea/Documents/_DBXAndrea/github/stats4biology_quarto/CVA/site_libs/bootstrap-3.3.5/css/fonts/RobotoMedium.ttf' -> '/Users/andrea/Documents/_DBXAndrea/github/stats4biology/CVA/site_libs/bootstrap-3.3.5/css/fonts/RobotoMedium.ttf' (32,580) (User Action)
2026-08-11 16:21:19: Copy Over '/Users/andrea/Documents/_DBXAndrea/github/stats4biology_quarto/CVA/site_libs/bootstrap-3.3.5/css/fonts/SourceSansPro.ttf' -> '/Users/andrea/Documents/_DBXAndrea/github/stats4biology/CVA/site_libs/bootstrap-3.3.5/css/fonts/SourceSansPro.ttf' (35,064) (User Action)
2026-08-11 16:21:19: Copy Over '/Users/andrea/Documents/_DBXAndrea/github/stats4biology_quarto/CVA/site_libs/bootstrap-3.3.5/css/fonts/SourceSansProBold.ttf' -> '/Users/andrea/Documents/_DBXAndrea/github/stats4biology/CVA/site_libs/bootstrap-3.3.5/css/fonts/SourceSansProBold.ttf' (34,908) (User Action)
2026-08-11 16:21:19: Copy Over '/Users/andrea/Documents/_DBXAndrea/github/stats4biology_quarto/CVA/site_libs/bootstrap-3.3.5/css/fonts/SourceSansProItalic.ttf' -> '/Users/andrea/Documents/_DBXAndrea/github/stats4biology/CVA/site_libs/bootstrap-3.3.5/css/fonts/SourceSansProItalic.ttf' (33,864) (User Action)
2026-08-11 16:21:19: Copy Over '/Users/andrea/Documents/_DBXAndrea/github/stats4biology_quarto/CVA/site_libs/bootstrap-3.3.5/css/fonts/SourceSansProLight.ttf' -> '/Users/andrea/Documents/_DBXAndrea/github/stats4biology/CVA/site_libs/bootstrap-3.3.5/css/fonts/SourceSansProLight.ttf' (35,368) (User Action)
2026-08-11 16:21:19: Copy Over '/Users/andrea/Documents/_DBXAndrea/github/stats4biology_quarto/CVA/site_libs/bootstrap-3.3.5/css/fonts/Ubuntu.ttf' -> '/Users/andrea/Documents/_DBXAndrea/github/stats4biology/CVA/site_libs/bootstrap-3.3.5/css/fonts/Ubuntu.ttf' (73,608) (User Action)
2026-08-11 16:21:19: Copy Over '/Users/andrea/Documents/_DBXAndrea/github/stats4biology_quarto/CVA/site_libs/bootstrap-3.3.5/css/journal.min.css' -> '/Users/andrea/Documents/_DBXAndrea/github/stats4biology/CVA/site_libs/bootstrap-3.3.5/css/journal.min.css' (124,651) (User Action)
2026-08-11 16:21:19: Copy Over '/Users/andrea/Documents/_DBXAndrea/github/stats4biology_quarto/CVA/site_libs/bootstrap-3.3.5/css/lumen.min.css' -> '/Users/andrea/Documents/_DBXAndrea/github/stats4biology/CVA/site_libs/bootstrap-3.3.5/css/lumen.min.css' (131,260) (User Action)
2026-08-11 16:21:19: Copy Over '/Users/andrea/Documents/_DBXAndrea/github/stats4biology_quarto/CVA/site_libs/bootstrap-3.3.5/css/paper.min.css' -> '/Users/andrea/Documents/_DBXAndrea/github/stats4biology/CVA/site_libs/bootstrap-3.3.5/css/paper.min.css' (141,648) (User Action)
2026-08-11 16:21:19: Copy Over '/Users/andrea/Documents/_DBXAndrea/github/stats4biology_quarto/CVA/site_libs/bootstrap-3.3.5/css/readable.min.css' -> '/Users/andrea/Documents/_DBXAndrea/github/stats4biology/CVA/site_libs/bootstrap-3.3.5/css/readable.min.css' (124,680) (User Action)
2026-08-11 16:21:19: Copy Over '/Users/andrea/Documents/_DBXAndrea/github/stats4biology_quarto/CVA/site_libs/bootstrap-3.3.5/css/sandstone.min.css' -> '/Users/andrea/Documents/_DBXAndrea/github/stats4biology/CVA/site_libs/bootstrap-3.3.5/css/sandstone.min.css' (125,076) (User Action)
2026-08-11 16:21:19: Copy Over '/Users/andrea/Documents/_DBXAndrea/github/stats4biology_quarto/CVA/site_libs/bootstrap-3.3.5/css/simplex.min.css' -> '/Users/andrea/Documents/_DBXAndrea/github/stats4biology/CVA/site_libs/bootstrap-3.3.5/css/simplex.min.css' (127,698) (User Action)
2026-08-11 16:21:19: Copy Over '/Users/andrea/Documents/_DBXAndrea/github/stats4biology_quarto/CVA/site_libs/bootstrap-3.3.5/css/spacelab.min.css' -> '/Users/andrea/Documents/_DBXAndrea/github/stats4biology/CVA/site_libs/bootstrap-3.3.5/css/spacelab.min.css' (131,641) (User Action)
2026-08-11 16:21:19: Copy Over '/Users/andrea/Documents/_DBXAndrea/github/stats4biology_quarto/CVA/site_libs/bootstrap-3.3.5/css/united.min.css' -> '/Users/andrea/Documents/_DBXAndrea/github/stats4biology/CVA/site_libs/bootstrap-3.3.5/css/united.min.css' (122,856) (User Action)
2026-08-11 16:21:19: Copy Over '/Users/andrea/Documents/_DBXAndrea/github/stats4biology_quarto/CVA/site_libs/bootstrap-3.3.5/css/yeti.min.css' -> '/Users/andrea/Documents/_DBXAndrea/github/stats4biology/CVA/site_libs/bootstrap-3.3.5/css/yeti.min.css' (128,392) (User Action)
2026-08-11 16:21:19: Copy Over '/Users/andrea/Documents/_DBXAndrea/github/stats4biology_quarto/CVA/site_libs/bootstrap-3.3.5/fonts/glyphicons-halflings-regular.eot' -> '/Users/andrea/Documents/_DBXAndrea/github/stats4biology/CVA/site_libs/bootstrap-3.3.5/fonts/glyphicons-halflings-regular.eot' (20,127) (User Action)
2026-08-11 16:21:19: Copy Over '/Users/andrea/Documents/_DBXAndrea/github/stats4biology_quarto/CVA/site_libs/bootstrap-3.3.5/fonts/glyphicons-halflings-regular.svg' -> '/Users/andrea/Documents/_DBXAndrea/github/stats4biology/CVA/site_libs/bootstrap-3.3.5/fonts/glyphicons-halflings-regular.svg' (108,738) (User Action)
2026-08-11 16:21:19: Copy Over '/Users/andrea/Documents/_DBXAndrea/github/stats4biology_quarto/CVA/site_libs/bootstrap-3.3.5/fonts/glyphicons-halflings-regular.ttf' -> '/Users/andrea/Documents/_DBXAndrea/github/stats4biology/CVA/site_libs/bootstrap-3.3.5/fonts/glyphicons-halflings-regular.ttf' (45,404) (User Action)
2026-08-11 16:21:19: Copy Over '/Users/andrea/Documents/_DBXAndrea/github/stats4biology_quarto/CVA/site_libs/bootstrap-3.3.5/fonts/glyphicons-halflings-regular.woff' -> '/Users/andrea/Documents/_DBXAndrea/github/stats4biology/CVA/site_libs/bootstrap-3.3.5/fonts/glyphicons-halflings-regular.woff' (23,424) (User Action)
2026-08-11 16:21:19: Copy Over '/Users/andrea/Documents/_DBXAndrea/github/stats4biology_quarto/CVA/site_libs/bootstrap-3.3.5/fonts/glyphicons-halflings-regular.woff2' -> '/Users/andrea/Documents/_DBXAndrea/github/stats4biology/CVA/site_libs/bootstrap-3.3.5/fonts/glyphicons-halflings-regular.woff2' (18,028) (User Action)
2026-08-11 16:21:19: Copy Over '/Users/andrea/Documents/_DBXAndrea/github/stats4biology_quarto/CVA/site_libs/bootstrap-3.3.5/js/bootstrap.js' -> '/Users/andrea/Documents/_DBXAndrea/github/stats4biology/CVA/site_libs/bootstrap-3.3.5/js/bootstrap.js' (68,890) (User Action)
2026-08-11 16:21:19: Copy Over '/Users/andrea/Documents/_DBXAndrea/github/stats4biology_quarto/CVA/site_libs/bootstrap-3.3.5/js/bootstrap.min.js' -> '/Users/andrea/Documents/_DBXAndrea/github/stats4biology/CVA/site_libs/bootstrap-3.3.5/js/bootstrap.min.js' (36,816) (User Action)
2026-08-11 16:21:19: Copy Over '/Users/andrea/Documents/_DBXAndrea/github/stats4biology_quarto/CVA/site_libs/bootstrap-3.3.5/js/npm.js' -> '/Users/andrea/Documents/_DBXAndrea/github/stats4biology/CVA/site_libs/bootstrap-3.3.5/js/npm.js' (484) (User Action)
2026-08-11 16:21:19: Copy Over '/Users/andrea/Documents/_DBXAndrea/github/stats4biology_quarto/CVA/site_libs/bootstrap-3.3.5/shim/html5shiv.min.js' -> '/Users/andrea/Documents/_DBXAndrea/github/stats4biology/CVA/site_libs/bootstrap-3.3.5/shim/html5shiv.min.js' (2,722) (User Action)
2026-08-11 16:21:19: Copy Over '/Users/andrea/Documents/_DBXAndrea/github/stats4biology_quarto/CVA/site_libs/bootstrap-3.3.5/shim/respond.min.js' -> '/Users/andrea/Documents/_DBXAndrea/github/stats4biology/CVA/site_libs/bootstrap-3.3.5/shim/respond.min.js' (4,463) (User Action)
2026-08-11 16:21:19: Copy Over '/Users/andrea/Documents/_DBXAndrea/github/stats4biology_quarto/CVA/site_libs/font-awesome-5.0.13/css/fa-svg-with-js.css' -> '/Users/andrea/Documents/_DBXAndrea/github/stats4biology/CVA/site_libs/font-awesome-5.0.13/css/fa-svg-with-js.css' (7,408) (User Action)
2026-08-11 16:21:19: Copy Over '/Users/andrea/Documents/_DBXAndrea/github/stats4biology_quarto/CVA/site_libs/font-awesome-5.0.13/fonts/fa-brands-400.ttf' -> '/Users/andrea/Documents/_DBXAndrea/github/stats4biology/CVA/site_libs/font-awesome-5.0.13/fonts/fa-brands-400.ttf' (111,384) (User Action)
2026-08-11 16:21:19: Copy Over '/Users/andrea/Documents/_DBXAndrea/github/stats4biology_quarto/CVA/site_libs/font-awesome-5.0.13/fonts/fa-regular-400.ttf' -> '/Users/andrea/Documents/_DBXAndrea/github/stats4biology/CVA/site_libs/font-awesome-5.0.13/fonts/fa-regular-400.ttf' (31,044) (User Action)
2026-08-11 16:21:19: Copy Over '/Users/andrea/Documents/_DBXAndrea/github/stats4biology_quarto/CVA/site_libs/font-awesome-5.0.13/fonts/fa-solid-900.ttf' -> '/Users/andrea/Documents/_DBXAndrea/github/stats4biology/CVA/site_libs/font-awesome-5.0.13/fonts/fa-solid-900.ttf' (132,920) (User Action)
2026-08-11 16:21:19: Copy Over '/Users/andrea/Documents/_DBXAndrea/github/stats4biology_quarto/CVA/site_libs/font-awesome-5.0.13/js/fa-v4-shims.min.js' -> '/Users/andrea/Documents/_DBXAndrea/github/stats4biology/CVA/site_libs/font-awesome-5.0.13/js/fa-v4-shims.min.js' (15,206) (User Action)
2026-08-11 16:21:19: Copy Over '/Users/andrea/Documents/_DBXAndrea/github/stats4biology_quarto/CVA/site_libs/font-awesome-5.0.13/js/fontawesome-all.min.js' -> '/Users/andrea/Documents/_DBXAndrea/github/stats4biology/CVA/site_libs/font-awesome-5.0.13/js/fontawesome-all.min.js' (799,550) (User Action)
2026-08-11 16:21:19: Copy Over '/Users/andrea/Documents/_DBXAndrea/github/stats4biology_quarto/CVA/site_libs/highlightjs-9.12.0/default.css' -> '/Users/andrea/Documents/_DBXAndrea/github/stats4biology/CVA/site_libs/highlightjs-9.12.0/default.css' (213) (User Action)
2026-08-11 16:21:19: Copy Over '/Users/andrea/Documents/_DBXAndrea/github/stats4biology_quarto/CVA/site_libs/highlightjs-9.12.0/highlight.js' -> '/Users/andrea/Documents/_DBXAndrea/github/stats4biology/CVA/site_libs/highlightjs-9.12.0/highlight.js' (51,225) (User Action)
2026-08-11 16:21:19: Copy Over '/Users/andrea/Documents/_DBXAndrea/github/stats4biology_quarto/CVA/site_libs/highlightjs-9.12.0/textmate.css' -> '/Users/andrea/Documents/_DBXAndrea/github/stats4biology/CVA/site_libs/highlightjs-9.12.0/textmate.css' (222) (User Action)
2026-08-11 16:21:19: Copy Over '/Users/andrea/Documents/_DBXAndrea/github/stats4biology_quarto/CVA/site_libs/jquery-1.11.3/jquery.min.js' -> '/Users/andrea/Documents/_DBXAndrea/github/stats4biology/CVA/site_libs/jquery-1.11.3/jquery.min.js' (95,957) (User Action)
2026-08-11 16:21:19: Copy Over '/Users/andrea/Documents/_DBXAndrea/github/stats4biology_quarto/CVA/site_libs/jqueryui-1.11.4/images/ui-icons_444444_256x240.png' -> '/Users/andrea/Documents/_DBXAndrea/github/stats4biology/CVA/site_libs/jqueryui-1.11.4/images/ui-icons_444444_256x240.png' (6,992) (User Action)
2026-08-11 16:21:19: Copy Over '/Users/andrea/Documents/_DBXAndrea/github/stats4biology_quarto/CVA/site_libs/jqueryui-1.11.4/images/ui-icons_555555_256x240.png' -> '/Users/andrea/Documents/_DBXAndrea/github/stats4biology/CVA/site_libs/jqueryui-1.11.4/images/ui-icons_555555_256x240.png' (6,988) (User Action)
2026-08-11 16:21:19: Copy Over '/Users/andrea/Documents/_DBXAndrea/github/stats4biology_quarto/CVA/site_libs/jqueryui-1.11.4/images/ui-icons_777620_256x240.png' -> '/Users/andrea/Documents/_DBXAndrea/github/stats4biology/CVA/site_libs/jqueryui-1.11.4/images/ui-icons_777620_256x240.png' (4,549) (User Action)
2026-08-11 16:21:19: Copy Over '/Users/andrea/Documents/_DBXAndrea/github/stats4biology_quarto/CVA/site_libs/jqueryui-1.11.4/images/ui-icons_777777_256x240.png' -> '/Users/andrea/Documents/_DBXAndrea/github/stats4biology/CVA/site_libs/jqueryui-1.11.4/images/ui-icons_777777_256x240.png' (6,999) (User Action)
2026-08-11 16:21:19: Copy Over '/Users/andrea/Documents/_DBXAndrea/github/stats4biology_quarto/CVA/site_libs/jqueryui-1.11.4/images/ui-icons_cc0000_256x240.png' -> '/Users/andrea/Documents/_DBXAndrea/github/stats4biology/CVA/site_libs/jqueryui-1.11.4/images/ui-icons_cc0000_256x240.png' (4,549) (User Action)
2026-08-11 16:21:19: Copy Over '/Users/andrea/Documents/_DBXAndrea/github/stats4biology_quarto/CVA/site_libs/jqueryui-1.11.4/images/ui-icons_ffffff_256x240.png' -> '/Users/andrea/Documents/_DBXAndrea/github/stats4biology/CVA/site_libs/jqueryui-1.11.4/images/ui-icons_ffffff_256x240.png' (6,299) (User Action)
2026-08-11 16:21:19: Copy Over '/Users/andrea/Documents/_DBXAndrea/github/stats4biology_quarto/CVA/site_libs/jqueryui-1.11.4/index.html' -> '/Users/andrea/Documents/_DBXAndrea/github/stats4biology/CVA/site_libs/jqueryui-1.11.4/index.html' (31,572) (User Action)
2026-08-11 16:21:19: Copy Over '/Users/andrea/Documents/_DBXAndrea/github/stats4biology_quarto/CVA/site_libs/jqueryui-1.11.4/jquery-ui.css' -> '/Users/andrea/Documents/_DBXAndrea/github/stats4biology/CVA/site_libs/jqueryui-1.11.4/jquery-ui.css' (31,045) (User Action)
2026-08-11 16:21:19: Copy Over '/Users/andrea/Documents/_DBXAndrea/github/stats4biology_quarto/CVA/site_libs/jqueryui-1.11.4/jquery-ui.js' -> '/Users/andrea/Documents/_DBXAndrea/github/stats4biology/CVA/site_libs/jqueryui-1.11.4/jquery-ui.js' (392,842) (User Action)
2026-08-11 16:21:19: Copy Over '/Users/andrea/Documents/_DBXAndrea/github/stats4biology_quarto/CVA/site_libs/jqueryui-1.11.4/jquery-ui.min.css' -> '/Users/andrea/Documents/_DBXAndrea/github/stats4biology/CVA/site_libs/jqueryui-1.11.4/jquery-ui.min.css' (26,302) (User Action)
2026-08-11 16:21:19: Copy Over '/Users/andrea/Documents/_DBXAndrea/github/stats4biology_quarto/CVA/site_libs/jqueryui-1.11.4/jquery-ui.min.js' -> '/Users/andrea/Documents/_DBXAndrea/github/stats4biology/CVA/site_libs/jqueryui-1.11.4/jquery-ui.min.js' (204,224) (User Action)
2026-08-11 16:21:19: Copy Over '/Users/andrea/Documents/_DBXAndrea/github/stats4biology_quarto/CVA/site_libs/jqueryui-1.11.4/jquery-ui.structure.css' -> '/Users/andrea/Documents/_DBXAndrea/github/stats4biology/CVA/site_libs/jqueryui-1.11.4/jquery-ui.structure.css' (14,618) (User Action)
2026-08-11 16:21:19: Copy Over '/Users/andrea/Documents/_DBXAndrea/github/stats4biology_quarto/CVA/site_libs/jqueryui-1.11.4/jquery-ui.structure.min.css' -> '/Users/andrea/Documents/_DBXAndrea/github/stats4biology/CVA/site_libs/jqueryui-1.11.4/jquery-ui.structure.min.css' (11,809) (User Action)
2026-08-11 16:21:19: Copy Over '/Users/andrea/Documents/_DBXAndrea/github/stats4biology_quarto/CVA/site_libs/jqueryui-1.11.4/jquery-ui.theme.css' -> '/Users/andrea/Documents/_DBXAndrea/github/stats4biology/CVA/site_libs/jqueryui-1.11.4/jquery-ui.theme.css' (16,531) (User Action)
2026-08-11 16:21:19: Copy Over '/Users/andrea/Documents/_DBXAndrea/github/stats4biology_quarto/CVA/site_libs/jqueryui-1.11.4/jquery-ui.theme.min.css' -> '/Users/andrea/Documents/_DBXAndrea/github/stats4biology/CVA/site_libs/jqueryui-1.11.4/jquery-ui.theme.min.css' (13,217) (User Action)
2026-08-11 16:21:19: Copy Over '/Users/andrea/Documents/_DBXAndrea/github/stats4biology_quarto/CVA/site_libs/jqueryui-1.11.4/README' -> '/Users/andrea/Documents/_DBXAndrea/github/stats4biology/CVA/site_libs/jqueryui-1.11.4/README' (408) (User Action)
2026-08-11 16:21:19: Copy Over '/Users/andrea/Documents/_DBXAndrea/github/stats4biology_quarto/CVA/site_libs/navigation-1.1/codefolding.js' -> '/Users/andrea/Documents/_DBXAndrea/github/stats4biology/CVA/site_libs/navigation-1.1/codefolding.js' (1,753) (User Action)
2026-08-11 16:21:19: Copy Over '/Users/andrea/Documents/_DBXAndrea/github/stats4biology_quarto/CVA/site_libs/navigation-1.1/sourceembed.js' -> '/Users/andrea/Documents/_DBXAndrea/github/stats4biology/CVA/site_libs/navigation-1.1/sourceembed.js' (357) (User Action)
2026-08-11 16:21:19: Copy Over '/Users/andrea/Documents/_DBXAndrea/github/stats4biology_quarto/CVA/site_libs/navigation-1.1/tabsets.js' -> '/Users/andrea/Documents/_DBXAndrea/github/stats4biology/CVA/site_libs/navigation-1.1/tabsets.js' (4,299) (User Action)
2026-08-11 16:21:19: Copy Over '/Users/andrea/Documents/_DBXAndrea/github/stats4biology_quarto/CVA/site_libs/tocify-1.9.1/jquery.tocify.css' -> '/Users/andrea/Documents/_DBXAndrea/github/stats4biology/CVA/site_libs/tocify-1.9.1/jquery.tocify.css' (1,927) (User Action)
2026-08-11 16:21:19: Copy Over '/Users/andrea/Documents/_DBXAndrea/github/stats4biology_quarto/CVA/site_libs/tocify-1.9.1/jquery.tocify.js' -> '/Users/andrea/Documents/_DBXAndrea/github/stats4biology/CVA/site_libs/tocify-1.9.1/jquery.tocify.js' (31,740) (User Action)
2026-08-11 16:21:19: Copy Over '/Users/andrea/Documents/_DBXAndrea/github/stats4biology_quarto/Figures/Email_Signature_978-3-032-08199-5.png' -> '/Users/andrea/Documents/_DBXAndrea/github/stats4biology/Figures/Email_Signature_978-3-032-08199-5.png' (35,307) (User Action)
2026-08-11 16:21:19: Copy Over '/Users/andrea/Documents/_DBXAndrea/github/stats4biology_quarto/Figures/logo copy.png' -> '/Users/andrea/Documents/_DBXAndrea/github/stats4biology/Figures/logo copy.png' (617,967) (User Action)
2026-08-11 16:21:19: Copy Over '/Users/andrea/Documents/_DBXAndrea/github/stats4biology_quarto/Figures/logo.jpg' -> '/Users/andrea/Documents/_DBXAndrea/github/stats4biology/Figures/logo.jpg' (152,270) (User Action)
2026-08-11 16:21:19: Copy Over '/Users/andrea/Documents/_DBXAndrea/github/stats4biology_quarto/Figures/logo.key' -> '/Users/andrea/Documents/_DBXAndrea/github/stats4biology/Figures/logo.key' (507,951) (User Action)
2026-08-11 16:21:19: Copy Over '/Users/andrea/Documents/_DBXAndrea/github/stats4biology_quarto/Figures/logo.png' -> '/Users/andrea/Documents/_DBXAndrea/github/stats4biology/Figures/logo.png' (618,391) (User Action)
2026-08-11 16:21:19: Copy Over '/Users/andrea/Documents/_DBXAndrea/github/stats4biology_quarto/Figures/logo_square.pdf' -> '/Users/andrea/Documents/_DBXAndrea/github/stats4biology/Figures/logo_square.pdf' (156,829) (User Action)
2026-08-11 16:21:19: Copy Over '/Users/andrea/Documents/_DBXAndrea/github/stats4biology_quarto/Figures/logo_square.png' -> '/Users/andrea/Documents/_DBXAndrea/github/stats4biology/Figures/logo_square.png' (2,062,768) (User Action)
2026-08-11 16:21:19: Copy Over '/Users/andrea/Documents/_DBXAndrea/github/stats4biology_quarto/Figures/Myself.JPEG' -> '/Users/andrea/Documents/_DBXAndrea/github/stats4biology/Figures/Myself.JPEG' (124,393) (User Action)
2026-08-11 16:21:19: Copy Over '/Users/andrea/Documents/_DBXAndrea/github/stats4biology_quarto/Figures/myself2.JPEG' -> '/Users/andrea/Documents/_DBXAndrea/github/stats4biology/Figures/myself2.JPEG' (478,829) (User Action)
2026-08-11 16:21:19: Copy Over '/Users/andrea/Documents/_DBXAndrea/github/stats4biology_quarto/Figures/profile.jpg' -> '/Users/andrea/Documents/_DBXAndrea/github/stats4biology/Figures/profile.jpg' (60,521) (User Action)
2026-08-11 16:21:19: Copy Over '/Users/andrea/Documents/_DBXAndrea/github/stats4biology_quarto/Figures/VarianceSamplePop.jpg' -> '/Users/andrea/Documents/_DBXAndrea/github/stats4biology/Figures/VarianceSamplePop.jpg' (13,390) (User Action)
2026-08-11 16:21:19: Copy Over '/Users/andrea/Documents/_DBXAndrea/github/stats4biology_quarto/index.qmd' -> '/Users/andrea/Documents/_DBXAndrea/github/stats4biology/index.qmd' (303) (User Action)
2026-08-11 16:21:19: Copy Over '/Users/andrea/Documents/_DBXAndrea/github/stats4biology_quarto/LICENSE' -> '/Users/andrea/Documents/_DBXAndrea/github/stats4biology/LICENSE' (35,126) (User Action)
2026-08-11 16:21:19: Copy Over '/Users/andrea/Documents/_DBXAndrea/github/stats4biology_quarto/links.qmd' -> '/Users/andrea/Documents/_DBXAndrea/github/stats4biology/links.qmd' (715) (User Action)
2026-08-11 16:21:19: Copy Over '/Users/andrea/Documents/_DBXAndrea/github/stats4biology_quarto/lmDiallel/index.html' -> '/Users/andrea/Documents/_DBXAndrea/github/stats4biology/lmDiallel/index.html' (15,795) (User Action)
2026-08-11 16:21:19: Copy Over '/Users/andrea/Documents/_DBXAndrea/github/stats4biology_quarto/lmDiallel/site_libs/bootstrap-3.3.5/css/bootstrap-theme.css' -> '/Users/andrea/Documents/_DBXAndrea/github/stats4biology/lmDiallel/site_libs/bootstrap-3.3.5/css/bootstrap-theme.css' (26,132) (User Action)
2026-08-11 16:21:19: Copy Over '/Users/andrea/Documents/_DBXAndrea/github/stats4biology_quarto/lmDiallel/site_libs/bootstrap-3.3.5/css/bootstrap-theme.css.map' -> '/Users/andrea/Documents/_DBXAndrea/github/stats4biology/lmDiallel/site_libs/bootstrap-3.3.5/css/bootstrap-theme.css.map' (47,721) (User Action)
2026-08-11 16:21:19: Copy Over '/Users/andrea/Documents/_DBXAndrea/github/stats4biology_quarto/lmDiallel/site_libs/bootstrap-3.3.5/css/bootstrap-theme.min.css' -> '/Users/andrea/Documents/_DBXAndrea/github/stats4biology/lmDiallel/site_libs/bootstrap-3.3.5/css/bootstrap-theme.min.css' (23,357) (User Action)
2026-08-11 16:21:19: Copy Over '/Users/andrea/Documents/_DBXAndrea/github/stats4biology_quarto/lmDiallel/site_libs/bootstrap-3.3.5/css/bootstrap.css' -> '/Users/andrea/Documents/_DBXAndrea/github/stats4biology/lmDiallel/site_libs/bootstrap-3.3.5/css/bootstrap.css' (147,302) (User Action)
2026-08-11 16:21:19: Copy Over '/Users/andrea/Documents/_DBXAndrea/github/stats4biology_quarto/lmDiallel/site_libs/bootstrap-3.3.5/css/bootstrap.css.map' -> '/Users/andrea/Documents/_DBXAndrea/github/stats4biology/lmDiallel/site_libs/bootstrap-3.3.5/css/bootstrap.css.map' (390,377) (User Action)
2026-08-11 16:21:19: Copy Over '/Users/andrea/Documents/_DBXAndrea/github/stats4biology_quarto/lmDiallel/site_libs/bootstrap-3.3.5/css/bootstrap.min.css' -> '/Users/andrea/Documents/_DBXAndrea/github/stats4biology/lmDiallel/site_libs/bootstrap-3.3.5/css/bootstrap.min.css' (122,425) (User Action)
2026-08-11 16:21:19: Copy Over '/Users/andrea/Documents/_DBXAndrea/github/stats4biology_quarto/lmDiallel/site_libs/bootstrap-3.3.5/css/cerulean.min.css' -> '/Users/andrea/Documents/_DBXAndrea/github/stats4biology/lmDiallel/site_libs/bootstrap-3.3.5/css/cerulean.min.css' (128,200) (User Action)
2026-08-11 16:21:19: Copy Over '/Users/andrea/Documents/_DBXAndrea/github/stats4biology_quarto/lmDiallel/site_libs/bootstrap-3.3.5/css/cosmo.min.css' -> '/Users/andrea/Documents/_DBXAndrea/github/stats4biology/lmDiallel/site_libs/bootstrap-3.3.5/css/cosmo.min.css' (125,929) (User Action)
2026-08-11 16:21:19: Copy Over '/Users/andrea/Documents/_DBXAndrea/github/stats4biology_quarto/lmDiallel/site_libs/bootstrap-3.3.5/css/darkly.min.css' -> '/Users/andrea/Documents/_DBXAndrea/github/stats4biology/lmDiallel/site_libs/bootstrap-3.3.5/css/darkly.min.css' (127,982) (User Action)
2026-08-11 16:21:19: Copy Over '/Users/andrea/Documents/_DBXAndrea/github/stats4biology_quarto/lmDiallel/site_libs/bootstrap-3.3.5/css/flatly.min.css' -> '/Users/andrea/Documents/_DBXAndrea/github/stats4biology/lmDiallel/site_libs/bootstrap-3.3.5/css/flatly.min.css' (127,578) (User Action)
2026-08-11 16:21:19: Copy Over '/Users/andrea/Documents/_DBXAndrea/github/stats4biology_quarto/lmDiallel/site_libs/bootstrap-3.3.5/css/fonts/Lato.ttf' -> '/Users/andrea/Documents/_DBXAndrea/github/stats4biology/lmDiallel/site_libs/bootstrap-3.3.5/css/fonts/Lato.ttf' (81,980) (User Action)
2026-08-11 16:21:19: Copy Over '/Users/andrea/Documents/_DBXAndrea/github/stats4biology_quarto/lmDiallel/site_libs/bootstrap-3.3.5/css/fonts/LatoBold.ttf' -> '/Users/andrea/Documents/_DBXAndrea/github/stats4biology/lmDiallel/site_libs/bootstrap-3.3.5/css/fonts/LatoBold.ttf' (82,368) (User Action)
2026-08-11 16:21:19: Copy Over '/Users/andrea/Documents/_DBXAndrea/github/stats4biology_quarto/lmDiallel/site_libs/bootstrap-3.3.5/css/fonts/LatoItalic.ttf' -> '/Users/andrea/Documents/_DBXAndrea/github/stats4biology/lmDiallel/site_libs/bootstrap-3.3.5/css/fonts/LatoItalic.ttf' (81,332) (User Action)
2026-08-11 16:21:19: Copy Over '/Users/andrea/Documents/_DBXAndrea/github/stats4biology_quarto/lmDiallel/site_libs/bootstrap-3.3.5/css/fonts/NewsCycle.ttf' -> '/Users/andrea/Documents/_DBXAndrea/github/stats4biology/lmDiallel/site_libs/bootstrap-3.3.5/css/fonts/NewsCycle.ttf' (28,716) (User Action)
2026-08-11 16:21:19: Copy Over '/Users/andrea/Documents/_DBXAndrea/github/stats4biology_quarto/lmDiallel/site_libs/bootstrap-3.3.5/css/fonts/NewsCycleBold.ttf' -> '/Users/andrea/Documents/_DBXAndrea/github/stats4biology/lmDiallel/site_libs/bootstrap-3.3.5/css/fonts/NewsCycleBold.ttf' (28,724) (User Action)
2026-08-11 16:21:19: Copy Over '/Users/andrea/Documents/_DBXAndrea/github/stats4biology_quarto/lmDiallel/site_libs/bootstrap-3.3.5/css/fonts/OpenSans.ttf' -> '/Users/andrea/Documents/_DBXAndrea/github/stats4biology/lmDiallel/site_libs/bootstrap-3.3.5/css/fonts/OpenSans.ttf' (34,112) (User Action)
2026-08-11 16:21:19: Copy Over '/Users/andrea/Documents/_DBXAndrea/github/stats4biology_quarto/lmDiallel/site_libs/bootstrap-3.3.5/css/fonts/OpenSansBold.ttf' -> '/Users/andrea/Documents/_DBXAndrea/github/stats4biology/lmDiallel/site_libs/bootstrap-3.3.5/css/fonts/OpenSansBold.ttf' (35,760) (User Action)
2026-08-11 16:21:19: Copy Over '/Users/andrea/Documents/_DBXAndrea/github/stats4biology_quarto/lmDiallel/site_libs/bootstrap-3.3.5/css/fonts/OpenSansBoldItalic.ttf' -> '/Users/andrea/Documents/_DBXAndrea/github/stats4biology/lmDiallel/site_libs/bootstrap-3.3.5/css/fonts/OpenSansBoldItalic.ttf' (33,064) (User Action)
2026-08-11 16:21:19: Copy Over '/Users/andrea/Documents/_DBXAndrea/github/stats4biology_quarto/lmDiallel/site_libs/bootstrap-3.3.5/css/fonts/OpenSansItalic.ttf' -> '/Users/andrea/Documents/_DBXAndrea/github/stats4biology/lmDiallel/site_libs/bootstrap-3.3.5/css/fonts/OpenSansItalic.ttf' (32,808) (User Action)
2026-08-11 16:21:19: Copy Over '/Users/andrea/Documents/_DBXAndrea/github/stats4biology_quarto/lmDiallel/site_libs/bootstrap-3.3.5/css/fonts/OpenSansLight.ttf' -> '/Users/andrea/Documents/_DBXAndrea/github/stats4biology/lmDiallel/site_libs/bootstrap-3.3.5/css/fonts/OpenSansLight.ttf' (35,340) (User Action)
2026-08-11 16:21:19: Copy Over '/Users/andrea/Documents/_DBXAndrea/github/stats4biology_quarto/lmDiallel/site_libs/bootstrap-3.3.5/css/fonts/OpenSansLightItalic.ttf' -> '/Users/andrea/Documents/_DBXAndrea/github/stats4biology/lmDiallel/site_libs/bootstrap-3.3.5/css/fonts/OpenSansLightItalic.ttf' (32,680) (User Action)
2026-08-11 16:21:19: Copy Over '/Users/andrea/Documents/_DBXAndrea/github/stats4biology_quarto/lmDiallel/site_libs/bootstrap-3.3.5/css/fonts/Raleway.ttf' -> '/Users/andrea/Documents/_DBXAndrea/github/stats4biology/lmDiallel/site_libs/bootstrap-3.3.5/css/fonts/Raleway.ttf' (63,796) (User Action)
2026-08-11 16:21:19: Copy Over '/Users/andrea/Documents/_DBXAndrea/github/stats4biology_quarto/lmDiallel/site_libs/bootstrap-3.3.5/css/fonts/RalewayBold.ttf' -> '/Users/andrea/Documents/_DBXAndrea/github/stats4biology/lmDiallel/site_libs/bootstrap-3.3.5/css/fonts/RalewayBold.ttf' (62,224) (User Action)
2026-08-11 16:21:19: Copy Over '/Users/andrea/Documents/_DBXAndrea/github/stats4biology_quarto/lmDiallel/site_libs/bootstrap-3.3.5/css/fonts/Roboto.ttf' -> '/Users/andrea/Documents/_DBXAndrea/github/stats4biology/lmDiallel/site_libs/bootstrap-3.3.5/css/fonts/Roboto.ttf' (32,652) (User Action)
2026-08-11 16:21:19: Copy Over '/Users/andrea/Documents/_DBXAndrea/github/stats4biology_quarto/lmDiallel/site_libs/bootstrap-3.3.5/css/fonts/RobotoBold.ttf' -> '/Users/andrea/Documents/_DBXAndrea/github/stats4biology/lmDiallel/site_libs/bootstrap-3.3.5/css/fonts/RobotoBold.ttf' (32,500) (User Action)
2026-08-11 16:21:19: Copy Over '/Users/andrea/Documents/_DBXAndrea/github/stats4biology_quarto/lmDiallel/site_libs/bootstrap-3.3.5/css/fonts/RobotoLight.ttf' -> '/Users/andrea/Documents/_DBXAndrea/github/stats4biology/lmDiallel/site_libs/bootstrap-3.3.5/css/fonts/RobotoLight.ttf' (32,664) (User Action)
2026-08-11 16:21:19: Copy Over '/Users/andrea/Documents/_DBXAndrea/github/stats4biology_quarto/lmDiallel/site_libs/bootstrap-3.3.5/css/fonts/RobotoMedium.ttf' -> '/Users/andrea/Documents/_DBXAndrea/github/stats4biology/lmDiallel/site_libs/bootstrap-3.3.5/css/fonts/RobotoMedium.ttf' (32,580) (User Action)
2026-08-11 16:21:19: Copy Over '/Users/andrea/Documents/_DBXAndrea/github/stats4biology_quarto/lmDiallel/site_libs/bootstrap-3.3.5/css/fonts/SourceSansPro.ttf' -> '/Users/andrea/Documents/_DBXAndrea/github/stats4biology/lmDiallel/site_libs/bootstrap-3.3.5/css/fonts/SourceSansPro.ttf' (35,064) (User Action)
2026-08-11 16:21:19: Copy Over '/Users/andrea/Documents/_DBXAndrea/github/stats4biology_quarto/lmDiallel/site_libs/bootstrap-3.3.5/css/fonts/SourceSansProBold.ttf' -> '/Users/andrea/Documents/_DBXAndrea/github/stats4biology/lmDiallel/site_libs/bootstrap-3.3.5/css/fonts/SourceSansProBold.ttf' (34,908) (User Action)
2026-08-11 16:21:19: Copy Over '/Users/andrea/Documents/_DBXAndrea/github/stats4biology_quarto/lmDiallel/site_libs/bootstrap-3.3.5/css/fonts/SourceSansProItalic.ttf' -> '/Users/andrea/Documents/_DBXAndrea/github/stats4biology/lmDiallel/site_libs/bootstrap-3.3.5/css/fonts/SourceSansProItalic.ttf' (33,864) (User Action)
2026-08-11 16:21:19: Copy Over '/Users/andrea/Documents/_DBXAndrea/github/stats4biology_quarto/lmDiallel/site_libs/bootstrap-3.3.5/css/fonts/SourceSansProLight.ttf' -> '/Users/andrea/Documents/_DBXAndrea/github/stats4biology/lmDiallel/site_libs/bootstrap-3.3.5/css/fonts/SourceSansProLight.ttf' (35,368) (User Action)
2026-08-11 16:21:19: Copy Over '/Users/andrea/Documents/_DBXAndrea/github/stats4biology_quarto/lmDiallel/site_libs/bootstrap-3.3.5/css/fonts/Ubuntu.ttf' -> '/Users/andrea/Documents/_DBXAndrea/github/stats4biology/lmDiallel/site_libs/bootstrap-3.3.5/css/fonts/Ubuntu.ttf' (73,608) (User Action)
2026-08-11 16:21:19: Copy Over '/Users/andrea/Documents/_DBXAndrea/github/stats4biology_quarto/lmDiallel/site_libs/bootstrap-3.3.5/css/journal.min.css' -> '/Users/andrea/Documents/_DBXAndrea/github/stats4biology/lmDiallel/site_libs/bootstrap-3.3.5/css/journal.min.css' (124,651) (User Action)
2026-08-11 16:21:19: Copy Over '/Users/andrea/Documents/_DBXAndrea/github/stats4biology_quarto/lmDiallel/site_libs/bootstrap-3.3.5/css/lumen.min.css' -> '/Users/andrea/Documents/_DBXAndrea/github/stats4biology/lmDiallel/site_libs/bootstrap-3.3.5/css/lumen.min.css' (131,260) (User Action)
2026-08-11 16:21:19: Copy Over '/Users/andrea/Documents/_DBXAndrea/github/stats4biology_quarto/lmDiallel/site_libs/bootstrap-3.3.5/css/paper.min.css' -> '/Users/andrea/Documents/_DBXAndrea/github/stats4biology/lmDiallel/site_libs/bootstrap-3.3.5/css/paper.min.css' (141,648) (User Action)
2026-08-11 16:21:19: Copy Over '/Users/andrea/Documents/_DBXAndrea/github/stats4biology_quarto/lmDiallel/site_libs/bootstrap-3.3.5/css/readable.min.css' -> '/Users/andrea/Documents/_DBXAndrea/github/stats4biology/lmDiallel/site_libs/bootstrap-3.3.5/css/readable.min.css' (124,680) (User Action)
2026-08-11 16:21:19: Copy Over '/Users/andrea/Documents/_DBXAndrea/github/stats4biology_quarto/lmDiallel/site_libs/bootstrap-3.3.5/css/sandstone.min.css' -> '/Users/andrea/Documents/_DBXAndrea/github/stats4biology/lmDiallel/site_libs/bootstrap-3.3.5/css/sandstone.min.css' (125,076) (User Action)
2026-08-11 16:21:19: Copy Over '/Users/andrea/Documents/_DBXAndrea/github/stats4biology_quarto/lmDiallel/site_libs/bootstrap-3.3.5/css/simplex.min.css' -> '/Users/andrea/Documents/_DBXAndrea/github/stats4biology/lmDiallel/site_libs/bootstrap-3.3.5/css/simplex.min.css' (127,698) (User Action)
2026-08-11 16:21:19: Copy Over '/Users/andrea/Documents/_DBXAndrea/github/stats4biology_quarto/lmDiallel/site_libs/bootstrap-3.3.5/css/spacelab.min.css' -> '/Users/andrea/Documents/_DBXAndrea/github/stats4biology/lmDiallel/site_libs/bootstrap-3.3.5/css/spacelab.min.css' (131,641) (User Action)
2026-08-11 16:21:19: Copy Over '/Users/andrea/Documents/_DBXAndrea/github/stats4biology_quarto/lmDiallel/site_libs/bootstrap-3.3.5/css/united.min.css' -> '/Users/andrea/Documents/_DBXAndrea/github/stats4biology/lmDiallel/site_libs/bootstrap-3.3.5/css/united.min.css' (122,856) (User Action)
2026-08-11 16:21:19: Copy Over '/Users/andrea/Documents/_DBXAndrea/github/stats4biology_quarto/lmDiallel/site_libs/bootstrap-3.3.5/css/yeti.min.css' -> '/Users/andrea/Documents/_DBXAndrea/github/stats4biology/lmDiallel/site_libs/bootstrap-3.3.5/css/yeti.min.css' (128,392) (User Action)
2026-08-11 16:21:19: Copy Over '/Users/andrea/Documents/_DBXAndrea/github/stats4biology_quarto/lmDiallel/site_libs/bootstrap-3.3.5/fonts/glyphicons-halflings-regular.eot' -> '/Users/andrea/Documents/_DBXAndrea/github/stats4biology/lmDiallel/site_libs/bootstrap-3.3.5/fonts/glyphicons-halflings-regular.eot' (20,127) (User Action)
2026-08-11 16:21:19: Copy Over '/Users/andrea/Documents/_DBXAndrea/github/stats4biology_quarto/lmDiallel/site_libs/bootstrap-3.3.5/fonts/glyphicons-halflings-regular.svg' -> '/Users/andrea/Documents/_DBXAndrea/github/stats4biology/lmDiallel/site_libs/bootstrap-3.3.5/fonts/glyphicons-halflings-regular.svg' (108,738) (User Action)
2026-08-11 16:21:19: Copy Over '/Users/andrea/Documents/_DBXAndrea/github/stats4biology_quarto/lmDiallel/site_libs/bootstrap-3.3.5/fonts/glyphicons-halflings-regular.ttf' -> '/Users/andrea/Documents/_DBXAndrea/github/stats4biology/lmDiallel/site_libs/bootstrap-3.3.5/fonts/glyphicons-halflings-regular.ttf' (45,404) (User Action)
2026-08-11 16:21:19: Copy Over '/Users/andrea/Documents/_DBXAndrea/github/stats4biology_quarto/lmDiallel/site_libs/bootstrap-3.3.5/fonts/glyphicons-halflings-regular.woff' -> '/Users/andrea/Documents/_DBXAndrea/github/stats4biology/lmDiallel/site_libs/bootstrap-3.3.5/fonts/glyphicons-halflings-regular.woff' (23,424) (User Action)
2026-08-11 16:21:19: Copy Over '/Users/andrea/Documents/_DBXAndrea/github/stats4biology_quarto/lmDiallel/site_libs/bootstrap-3.3.5/fonts/glyphicons-halflings-regular.woff2' -> '/Users/andrea/Documents/_DBXAndrea/github/stats4biology/lmDiallel/site_libs/bootstrap-3.3.5/fonts/glyphicons-halflings-regular.woff2' (18,028) (User Action)
2026-08-11 16:21:19: Copy Over '/Users/andrea/Documents/_DBXAndrea/github/stats4biology_quarto/lmDiallel/site_libs/bootstrap-3.3.5/js/bootstrap.js' -> '/Users/andrea/Documents/_DBXAndrea/github/stats4biology/lmDiallel/site_libs/bootstrap-3.3.5/js/bootstrap.js' (68,890) (User Action)
2026-08-11 16:21:19: Copy Over '/Users/andrea/Documents/_DBXAndrea/github/stats4biology_quarto/lmDiallel/site_libs/bootstrap-3.3.5/js/bootstrap.min.js' -> '/Users/andrea/Documents/_DBXAndrea/github/stats4biology/lmDiallel/site_libs/bootstrap-3.3.5/js/bootstrap.min.js' (36,816) (User Action)
2026-08-11 16:21:19: Copy Over '/Users/andrea/Documents/_DBXAndrea/github/stats4biology_quarto/lmDiallel/site_libs/bootstrap-3.3.5/js/npm.js' -> '/Users/andrea/Documents/_DBXAndrea/github/stats4biology/lmDiallel/site_libs/bootstrap-3.3.5/js/npm.js' (484) (User Action)
2026-08-11 16:21:19: Copy Over '/Users/andrea/Documents/_DBXAndrea/github/stats4biology_quarto/lmDiallel/site_libs/bootstrap-3.3.5/shim/html5shiv.min.js' -> '/Users/andrea/Documents/_DBXAndrea/github/stats4biology/lmDiallel/site_libs/bootstrap-3.3.5/shim/html5shiv.min.js' (2,722) (User Action)
2026-08-11 16:21:19: Copy Over '/Users/andrea/Documents/_DBXAndrea/github/stats4biology_quarto/lmDiallel/site_libs/bootstrap-3.3.5/shim/respond.min.js' -> '/Users/andrea/Documents/_DBXAndrea/github/stats4biology/lmDiallel/site_libs/bootstrap-3.3.5/shim/respond.min.js' (4,463) (User Action)
2026-08-11 16:21:19: Copy Over '/Users/andrea/Documents/_DBXAndrea/github/stats4biology_quarto/lmDiallel/site_libs/font-awesome-5.1.0/css/all.css' -> '/Users/andrea/Documents/_DBXAndrea/github/stats4biology/lmDiallel/site_libs/font-awesome-5.1.0/css/all.css' (45,687) (User Action)
2026-08-11 16:21:19: Copy Over '/Users/andrea/Documents/_DBXAndrea/github/stats4biology_quarto/lmDiallel/site_libs/font-awesome-5.1.0/css/v4-shims.css' -> '/Users/andrea/Documents/_DBXAndrea/github/stats4biology/lmDiallel/site_libs/font-awesome-5.1.0/css/v4-shims.css' (41,293) (User Action)
2026-08-11 16:21:19: Copy Over '/Users/andrea/Documents/_DBXAndrea/github/stats4biology_quarto/lmDiallel/site_libs/font-awesome-5.1.0/webfonts/fa-brands-400.eot' -> '/Users/andrea/Documents/_DBXAndrea/github/stats4biology/lmDiallel/site_libs/font-awesome-5.1.0/webfonts/fa-brands-400.eot' (115,052) (User Action)
2026-08-11 16:21:19: Copy Over '/Users/andrea/Documents/_DBXAndrea/github/stats4biology_quarto/lmDiallel/site_libs/font-awesome-5.1.0/webfonts/fa-brands-400.svg' -> '/Users/andrea/Documents/_DBXAndrea/github/stats4biology/lmDiallel/site_libs/font-awesome-5.1.0/webfonts/fa-brands-400.svg' (622,420) (User Action)
2026-08-11 16:21:19: Copy Over '/Users/andrea/Documents/_DBXAndrea/github/stats4biology_quarto/lmDiallel/site_libs/font-awesome-5.1.0/webfonts/fa-brands-400.ttf' -> '/Users/andrea/Documents/_DBXAndrea/github/stats4biology/lmDiallel/site_libs/font-awesome-5.1.0/webfonts/fa-brands-400.ttf' (114,816) (User Action)
2026-08-11 16:21:19: Copy Over '/Users/andrea/Documents/_DBXAndrea/github/stats4biology_quarto/lmDiallel/site_libs/font-awesome-5.1.0/webfonts/fa-brands-400.woff' -> '/Users/andrea/Documents/_DBXAndrea/github/stats4biology/lmDiallel/site_libs/font-awesome-5.1.0/webfonts/fa-brands-400.woff' (73,920) (User Action)
2026-08-11 16:21:19: Copy Over '/Users/andrea/Documents/_DBXAndrea/github/stats4biology_quarto/lmDiallel/site_libs/font-awesome-5.1.0/webfonts/fa-brands-400.woff2' -> '/Users/andrea/Documents/_DBXAndrea/github/stats4biology/lmDiallel/site_libs/font-awesome-5.1.0/webfonts/fa-brands-400.woff2' (63,376) (User Action)
2026-08-11 16:21:19: Copy Over '/Users/andrea/Documents/_DBXAndrea/github/stats4biology_quarto/lmDiallel/site_libs/font-awesome-5.1.0/webfonts/fa-regular-400.eot' -> '/Users/andrea/Documents/_DBXAndrea/github/stats4biology/lmDiallel/site_libs/font-awesome-5.1.0/webfonts/fa-regular-400.eot' (40,744) (User Action)
2026-08-11 16:21:19: Copy Over '/Users/andrea/Documents/_DBXAndrea/github/stats4biology_quarto/lmDiallel/site_libs/font-awesome-5.1.0/webfonts/fa-regular-400.svg' -> '/Users/andrea/Documents/_DBXAndrea/github/stats4biology/lmDiallel/site_libs/font-awesome-5.1.0/webfonts/fa-regular-400.svg' (141,551) (User Action)
2026-08-11 16:21:19: Copy Over '/Users/andrea/Documents/_DBXAndrea/github/stats4biology_quarto/lmDiallel/site_libs/font-awesome-5.1.0/webfonts/fa-regular-400.ttf' -> '/Users/andrea/Documents/_DBXAndrea/github/stats4biology/lmDiallel/site_libs/font-awesome-5.1.0/webfonts/fa-regular-400.ttf' (40,516) (User Action)
2026-08-11 16:21:19: Copy Over '/Users/andrea/Documents/_DBXAndrea/github/stats4biology_quarto/lmDiallel/site_libs/font-awesome-5.1.0/webfonts/fa-regular-400.woff' -> '/Users/andrea/Documents/_DBXAndrea/github/stats4biology/lmDiallel/site_libs/font-awesome-5.1.0/webfonts/fa-regular-400.woff' (18,212) (User Action)
2026-08-11 16:21:19: Copy Over '/Users/andrea/Documents/_DBXAndrea/github/stats4biology_quarto/lmDiallel/site_libs/font-awesome-5.1.0/webfonts/fa-regular-400.woff2' -> '/Users/andrea/Documents/_DBXAndrea/github/stats4biology/lmDiallel/site_libs/font-awesome-5.1.0/webfonts/fa-regular-400.woff2' (14,952) (User Action)
2026-08-11 16:21:19: Copy Over '/Users/andrea/Documents/_DBXAndrea/github/stats4biology_quarto/lmDiallel/site_libs/font-awesome-5.1.0/webfonts/fa-solid-900.eot' -> '/Users/andrea/Documents/_DBXAndrea/github/stats4biology/lmDiallel/site_libs/font-awesome-5.1.0/webfonts/fa-solid-900.eot' (160,768) (User Action)
2026-08-11 16:21:19: Copy Over '/Users/andrea/Documents/_DBXAndrea/github/stats4biology_quarto/lmDiallel/site_libs/font-awesome-5.1.0/webfonts/fa-solid-900.svg' -> '/Users/andrea/Documents/_DBXAndrea/github/stats4biology/lmDiallel/site_libs/font-awesome-5.1.0/webfonts/fa-solid-900.svg' (592,839) (User Action)
2026-08-11 16:21:19: Copy Over '/Users/andrea/Documents/_DBXAndrea/github/stats4biology_quarto/lmDiallel/site_libs/font-awesome-5.1.0/webfonts/fa-solid-900.ttf' -> '/Users/andrea/Documents/_DBXAndrea/github/stats4biology/lmDiallel/site_libs/font-awesome-5.1.0/webfonts/fa-solid-900.ttf' (160,548) (User Action)
2026-08-11 16:21:19: Copy Over '/Users/andrea/Documents/_DBXAndrea/github/stats4biology_quarto/lmDiallel/site_libs/font-awesome-5.1.0/webfonts/fa-solid-900.woff' -> '/Users/andrea/Documents/_DBXAndrea/github/stats4biology/lmDiallel/site_libs/font-awesome-5.1.0/webfonts/fa-solid-900.woff' (76,632) (User Action)
2026-08-11 16:21:19: Copy Over '/Users/andrea/Documents/_DBXAndrea/github/stats4biology_quarto/lmDiallel/site_libs/font-awesome-5.1.0/webfonts/fa-solid-900.woff2' -> '/Users/andrea/Documents/_DBXAndrea/github/stats4biology/lmDiallel/site_libs/font-awesome-5.1.0/webfonts/fa-solid-900.woff2' (59,572) (User Action)
2026-08-11 16:21:19: Copy Over '/Users/andrea/Documents/_DBXAndrea/github/stats4biology_quarto/lmDiallel/site_libs/highlightjs-9.12.0/default.css' -> '/Users/andrea/Documents/_DBXAndrea/github/stats4biology/lmDiallel/site_libs/highlightjs-9.12.0/default.css' (213) (User Action)
2026-08-11 16:21:19: Copy Over '/Users/andrea/Documents/_DBXAndrea/github/stats4biology_quarto/lmDiallel/site_libs/highlightjs-9.12.0/highlight.js' -> '/Users/andrea/Documents/_DBXAndrea/github/stats4biology/lmDiallel/site_libs/highlightjs-9.12.0/highlight.js' (51,225) (User Action)
2026-08-11 16:21:19: Copy Over '/Users/andrea/Documents/_DBXAndrea/github/stats4biology_quarto/lmDiallel/site_libs/highlightjs-9.12.0/textmate.css' -> '/Users/andrea/Documents/_DBXAndrea/github/stats4biology/lmDiallel/site_libs/highlightjs-9.12.0/textmate.css' (222) (User Action)
2026-08-11 16:21:19: Copy Over '/Users/andrea/Documents/_DBXAndrea/github/stats4biology_quarto/lmDiallel/site_libs/jquery-1.11.3/jquery.min.js' -> '/Users/andrea/Documents/_DBXAndrea/github/stats4biology/lmDiallel/site_libs/jquery-1.11.3/jquery.min.js' (95,957) (User Action)
2026-08-11 16:21:19: Copy Over '/Users/andrea/Documents/_DBXAndrea/github/stats4biology_quarto/lmDiallel/site_libs/jqueryui-1.11.4/images/ui-icons_444444_256x240.png' -> '/Users/andrea/Documents/_DBXAndrea/github/stats4biology/lmDiallel/site_libs/jqueryui-1.11.4/images/ui-icons_444444_256x240.png' (6,992) (User Action)
2026-08-11 16:21:19: Copy Over '/Users/andrea/Documents/_DBXAndrea/github/stats4biology_quarto/lmDiallel/site_libs/jqueryui-1.11.4/images/ui-icons_555555_256x240.png' -> '/Users/andrea/Documents/_DBXAndrea/github/stats4biology/lmDiallel/site_libs/jqueryui-1.11.4/images/ui-icons_555555_256x240.png' (6,988) (User Action)
2026-08-11 16:21:19: Copy Over '/Users/andrea/Documents/_DBXAndrea/github/stats4biology_quarto/lmDiallel/site_libs/jqueryui-1.11.4/images/ui-icons_777620_256x240.png' -> '/Users/andrea/Documents/_DBXAndrea/github/stats4biology/lmDiallel/site_libs/jqueryui-1.11.4/images/ui-icons_777620_256x240.png' (4,549) (User Action)
2026-08-11 16:21:19: Copy Over '/Users/andrea/Documents/_DBXAndrea/github/stats4biology_quarto/lmDiallel/site_libs/jqueryui-1.11.4/images/ui-icons_777777_256x240.png' -> '/Users/andrea/Documents/_DBXAndrea/github/stats4biology/lmDiallel/site_libs/jqueryui-1.11.4/images/ui-icons_777777_256x240.png' (6,999) (User Action)
2026-08-11 16:21:19: Copy Over '/Users/andrea/Documents/_DBXAndrea/github/stats4biology_quarto/lmDiallel/site_libs/jqueryui-1.11.4/images/ui-icons_cc0000_256x240.png' -> '/Users/andrea/Documents/_DBXAndrea/github/stats4biology/lmDiallel/site_libs/jqueryui-1.11.4/images/ui-icons_cc0000_256x240.png' (4,549) (User Action)
2026-08-11 16:21:19: Copy Over '/Users/andrea/Documents/_DBXAndrea/github/stats4biology_quarto/lmDiallel/site_libs/jqueryui-1.11.4/images/ui-icons_ffffff_256x240.png' -> '/Users/andrea/Documents/_DBXAndrea/github/stats4biology/lmDiallel/site_libs/jqueryui-1.11.4/images/ui-icons_ffffff_256x240.png' (6,299) (User Action)
2026-08-11 16:21:19: Copy Over '/Users/andrea/Documents/_DBXAndrea/github/stats4biology_quarto/lmDiallel/site_libs/jqueryui-1.11.4/index.html' -> '/Users/andrea/Documents/_DBXAndrea/github/stats4biology/lmDiallel/site_libs/jqueryui-1.11.4/index.html' (31,572) (User Action)
2026-08-11 16:21:19: Copy Over '/Users/andrea/Documents/_DBXAndrea/github/stats4biology_quarto/lmDiallel/site_libs/jqueryui-1.11.4/jquery-ui.css' -> '/Users/andrea/Documents/_DBXAndrea/github/stats4biology/lmDiallel/site_libs/jqueryui-1.11.4/jquery-ui.css' (31,045) (User Action)
2026-08-11 16:21:19: Copy Over '/Users/andrea/Documents/_DBXAndrea/github/stats4biology_quarto/lmDiallel/site_libs/jqueryui-1.11.4/jquery-ui.js' -> '/Users/andrea/Documents/_DBXAndrea/github/stats4biology/lmDiallel/site_libs/jqueryui-1.11.4/jquery-ui.js' (392,842) (User Action)
2026-08-11 16:21:19: Copy Over '/Users/andrea/Documents/_DBXAndrea/github/stats4biology_quarto/lmDiallel/site_libs/jqueryui-1.11.4/jquery-ui.min.css' -> '/Users/andrea/Documents/_DBXAndrea/github/stats4biology/lmDiallel/site_libs/jqueryui-1.11.4/jquery-ui.min.css' (26,302) (User Action)
2026-08-11 16:21:19: Copy Over '/Users/andrea/Documents/_DBXAndrea/github/stats4biology_quarto/lmDiallel/site_libs/jqueryui-1.11.4/jquery-ui.min.js' -> '/Users/andrea/Documents/_DBXAndrea/github/stats4biology/lmDiallel/site_libs/jqueryui-1.11.4/jquery-ui.min.js' (204,224) (User Action)
2026-08-11 16:21:19: Copy Over '/Users/andrea/Documents/_DBXAndrea/github/stats4biology_quarto/lmDiallel/site_libs/jqueryui-1.11.4/jquery-ui.structure.css' -> '/Users/andrea/Documents/_DBXAndrea/github/stats4biology/lmDiallel/site_libs/jqueryui-1.11.4/jquery-ui.structure.css' (14,618) (User Action)
2026-08-11 16:21:19: Copy Over '/Users/andrea/Documents/_DBXAndrea/github/stats4biology_quarto/lmDiallel/site_libs/jqueryui-1.11.4/jquery-ui.structure.min.css' -> '/Users/andrea/Documents/_DBXAndrea/github/stats4biology/lmDiallel/site_libs/jqueryui-1.11.4/jquery-ui.structure.min.css' (11,809) (User Action)
2026-08-11 16:21:19: Copy Over '/Users/andrea/Documents/_DBXAndrea/github/stats4biology_quarto/lmDiallel/site_libs/jqueryui-1.11.4/jquery-ui.theme.css' -> '/Users/andrea/Documents/_DBXAndrea/github/stats4biology/lmDiallel/site_libs/jqueryui-1.11.4/jquery-ui.theme.css' (16,531) (User Action)
2026-08-11 16:21:19: Copy Over '/Users/andrea/Documents/_DBXAndrea/github/stats4biology_quarto/lmDiallel/site_libs/jqueryui-1.11.4/jquery-ui.theme.min.css' -> '/Users/andrea/Documents/_DBXAndrea/github/stats4biology/lmDiallel/site_libs/jqueryui-1.11.4/jquery-ui.theme.min.css' (13,217) (User Action)
2026-08-11 16:21:19: Copy Over '/Users/andrea/Documents/_DBXAndrea/github/stats4biology_quarto/lmDiallel/site_libs/jqueryui-1.11.4/README' -> '/Users/andrea/Documents/_DBXAndrea/github/stats4biology/lmDiallel/site_libs/jqueryui-1.11.4/README' (408) (User Action)
2026-08-11 16:21:19: Copy Over '/Users/andrea/Documents/_DBXAndrea/github/stats4biology_quarto/lmDiallel/site_libs/navigation-1.1/codefolding.js' -> '/Users/andrea/Documents/_DBXAndrea/github/stats4biology/lmDiallel/site_libs/navigation-1.1/codefolding.js' (2,333) (User Action)
2026-08-11 16:21:19: Copy Over '/Users/andrea/Documents/_DBXAndrea/github/stats4biology_quarto/lmDiallel/site_libs/navigation-1.1/sourceembed.js' -> '/Users/andrea/Documents/_DBXAndrea/github/stats4biology/lmDiallel/site_libs/navigation-1.1/sourceembed.js' (357) (User Action)
2026-08-11 16:21:19: Copy Over '/Users/andrea/Documents/_DBXAndrea/github/stats4biology_quarto/lmDiallel/site_libs/navigation-1.1/tabsets.js' -> '/Users/andrea/Documents/_DBXAndrea/github/stats4biology/lmDiallel/site_libs/navigation-1.1/tabsets.js' (4,299) (User Action)
2026-08-11 16:21:19: Copy Over '/Users/andrea/Documents/_DBXAndrea/github/stats4biology_quarto/lmDiallel/site_libs/tocify-1.9.1/jquery.tocify.css' -> '/Users/andrea/Documents/_DBXAndrea/github/stats4biology/lmDiallel/site_libs/tocify-1.9.1/jquery.tocify.css' (1,965) (User Action)
2026-08-11 16:21:19: Copy Over '/Users/andrea/Documents/_DBXAndrea/github/stats4biology_quarto/lmDiallel/site_libs/tocify-1.9.1/jquery.tocify.js' -> '/Users/andrea/Documents/_DBXAndrea/github/stats4biology/lmDiallel/site_libs/tocify-1.9.1/jquery.tocify.js' (31,746) (User Action)
2026-08-11 16:21:19: Copy Over '/Users/andrea/Documents/_DBXAndrea/github/stats4biology_quarto/netlify.toml' -> '/Users/andrea/Documents/_DBXAndrea/github/stats4biology/netlify.toml' (29) (User Action)
2026-08-11 16:21:19: Copy Over '/Users/andrea/Documents/_DBXAndrea/github/stats4biology_quarto/nonLinearRegression/Equations.rtf' -> '/Users/andrea/Documents/_DBXAndrea/github/stats4biology/nonLinearRegression/Equations.rtf' (2,741) (User Action)
2026-08-11 16:21:19: Copy Over '/Users/andrea/Documents/_DBXAndrea/github/stats4biology_quarto/nonLinearRegression/index.html' -> '/Users/andrea/Documents/_DBXAndrea/github/stats4biology/nonLinearRegression/index.html' (10,615) (User Action)
2026-08-11 16:21:19: Copy Over '/Users/andrea/Documents/_DBXAndrea/github/stats4biology_quarto/nonLinearRegression/nonLinearRegression.bib' -> '/Users/andrea/Documents/_DBXAndrea/github/stats4biology/nonLinearRegression/nonLinearRegression.bib' (11,208) (User Action)
2026-08-11 16:21:19: Copy Over '/Users/andrea/Documents/_DBXAndrea/github/stats4biology_quarto/nonLinearRegression/site_libs/bootstrap-3.3.5/css/bootstrap-theme.css' -> '/Users/andrea/Documents/_DBXAndrea/github/stats4biology/nonLinearRegression/site_libs/bootstrap-3.3.5/css/bootstrap-theme.css' (26,132) (User Action)
2026-08-11 16:21:19: Copy Over '/Users/andrea/Documents/_DBXAndrea/github/stats4biology_quarto/nonLinearRegression/site_libs/bootstrap-3.3.5/css/bootstrap-theme.css.map' -> '/Users/andrea/Documents/_DBXAndrea/github/stats4biology/nonLinearRegression/site_libs/bootstrap-3.3.5/css/bootstrap-theme.css.map' (47,721) (User Action)
2026-08-11 16:21:19: Copy Over '/Users/andrea/Documents/_DBXAndrea/github/stats4biology_quarto/nonLinearRegression/site_libs/bootstrap-3.3.5/css/bootstrap-theme.min.css' -> '/Users/andrea/Documents/_DBXAndrea/github/stats4biology/nonLinearRegression/site_libs/bootstrap-3.3.5/css/bootstrap-theme.min.css' (23,357) (User Action)
2026-08-11 16:21:19: Copy Over '/Users/andrea/Documents/_DBXAndrea/github/stats4biology_quarto/nonLinearRegression/site_libs/bootstrap-3.3.5/css/bootstrap.css' -> '/Users/andrea/Documents/_DBXAndrea/github/stats4biology/nonLinearRegression/site_libs/bootstrap-3.3.5/css/bootstrap.css' (147,302) (User Action)
2026-08-11 16:21:19: Copy Over '/Users/andrea/Documents/_DBXAndrea/github/stats4biology_quarto/nonLinearRegression/site_libs/bootstrap-3.3.5/css/bootstrap.css.map' -> '/Users/andrea/Documents/_DBXAndrea/github/stats4biology/nonLinearRegression/site_libs/bootstrap-3.3.5/css/bootstrap.css.map' (390,377) (User Action)
2026-08-11 16:21:19: Copy Over '/Users/andrea/Documents/_DBXAndrea/github/stats4biology_quarto/nonLinearRegression/site_libs/bootstrap-3.3.5/css/bootstrap.min.css' -> '/Users/andrea/Documents/_DBXAndrea/github/stats4biology/nonLinearRegression/site_libs/bootstrap-3.3.5/css/bootstrap.min.css' (122,425) (User Action)
2026-08-11 16:21:19: Copy Over '/Users/andrea/Documents/_DBXAndrea/github/stats4biology_quarto/nonLinearRegression/site_libs/bootstrap-3.3.5/css/cerulean.min.css' -> '/Users/andrea/Documents/_DBXAndrea/github/stats4biology/nonLinearRegression/site_libs/bootstrap-3.3.5/css/cerulean.min.css' (128,200) (User Action)
2026-08-11 16:21:19: Copy Over '/Users/andrea/Documents/_DBXAndrea/github/stats4biology_quarto/nonLinearRegression/site_libs/bootstrap-3.3.5/css/cosmo.min.css' -> '/Users/andrea/Documents/_DBXAndrea/github/stats4biology/nonLinearRegression/site_libs/bootstrap-3.3.5/css/cosmo.min.css' (125,929) (User Action)
2026-08-11 16:21:19: Copy Over '/Users/andrea/Documents/_DBXAndrea/github/stats4biology_quarto/nonLinearRegression/site_libs/bootstrap-3.3.5/css/flatly.min.css' -> '/Users/andrea/Documents/_DBXAndrea/github/stats4biology/nonLinearRegression/site_libs/bootstrap-3.3.5/css/flatly.min.css' (127,578) (User Action)
2026-08-11 16:21:19: Copy Over '/Users/andrea/Documents/_DBXAndrea/github/stats4biology_quarto/nonLinearRegression/site_libs/bootstrap-3.3.5/css/fonts/Lato.ttf' -> '/Users/andrea/Documents/_DBXAndrea/github/stats4biology/nonLinearRegression/site_libs/bootstrap-3.3.5/css/fonts/Lato.ttf' (81,980) (User Action)
2026-08-11 16:21:19: Copy Over '/Users/andrea/Documents/_DBXAndrea/github/stats4biology_quarto/nonLinearRegression/site_libs/bootstrap-3.3.5/css/fonts/LatoBold.ttf' -> '/Users/andrea/Documents/_DBXAndrea/github/stats4biology/nonLinearRegression/site_libs/bootstrap-3.3.5/css/fonts/LatoBold.ttf' (82,368) (User Action)
2026-08-11 16:21:19: Copy Over '/Users/andrea/Documents/_DBXAndrea/github/stats4biology_quarto/nonLinearRegression/site_libs/bootstrap-3.3.5/css/fonts/LatoItalic.ttf' -> '/Users/andrea/Documents/_DBXAndrea/github/stats4biology/nonLinearRegression/site_libs/bootstrap-3.3.5/css/fonts/LatoItalic.ttf' (81,332) (User Action)
2026-08-11 16:21:19: Copy Over '/Users/andrea/Documents/_DBXAndrea/github/stats4biology_quarto/nonLinearRegression/site_libs/bootstrap-3.3.5/css/fonts/NewsCycle.ttf' -> '/Users/andrea/Documents/_DBXAndrea/github/stats4biology/nonLinearRegression/site_libs/bootstrap-3.3.5/css/fonts/NewsCycle.ttf' (28,716) (User Action)
2026-08-11 16:21:19: Copy Over '/Users/andrea/Documents/_DBXAndrea/github/stats4biology_quarto/nonLinearRegression/site_libs/bootstrap-3.3.5/css/fonts/NewsCycleBold.ttf' -> '/Users/andrea/Documents/_DBXAndrea/github/stats4biology/nonLinearRegression/site_libs/bootstrap-3.3.5/css/fonts/NewsCycleBold.ttf' (28,724) (User Action)
2026-08-11 16:21:19: Copy Over '/Users/andrea/Documents/_DBXAndrea/github/stats4biology_quarto/nonLinearRegression/site_libs/bootstrap-3.3.5/css/fonts/OpenSans.ttf' -> '/Users/andrea/Documents/_DBXAndrea/github/stats4biology/nonLinearRegression/site_libs/bootstrap-3.3.5/css/fonts/OpenSans.ttf' (34,112) (User Action)
2026-08-11 16:21:19: Copy Over '/Users/andrea/Documents/_DBXAndrea/github/stats4biology_quarto/nonLinearRegression/site_libs/bootstrap-3.3.5/css/fonts/OpenSansBold.ttf' -> '/Users/andrea/Documents/_DBXAndrea/github/stats4biology/nonLinearRegression/site_libs/bootstrap-3.3.5/css/fonts/OpenSansBold.ttf' (35,760) (User Action)
2026-08-11 16:21:19: Copy Over '/Users/andrea/Documents/_DBXAndrea/github/stats4biology_quarto/nonLinearRegression/site_libs/bootstrap-3.3.5/css/fonts/OpenSansBoldItalic.ttf' -> '/Users/andrea/Documents/_DBXAndrea/github/stats4biology/nonLinearRegression/site_libs/bootstrap-3.3.5/css/fonts/OpenSansBoldItalic.ttf' (33,064) (User Action)
2026-08-11 16:21:19: Copy Over '/Users/andrea/Documents/_DBXAndrea/github/stats4biology_quarto/nonLinearRegression/site_libs/bootstrap-3.3.5/css/fonts/OpenSansItalic.ttf' -> '/Users/andrea/Documents/_DBXAndrea/github/stats4biology/nonLinearRegression/site_libs/bootstrap-3.3.5/css/fonts/OpenSansItalic.ttf' (32,808) (User Action)
2026-08-11 16:21:19: Copy Over '/Users/andrea/Documents/_DBXAndrea/github/stats4biology_quarto/nonLinearRegression/site_libs/bootstrap-3.3.5/css/fonts/OpenSansLight.ttf' -> '/Users/andrea/Documents/_DBXAndrea/github/stats4biology/nonLinearRegression/site_libs/bootstrap-3.3.5/css/fonts/OpenSansLight.ttf' (35,340) (User Action)
2026-08-11 16:21:19: Copy Over '/Users/andrea/Documents/_DBXAndrea/github/stats4biology_quarto/nonLinearRegression/site_libs/bootstrap-3.3.5/css/fonts/OpenSansLightItalic.ttf' -> '/Users/andrea/Documents/_DBXAndrea/github/stats4biology/nonLinearRegression/site_libs/bootstrap-3.3.5/css/fonts/OpenSansLightItalic.ttf' (32,680) (User Action)
2026-08-11 16:21:19: Copy Over '/Users/andrea/Documents/_DBXAndrea/github/stats4biology_quarto/nonLinearRegression/site_libs/bootstrap-3.3.5/css/fonts/Raleway.ttf' -> '/Users/andrea/Documents/_DBXAndrea/github/stats4biology/nonLinearRegression/site_libs/bootstrap-3.3.5/css/fonts/Raleway.ttf' (63,796) (User Action)
2026-08-11 16:21:19: Copy Over '/Users/andrea/Documents/_DBXAndrea/github/stats4biology_quarto/nonLinearRegression/site_libs/bootstrap-3.3.5/css/fonts/RalewayBold.ttf' -> '/Users/andrea/Documents/_DBXAndrea/github/stats4biology/nonLinearRegression/site_libs/bootstrap-3.3.5/css/fonts/RalewayBold.ttf' (62,224) (User Action)
2026-08-11 16:21:19: Copy Over '/Users/andrea/Documents/_DBXAndrea/github/stats4biology_quarto/nonLinearRegression/site_libs/bootstrap-3.3.5/css/fonts/Roboto.ttf' -> '/Users/andrea/Documents/_DBXAndrea/github/stats4biology/nonLinearRegression/site_libs/bootstrap-3.3.5/css/fonts/Roboto.ttf' (32,652) (User Action)
2026-08-11 16:21:19: Copy Over '/Users/andrea/Documents/_DBXAndrea/github/stats4biology_quarto/nonLinearRegression/site_libs/bootstrap-3.3.5/css/fonts/RobotoBold.ttf' -> '/Users/andrea/Documents/_DBXAndrea/github/stats4biology/nonLinearRegression/site_libs/bootstrap-3.3.5/css/fonts/RobotoBold.ttf' (32,500) (User Action)
2026-08-11 16:21:19: Copy Over '/Users/andrea/Documents/_DBXAndrea/github/stats4biology_quarto/nonLinearRegression/site_libs/bootstrap-3.3.5/css/fonts/RobotoLight.ttf' -> '/Users/andrea/Documents/_DBXAndrea/github/stats4biology/nonLinearRegression/site_libs/bootstrap-3.3.5/css/fonts/RobotoLight.ttf' (32,664) (User Action)
2026-08-11 16:21:19: Copy Over '/Users/andrea/Documents/_DBXAndrea/github/stats4biology_quarto/nonLinearRegression/site_libs/bootstrap-3.3.5/css/fonts/RobotoMedium.ttf' -> '/Users/andrea/Documents/_DBXAndrea/github/stats4biology/nonLinearRegression/site_libs/bootstrap-3.3.5/css/fonts/RobotoMedium.ttf' (32,580) (User Action)
2026-08-11 16:21:19: Copy Over '/Users/andrea/Documents/_DBXAndrea/github/stats4biology_quarto/nonLinearRegression/site_libs/bootstrap-3.3.5/css/fonts/SourceSansPro.ttf' -> '/Users/andrea/Documents/_DBXAndrea/github/stats4biology/nonLinearRegression/site_libs/bootstrap-3.3.5/css/fonts/SourceSansPro.ttf' (35,064) (User Action)
2026-08-11 16:21:19: Copy Over '/Users/andrea/Documents/_DBXAndrea/github/stats4biology_quarto/nonLinearRegression/site_libs/bootstrap-3.3.5/css/fonts/SourceSansProBold.ttf' -> '/Users/andrea/Documents/_DBXAndrea/github/stats4biology/nonLinearRegression/site_libs/bootstrap-3.3.5/css/fonts/SourceSansProBold.ttf' (34,908) (User Action)
2026-08-11 16:21:19: Copy Over '/Users/andrea/Documents/_DBXAndrea/github/stats4biology_quarto/nonLinearRegression/site_libs/bootstrap-3.3.5/css/fonts/SourceSansProItalic.ttf' -> '/Users/andrea/Documents/_DBXAndrea/github/stats4biology/nonLinearRegression/site_libs/bootstrap-3.3.5/css/fonts/SourceSansProItalic.ttf' (33,864) (User Action)
2026-08-11 16:21:19: Copy Over '/Users/andrea/Documents/_DBXAndrea/github/stats4biology_quarto/nonLinearRegression/site_libs/bootstrap-3.3.5/css/fonts/SourceSansProLight.ttf' -> '/Users/andrea/Documents/_DBXAndrea/github/stats4biology/nonLinearRegression/site_libs/bootstrap-3.3.5/css/fonts/SourceSansProLight.ttf' (35,368) (User Action)
2026-08-11 16:21:19: Copy Over '/Users/andrea/Documents/_DBXAndrea/github/stats4biology_quarto/nonLinearRegression/site_libs/bootstrap-3.3.5/css/fonts/Ubuntu.ttf' -> '/Users/andrea/Documents/_DBXAndrea/github/stats4biology/nonLinearRegression/site_libs/bootstrap-3.3.5/css/fonts/Ubuntu.ttf' (73,608) (User Action)
2026-08-11 16:21:19: Copy Over '/Users/andrea/Documents/_DBXAndrea/github/stats4biology_quarto/nonLinearRegression/site_libs/bootstrap-3.3.5/css/journal.min.css' -> '/Users/andrea/Documents/_DBXAndrea/github/stats4biology/nonLinearRegression/site_libs/bootstrap-3.3.5/css/journal.min.css' (124,651) (User Action)
2026-08-11 16:21:19: Copy Over '/Users/andrea/Documents/_DBXAndrea/github/stats4biology_quarto/nonLinearRegression/site_libs/bootstrap-3.3.5/css/lumen.min.css' -> '/Users/andrea/Documents/_DBXAndrea/github/stats4biology/nonLinearRegression/site_libs/bootstrap-3.3.5/css/lumen.min.css' (131,260) (User Action)
2026-08-11 16:21:19: Copy Over '/Users/andrea/Documents/_DBXAndrea/github/stats4biology_quarto/nonLinearRegression/site_libs/bootstrap-3.3.5/css/paper.min.css' -> '/Users/andrea/Documents/_DBXAndrea/github/stats4biology/nonLinearRegression/site_libs/bootstrap-3.3.5/css/paper.min.css' (141,648) (User Action)
2026-08-11 16:21:19: Copy Over '/Users/andrea/Documents/_DBXAndrea/github/stats4biology_quarto/nonLinearRegression/site_libs/bootstrap-3.3.5/css/readable.min.css' -> '/Users/andrea/Documents/_DBXAndrea/github/stats4biology/nonLinearRegression/site_libs/bootstrap-3.3.5/css/readable.min.css' (124,680) (User Action)
2026-08-11 16:21:19: Copy Over '/Users/andrea/Documents/_DBXAndrea/github/stats4biology_quarto/nonLinearRegression/site_libs/bootstrap-3.3.5/css/sandstone.min.css' -> '/Users/andrea/Documents/_DBXAndrea/github/stats4biology/nonLinearRegression/site_libs/bootstrap-3.3.5/css/sandstone.min.css' (125,076) (User Action)
2026-08-11 16:21:19: Copy Over '/Users/andrea/Documents/_DBXAndrea/github/stats4biology_quarto/nonLinearRegression/site_libs/bootstrap-3.3.5/css/simplex.min.css' -> '/Users/andrea/Documents/_DBXAndrea/github/stats4biology/nonLinearRegression/site_libs/bootstrap-3.3.5/css/simplex.min.css' (127,698) (User Action)
2026-08-11 16:21:19: Copy Over '/Users/andrea/Documents/_DBXAndrea/github/stats4biology_quarto/nonLinearRegression/site_libs/bootstrap-3.3.5/css/spacelab.min.css' -> '/Users/andrea/Documents/_DBXAndrea/github/stats4biology/nonLinearRegression/site_libs/bootstrap-3.3.5/css/spacelab.min.css' (131,641) (User Action)
2026-08-11 16:21:19: Copy Over '/Users/andrea/Documents/_DBXAndrea/github/stats4biology_quarto/nonLinearRegression/site_libs/bootstrap-3.3.5/css/united.min.css' -> '/Users/andrea/Documents/_DBXAndrea/github/stats4biology/nonLinearRegression/site_libs/bootstrap-3.3.5/css/united.min.css' (122,856) (User Action)
2026-08-11 16:21:19: Copy Over '/Users/andrea/Documents/_DBXAndrea/github/stats4biology_quarto/nonLinearRegression/site_libs/bootstrap-3.3.5/css/yeti.min.css' -> '/Users/andrea/Documents/_DBXAndrea/github/stats4biology/nonLinearRegression/site_libs/bootstrap-3.3.5/css/yeti.min.css' (128,392) (User Action)
2026-08-11 16:21:19: Copy Over '/Users/andrea/Documents/_DBXAndrea/github/stats4biology_quarto/nonLinearRegression/site_libs/bootstrap-3.3.5/fonts/glyphicons-halflings-regular.eot' -> '/Users/andrea/Documents/_DBXAndrea/github/stats4biology/nonLinearRegression/site_libs/bootstrap-3.3.5/fonts/glyphicons-halflings-regular.eot' (20,127) (User Action)
2026-08-11 16:21:19: Copy Over '/Users/andrea/Documents/_DBXAndrea/github/stats4biology_quarto/nonLinearRegression/site_libs/bootstrap-3.3.5/fonts/glyphicons-halflings-regular.svg' -> '/Users/andrea/Documents/_DBXAndrea/github/stats4biology/nonLinearRegression/site_libs/bootstrap-3.3.5/fonts/glyphicons-halflings-regular.svg' (108,738) (User Action)
2026-08-11 16:21:19: Copy Over '/Users/andrea/Documents/_DBXAndrea/github/stats4biology_quarto/nonLinearRegression/site_libs/bootstrap-3.3.5/fonts/glyphicons-halflings-regular.ttf' -> '/Users/andrea/Documents/_DBXAndrea/github/stats4biology/nonLinearRegression/site_libs/bootstrap-3.3.5/fonts/glyphicons-halflings-regular.ttf' (45,404) (User Action)
2026-08-11 16:21:19: Copy Over '/Users/andrea/Documents/_DBXAndrea/github/stats4biology_quarto/nonLinearRegression/site_libs/bootstrap-3.3.5/fonts/glyphicons-halflings-regular.woff' -> '/Users/andrea/Documents/_DBXAndrea/github/stats4biology/nonLinearRegression/site_libs/bootstrap-3.3.5/fonts/glyphicons-halflings-regular.woff' (23,424) (User Action)
2026-08-11 16:21:19: Copy Over '/Users/andrea/Documents/_DBXAndrea/github/stats4biology_quarto/nonLinearRegression/site_libs/bootstrap-3.3.5/fonts/glyphicons-halflings-regular.woff2' -> '/Users/andrea/Documents/_DBXAndrea/github/stats4biology/nonLinearRegression/site_libs/bootstrap-3.3.5/fonts/glyphicons-halflings-regular.woff2' (18,028) (User Action)
2026-08-11 16:21:19: Copy Over '/Users/andrea/Documents/_DBXAndrea/github/stats4biology_quarto/nonLinearRegression/site_libs/bootstrap-3.3.5/js/bootstrap.js' -> '/Users/andrea/Documents/_DBXAndrea/github/stats4biology/nonLinearRegression/site_libs/bootstrap-3.3.5/js/bootstrap.js' (68,890) (User Action)
2026-08-11 16:21:19: Copy Over '/Users/andrea/Documents/_DBXAndrea/github/stats4biology_quarto/nonLinearRegression/site_libs/bootstrap-3.3.5/js/bootstrap.min.js' -> '/Users/andrea/Documents/_DBXAndrea/github/stats4biology/nonLinearRegression/site_libs/bootstrap-3.3.5/js/bootstrap.min.js' (36,816) (User Action)
2026-08-11 16:21:19: Copy Over '/Users/andrea/Documents/_DBXAndrea/github/stats4biology_quarto/nonLinearRegression/site_libs/bootstrap-3.3.5/js/npm.js' -> '/Users/andrea/Documents/_DBXAndrea/github/stats4biology/nonLinearRegression/site_libs/bootstrap-3.3.5/js/npm.js' (484) (User Action)
2026-08-11 16:21:19: Copy Over '/Users/andrea/Documents/_DBXAndrea/github/stats4biology_quarto/nonLinearRegression/site_libs/bootstrap-3.3.5/shim/html5shiv.min.js' -> '/Users/andrea/Documents/_DBXAndrea/github/stats4biology/nonLinearRegression/site_libs/bootstrap-3.3.5/shim/html5shiv.min.js' (2,722) (User Action)
2026-08-11 16:21:19: Copy Over '/Users/andrea/Documents/_DBXAndrea/github/stats4biology_quarto/nonLinearRegression/site_libs/bootstrap-3.3.5/shim/respond.min.js' -> '/Users/andrea/Documents/_DBXAndrea/github/stats4biology/nonLinearRegression/site_libs/bootstrap-3.3.5/shim/respond.min.js' (4,463) (User Action)
2026-08-11 16:21:19: Copy Over '/Users/andrea/Documents/_DBXAndrea/github/stats4biology_quarto/nonLinearRegression/site_libs/font-awesome-5.0.13/css/fa-svg-with-js.css' -> '/Users/andrea/Documents/_DBXAndrea/github/stats4biology/nonLinearRegression/site_libs/font-awesome-5.0.13/css/fa-svg-with-js.css' (7,408) (User Action)
2026-08-11 16:21:19: Copy Over '/Users/andrea/Documents/_DBXAndrea/github/stats4biology_quarto/nonLinearRegression/site_libs/font-awesome-5.0.13/fonts/fa-brands-400.ttf' -> '/Users/andrea/Documents/_DBXAndrea/github/stats4biology/nonLinearRegression/site_libs/font-awesome-5.0.13/fonts/fa-brands-400.ttf' (111,384) (User Action)
2026-08-11 16:21:19: Copy Over '/Users/andrea/Documents/_DBXAndrea/github/stats4biology_quarto/nonLinearRegression/site_libs/font-awesome-5.0.13/fonts/fa-regular-400.ttf' -> '/Users/andrea/Documents/_DBXAndrea/github/stats4biology/nonLinearRegression/site_libs/font-awesome-5.0.13/fonts/fa-regular-400.ttf' (31,044) (User Action)
2026-08-11 16:21:19: Copy Over '/Users/andrea/Documents/_DBXAndrea/github/stats4biology_quarto/nonLinearRegression/site_libs/font-awesome-5.0.13/fonts/fa-solid-900.ttf' -> '/Users/andrea/Documents/_DBXAndrea/github/stats4biology/nonLinearRegression/site_libs/font-awesome-5.0.13/fonts/fa-solid-900.ttf' (132,920) (User Action)
2026-08-11 16:21:19: Copy Over '/Users/andrea/Documents/_DBXAndrea/github/stats4biology_quarto/nonLinearRegression/site_libs/font-awesome-5.0.13/js/fa-v4-shims.min.js' -> '/Users/andrea/Documents/_DBXAndrea/github/stats4biology/nonLinearRegression/site_libs/font-awesome-5.0.13/js/fa-v4-shims.min.js' (15,206) (User Action)
2026-08-11 16:21:19: Copy Over '/Users/andrea/Documents/_DBXAndrea/github/stats4biology_quarto/nonLinearRegression/site_libs/font-awesome-5.0.13/js/fontawesome-all.min.js' -> '/Users/andrea/Documents/_DBXAndrea/github/stats4biology/nonLinearRegression/site_libs/font-awesome-5.0.13/js/fontawesome-all.min.js' (799,550) (User Action)
2026-08-11 16:21:19: Copy Over '/Users/andrea/Documents/_DBXAndrea/github/stats4biology_quarto/nonLinearRegression/site_libs/highlightjs-9.12.0/default.css' -> '/Users/andrea/Documents/_DBXAndrea/github/stats4biology/nonLinearRegression/site_libs/highlightjs-9.12.0/default.css' (213) (User Action)
2026-08-11 16:21:19: Copy Over '/Users/andrea/Documents/_DBXAndrea/github/stats4biology_quarto/nonLinearRegression/site_libs/highlightjs-9.12.0/highlight.js' -> '/Users/andrea/Documents/_DBXAndrea/github/stats4biology/nonLinearRegression/site_libs/highlightjs-9.12.0/highlight.js' (51,225) (User Action)
2026-08-11 16:21:19: Copy Over '/Users/andrea/Documents/_DBXAndrea/github/stats4biology_quarto/nonLinearRegression/site_libs/highlightjs-9.12.0/textmate.css' -> '/Users/andrea/Documents/_DBXAndrea/github/stats4biology/nonLinearRegression/site_libs/highlightjs-9.12.0/textmate.css' (222) (User Action)
2026-08-11 16:21:19: Copy Over '/Users/andrea/Documents/_DBXAndrea/github/stats4biology_quarto/nonLinearRegression/site_libs/jquery-1.11.3/jquery.min.js' -> '/Users/andrea/Documents/_DBXAndrea/github/stats4biology/nonLinearRegression/site_libs/jquery-1.11.3/jquery.min.js' (95,957) (User Action)
2026-08-11 16:21:19: Copy Over '/Users/andrea/Documents/_DBXAndrea/github/stats4biology_quarto/nonLinearRegression/site_libs/jqueryui-1.11.4/images/ui-icons_444444_256x240.png' -> '/Users/andrea/Documents/_DBXAndrea/github/stats4biology/nonLinearRegression/site_libs/jqueryui-1.11.4/images/ui-icons_444444_256x240.png' (6,992) (User Action)
2026-08-11 16:21:19: Copy Over '/Users/andrea/Documents/_DBXAndrea/github/stats4biology_quarto/nonLinearRegression/site_libs/jqueryui-1.11.4/images/ui-icons_555555_256x240.png' -> '/Users/andrea/Documents/_DBXAndrea/github/stats4biology/nonLinearRegression/site_libs/jqueryui-1.11.4/images/ui-icons_555555_256x240.png' (6,988) (User Action)
2026-08-11 16:21:19: Copy Over '/Users/andrea/Documents/_DBXAndrea/github/stats4biology_quarto/nonLinearRegression/site_libs/jqueryui-1.11.4/images/ui-icons_777620_256x240.png' -> '/Users/andrea/Documents/_DBXAndrea/github/stats4biology/nonLinearRegression/site_libs/jqueryui-1.11.4/images/ui-icons_777620_256x240.png' (4,549) (User Action)
2026-08-11 16:21:19: Copy Over '/Users/andrea/Documents/_DBXAndrea/github/stats4biology_quarto/nonLinearRegression/site_libs/jqueryui-1.11.4/images/ui-icons_777777_256x240.png' -> '/Users/andrea/Documents/_DBXAndrea/github/stats4biology/nonLinearRegression/site_libs/jqueryui-1.11.4/images/ui-icons_777777_256x240.png' (6,999) (User Action)
2026-08-11 16:21:19: Copy Over '/Users/andrea/Documents/_DBXAndrea/github/stats4biology_quarto/nonLinearRegression/site_libs/jqueryui-1.11.4/images/ui-icons_cc0000_256x240.png' -> '/Users/andrea/Documents/_DBXAndrea/github/stats4biology/nonLinearRegression/site_libs/jqueryui-1.11.4/images/ui-icons_cc0000_256x240.png' (4,549) (User Action)
2026-08-11 16:21:19: Copy Over '/Users/andrea/Documents/_DBXAndrea/github/stats4biology_quarto/nonLinearRegression/site_libs/jqueryui-1.11.4/images/ui-icons_ffffff_256x240.png' -> '/Users/andrea/Documents/_DBXAndrea/github/stats4biology/nonLinearRegression/site_libs/jqueryui-1.11.4/images/ui-icons_ffffff_256x240.png' (6,299) (User Action)
2026-08-11 16:21:19: Copy Over '/Users/andrea/Documents/_DBXAndrea/github/stats4biology_quarto/nonLinearRegression/site_libs/jqueryui-1.11.4/index.html' -> '/Users/andrea/Documents/_DBXAndrea/github/stats4biology/nonLinearRegression/site_libs/jqueryui-1.11.4/index.html' (31,572) (User Action)
2026-08-11 16:21:19: Copy Over '/Users/andrea/Documents/_DBXAndrea/github/stats4biology_quarto/nonLinearRegression/site_libs/jqueryui-1.11.4/jquery-ui.css' -> '/Users/andrea/Documents/_DBXAndrea/github/stats4biology/nonLinearRegression/site_libs/jqueryui-1.11.4/jquery-ui.css' (31,045) (User Action)
2026-08-11 16:21:19: Copy Over '/Users/andrea/Documents/_DBXAndrea/github/stats4biology_quarto/nonLinearRegression/site_libs/jqueryui-1.11.4/jquery-ui.js' -> '/Users/andrea/Documents/_DBXAndrea/github/stats4biology/nonLinearRegression/site_libs/jqueryui-1.11.4/jquery-ui.js' (392,842) (User Action)
2026-08-11 16:21:19: Copy Over '/Users/andrea/Documents/_DBXAndrea/github/stats4biology_quarto/nonLinearRegression/site_libs/jqueryui-1.11.4/jquery-ui.min.css' -> '/Users/andrea/Documents/_DBXAndrea/github/stats4biology/nonLinearRegression/site_libs/jqueryui-1.11.4/jquery-ui.min.css' (26,302) (User Action)
2026-08-11 16:21:19: Copy Over '/Users/andrea/Documents/_DBXAndrea/github/stats4biology_quarto/nonLinearRegression/site_libs/jqueryui-1.11.4/jquery-ui.min.js' -> '/Users/andrea/Documents/_DBXAndrea/github/stats4biology/nonLinearRegression/site_libs/jqueryui-1.11.4/jquery-ui.min.js' (204,224) (User Action)
2026-08-11 16:21:19: Copy Over '/Users/andrea/Documents/_DBXAndrea/github/stats4biology_quarto/nonLinearRegression/site_libs/jqueryui-1.11.4/jquery-ui.structure.css' -> '/Users/andrea/Documents/_DBXAndrea/github/stats4biology/nonLinearRegression/site_libs/jqueryui-1.11.4/jquery-ui.structure.css' (14,618) (User Action)
2026-08-11 16:21:19: Copy Over '/Users/andrea/Documents/_DBXAndrea/github/stats4biology_quarto/nonLinearRegression/site_libs/jqueryui-1.11.4/jquery-ui.structure.min.css' -> '/Users/andrea/Documents/_DBXAndrea/github/stats4biology/nonLinearRegression/site_libs/jqueryui-1.11.4/jquery-ui.structure.min.css' (11,809) (User Action)
2026-08-11 16:21:19: Copy Over '/Users/andrea/Documents/_DBXAndrea/github/stats4biology_quarto/nonLinearRegression/site_libs/jqueryui-1.11.4/jquery-ui.theme.css' -> '/Users/andrea/Documents/_DBXAndrea/github/stats4biology/nonLinearRegression/site_libs/jqueryui-1.11.4/jquery-ui.theme.css' (16,531) (User Action)
2026-08-11 16:21:19: Copy Over '/Users/andrea/Documents/_DBXAndrea/github/stats4biology_quarto/nonLinearRegression/site_libs/jqueryui-1.11.4/jquery-ui.theme.min.css' -> '/Users/andrea/Documents/_DBXAndrea/github/stats4biology/nonLinearRegression/site_libs/jqueryui-1.11.4/jquery-ui.theme.min.css' (13,217) (User Action)
2026-08-11 16:21:19: Copy Over '/Users/andrea/Documents/_DBXAndrea/github/stats4biology_quarto/nonLinearRegression/site_libs/jqueryui-1.11.4/README' -> '/Users/andrea/Documents/_DBXAndrea/github/stats4biology/nonLinearRegression/site_libs/jqueryui-1.11.4/README' (408) (User Action)
2026-08-11 16:21:19: Copy Over '/Users/andrea/Documents/_DBXAndrea/github/stats4biology_quarto/nonLinearRegression/site_libs/navigation-1.1/codefolding.js' -> '/Users/andrea/Documents/_DBXAndrea/github/stats4biology/nonLinearRegression/site_libs/navigation-1.1/codefolding.js' (1,753) (User Action)
2026-08-11 16:21:19: Copy Over '/Users/andrea/Documents/_DBXAndrea/github/stats4biology_quarto/nonLinearRegression/site_libs/navigation-1.1/sourceembed.js' -> '/Users/andrea/Documents/_DBXAndrea/github/stats4biology/nonLinearRegression/site_libs/navigation-1.1/sourceembed.js' (357) (User Action)
2026-08-11 16:21:19: Copy Over '/Users/andrea/Documents/_DBXAndrea/github/stats4biology_quarto/nonLinearRegression/site_libs/navigation-1.1/tabsets.js' -> '/Users/andrea/Documents/_DBXAndrea/github/stats4biology/nonLinearRegression/site_libs/navigation-1.1/tabsets.js' (4,299) (User Action)
2026-08-11 16:21:19: Copy Over '/Users/andrea/Documents/_DBXAndrea/github/stats4biology_quarto/nonLinearRegression/site_libs/tocify-1.9.1/jquery.tocify.css' -> '/Users/andrea/Documents/_DBXAndrea/github/stats4biology/nonLinearRegression/site_libs/tocify-1.9.1/jquery.tocify.css' (1,927) (User Action)
2026-08-11 16:21:19: Copy Over '/Users/andrea/Documents/_DBXAndrea/github/stats4biology_quarto/nonLinearRegression/site_libs/tocify-1.9.1/jquery.tocify.js' -> '/Users/andrea/Documents/_DBXAndrea/github/stats4biology/nonLinearRegression/site_libs/tocify-1.9.1/jquery.tocify.js' (31,740) (User Action)
2026-08-11 16:21:19: Copy Over '/Users/andrea/Documents/_DBXAndrea/github/stats4biology_quarto/nonLinearRegression/usefulEquations.html' -> '/Users/andrea/Documents/_DBXAndrea/github/stats4biology/nonLinearRegression/usefulEquations.html' (48,540) (User Action)
2026-08-11 16:21:19: Copy Over '/Users/andrea/Documents/_DBXAndrea/github/stats4biology_quarto/nonLinearRegression/usefulEquations_files/figure-html/unnamed-chunk-10-1.png' -> '/Users/andrea/Documents/_DBXAndrea/github/stats4biology/nonLinearRegression/usefulEquations_files/figure-html/unnamed-chunk-10-1.png' (60,508) (User Action)
2026-08-11 16:21:19: Copy Over '/Users/andrea/Documents/_DBXAndrea/github/stats4biology_quarto/nonLinearRegression/usefulEquations_files/figure-html/unnamed-chunk-11-1.png' -> '/Users/andrea/Documents/_DBXAndrea/github/stats4biology/nonLinearRegression/usefulEquations_files/figure-html/unnamed-chunk-11-1.png' (61,923) (User Action)
2026-08-11 16:21:19: Copy Over '/Users/andrea/Documents/_DBXAndrea/github/stats4biology_quarto/nonLinearRegression/usefulEquations_files/figure-html/unnamed-chunk-12-1.png' -> '/Users/andrea/Documents/_DBXAndrea/github/stats4biology/nonLinearRegression/usefulEquations_files/figure-html/unnamed-chunk-12-1.png' (71,954) (User Action)
2026-08-11 16:21:19: Copy Over '/Users/andrea/Documents/_DBXAndrea/github/stats4biology_quarto/nonLinearRegression/usefulEquations_files/figure-html/unnamed-chunk-12-2.png' -> '/Users/andrea/Documents/_DBXAndrea/github/stats4biology/nonLinearRegression/usefulEquations_files/figure-html/unnamed-chunk-12-2.png' (69,480) (User Action)
2026-08-11 16:21:19: Copy Over '/Users/andrea/Documents/_DBXAndrea/github/stats4biology_quarto/nonLinearRegression/usefulEquations_files/figure-html/unnamed-chunk-14-1.png' -> '/Users/andrea/Documents/_DBXAndrea/github/stats4biology/nonLinearRegression/usefulEquations_files/figure-html/unnamed-chunk-14-1.png' (62,416) (User Action)
2026-08-11 16:21:19: Copy Over '/Users/andrea/Documents/_DBXAndrea/github/stats4biology_quarto/nonLinearRegression/usefulEquations_files/figure-html/unnamed-chunk-15-1.png' -> '/Users/andrea/Documents/_DBXAndrea/github/stats4biology/nonLinearRegression/usefulEquations_files/figure-html/unnamed-chunk-15-1.png' (69,438) (User Action)
2026-08-11 16:21:19: Copy Over '/Users/andrea/Documents/_DBXAndrea/github/stats4biology_quarto/nonLinearRegression/usefulEquations_files/figure-html/unnamed-chunk-16-1.png' -> '/Users/andrea/Documents/_DBXAndrea/github/stats4biology/nonLinearRegression/usefulEquations_files/figure-html/unnamed-chunk-16-1.png' (71,573) (User Action)
2026-08-11 16:21:19: Copy Over '/Users/andrea/Documents/_DBXAndrea/github/stats4biology_quarto/nonLinearRegression/usefulEquations_files/figure-html/unnamed-chunk-17-1.png' -> '/Users/andrea/Documents/_DBXAndrea/github/stats4biology/nonLinearRegression/usefulEquations_files/figure-html/unnamed-chunk-17-1.png' (62,349) (User Action)
2026-08-11 16:21:19: Copy Over '/Users/andrea/Documents/_DBXAndrea/github/stats4biology_quarto/nonLinearRegression/usefulEquations_files/figure-html/unnamed-chunk-18-1.png' -> '/Users/andrea/Documents/_DBXAndrea/github/stats4biology/nonLinearRegression/usefulEquations_files/figure-html/unnamed-chunk-18-1.png' (92,493) (User Action)
2026-08-11 16:21:19: Copy Over '/Users/andrea/Documents/_DBXAndrea/github/stats4biology_quarto/nonLinearRegression/usefulEquations_files/figure-html/unnamed-chunk-19-1.png' -> '/Users/andrea/Documents/_DBXAndrea/github/stats4biology/nonLinearRegression/usefulEquations_files/figure-html/unnamed-chunk-19-1.png' (65,103) (User Action)
2026-08-11 16:21:19: Copy Over '/Users/andrea/Documents/_DBXAndrea/github/stats4biology_quarto/nonLinearRegression/usefulEquations_files/figure-html/unnamed-chunk-20-1.png' -> '/Users/andrea/Documents/_DBXAndrea/github/stats4biology/nonLinearRegression/usefulEquations_files/figure-html/unnamed-chunk-20-1.png' (83,919) (User Action)
2026-08-11 16:21:19: Copy Over '/Users/andrea/Documents/_DBXAndrea/github/stats4biology_quarto/nonLinearRegression/usefulEquations_files/figure-html/unnamed-chunk-4-1.png' -> '/Users/andrea/Documents/_DBXAndrea/github/stats4biology/nonLinearRegression/usefulEquations_files/figure-html/unnamed-chunk-4-1.png' (63,788) (User Action)
2026-08-11 16:21:19: Copy Over '/Users/andrea/Documents/_DBXAndrea/github/stats4biology_quarto/nonLinearRegression/usefulEquations_files/figure-html/unnamed-chunk-5-1.png' -> '/Users/andrea/Documents/_DBXAndrea/github/stats4biology/nonLinearRegression/usefulEquations_files/figure-html/unnamed-chunk-5-1.png' (77,211) (User Action)
2026-08-11 16:21:19: Copy Over '/Users/andrea/Documents/_DBXAndrea/github/stats4biology_quarto/nonLinearRegression/usefulEquations_files/figure-html/unnamed-chunk-7-1.png' -> '/Users/andrea/Documents/_DBXAndrea/github/stats4biology/nonLinearRegression/usefulEquations_files/figure-html/unnamed-chunk-7-1.png' (65,809) (User Action)
2026-08-11 16:21:19: Copy Over '/Users/andrea/Documents/_DBXAndrea/github/stats4biology_quarto/nonLinearRegression/usefulEquations_files/figure-html/unnamed-chunk-9-1.png' -> '/Users/andrea/Documents/_DBXAndrea/github/stats4biology/nonLinearRegression/usefulEquations_files/figure-html/unnamed-chunk-9-1.png' (73,925) (User Action)
2026-08-11 16:21:19: Copy Over '/Users/andrea/Documents/_DBXAndrea/github/stats4biology_quarto/nonLinearRegression/UsefulEquations_slides.pdf' -> '/Users/andrea/Documents/_DBXAndrea/github/stats4biology/nonLinearRegression/UsefulEquations_slides.pdf' (182,873) (User Action)
2026-08-11 16:21:19: Copy Over '/Users/andrea/Documents/_DBXAndrea/github/stats4biology_quarto/nonLinearRegression/weed-research.csl' -> '/Users/andrea/Documents/_DBXAndrea/github/stats4biology/nonLinearRegression/weed-research.csl' (7,017) (User Action)
2026-08-11 16:21:19: Copy Over '/Users/andrea/Documents/_DBXAndrea/github/stats4biology_quarto/PCA/fig_innerProduct.png' -> '/Users/andrea/Documents/_DBXAndrea/github/stats4biology/PCA/fig_innerProduct.png' (41,943) (User Action)
2026-08-11 16:21:19: Copy Over '/Users/andrea/Documents/_DBXAndrea/github/stats4biology_quarto/PCA/fig_Rotation.png' -> '/Users/andrea/Documents/_DBXAndrea/github/stats4biology/PCA/fig_Rotation.png' (22,541) (User Action)
2026-08-11 16:21:19: Copy Over '/Users/andrea/Documents/_DBXAndrea/github/stats4biology_quarto/PCA/Index.html' -> '/Users/andrea/Documents/_DBXAndrea/github/stats4biology/PCA/Index.html' (50,863) (User Action)
2026-08-11 16:21:19: Copy Over '/Users/andrea/Documents/_DBXAndrea/github/stats4biology_quarto/PCA/Index_files/figure-html/figR_biplot1-1.png' -> '/Users/andrea/Documents/_DBXAndrea/github/stats4biology/PCA/Index_files/figure-html/figR_biplot1-1.png' (97,981) (User Action)
2026-08-11 16:21:19: Copy Over '/Users/andrea/Documents/_DBXAndrea/github/stats4biology_quarto/PCA/Index_files/figure-html/figR_Biplot2-1.png' -> '/Users/andrea/Documents/_DBXAndrea/github/stats4biology/PCA/Index_files/figure-html/figR_Biplot2-1.png' (97,466) (User Action)
2026-08-11 16:21:19: Copy Over '/Users/andrea/Documents/_DBXAndrea/github/stats4biology_quarto/PCA/Index_files/figure-html/figR_Biplot3-1.png' -> '/Users/andrea/Documents/_DBXAndrea/github/stats4biology/PCA/Index_files/figure-html/figR_Biplot3-1.png' (97,943) (User Action)
2026-08-11 16:21:19: Copy Over '/Users/andrea/Documents/_DBXAndrea/github/stats4biology_quarto/PCA/Index_files/figure-html/figR_rotated-1.png' -> '/Users/andrea/Documents/_DBXAndrea/github/stats4biology/PCA/Index_files/figure-html/figR_rotated-1.png' (44,330) (User Action)
2026-08-11 16:21:19: Copy Over '/Users/andrea/Documents/_DBXAndrea/github/stats4biology_quarto/PCA/site_libs/bootstrap-3.3.5/css/bootstrap-theme.css' -> '/Users/andrea/Documents/_DBXAndrea/github/stats4biology/PCA/site_libs/bootstrap-3.3.5/css/bootstrap-theme.css' (26,132) (User Action)
2026-08-11 16:21:19: Copy Over '/Users/andrea/Documents/_DBXAndrea/github/stats4biology_quarto/PCA/site_libs/bootstrap-3.3.5/css/bootstrap-theme.css.map' -> '/Users/andrea/Documents/_DBXAndrea/github/stats4biology/PCA/site_libs/bootstrap-3.3.5/css/bootstrap-theme.css.map' (47,721) (User Action)
2026-08-11 16:21:19: Copy Over '/Users/andrea/Documents/_DBXAndrea/github/stats4biology_quarto/PCA/site_libs/bootstrap-3.3.5/css/bootstrap-theme.min.css' -> '/Users/andrea/Documents/_DBXAndrea/github/stats4biology/PCA/site_libs/bootstrap-3.3.5/css/bootstrap-theme.min.css' (23,357) (User Action)
2026-08-11 16:21:19: Copy Over '/Users/andrea/Documents/_DBXAndrea/github/stats4biology_quarto/PCA/site_libs/bootstrap-3.3.5/css/bootstrap.css' -> '/Users/andrea/Documents/_DBXAndrea/github/stats4biology/PCA/site_libs/bootstrap-3.3.5/css/bootstrap.css' (147,302) (User Action)
2026-08-11 16:21:19: Copy Over '/Users/andrea/Documents/_DBXAndrea/github/stats4biology_quarto/PCA/site_libs/bootstrap-3.3.5/css/bootstrap.css.map' -> '/Users/andrea/Documents/_DBXAndrea/github/stats4biology/PCA/site_libs/bootstrap-3.3.5/css/bootstrap.css.map' (390,377) (User Action)
2026-08-11 16:21:19: Copy Over '/Users/andrea/Documents/_DBXAndrea/github/stats4biology_quarto/PCA/site_libs/bootstrap-3.3.5/css/bootstrap.min.css' -> '/Users/andrea/Documents/_DBXAndrea/github/stats4biology/PCA/site_libs/bootstrap-3.3.5/css/bootstrap.min.css' (122,425) (User Action)
2026-08-11 16:21:19: Copy Over '/Users/andrea/Documents/_DBXAndrea/github/stats4biology_quarto/PCA/site_libs/bootstrap-3.3.5/css/cerulean.min.css' -> '/Users/andrea/Documents/_DBXAndrea/github/stats4biology/PCA/site_libs/bootstrap-3.3.5/css/cerulean.min.css' (128,200) (User Action)
2026-08-11 16:21:19: Copy Over '/Users/andrea/Documents/_DBXAndrea/github/stats4biology_quarto/PCA/site_libs/bootstrap-3.3.5/css/cosmo.min.css' -> '/Users/andrea/Documents/_DBXAndrea/github/stats4biology/PCA/site_libs/bootstrap-3.3.5/css/cosmo.min.css' (125,929) (User Action)
2026-08-11 16:21:19: Copy Over '/Users/andrea/Documents/_DBXAndrea/github/stats4biology_quarto/PCA/site_libs/bootstrap-3.3.5/css/flatly.min.css' -> '/Users/andrea/Documents/_DBXAndrea/github/stats4biology/PCA/site_libs/bootstrap-3.3.5/css/flatly.min.css' (127,578) (User Action)
2026-08-11 16:21:19: Copy Over '/Users/andrea/Documents/_DBXAndrea/github/stats4biology_quarto/PCA/site_libs/bootstrap-3.3.5/css/fonts/Lato.ttf' -> '/Users/andrea/Documents/_DBXAndrea/github/stats4biology/PCA/site_libs/bootstrap-3.3.5/css/fonts/Lato.ttf' (81,980) (User Action)
2026-08-11 16:21:19: Copy Over '/Users/andrea/Documents/_DBXAndrea/github/stats4biology_quarto/PCA/site_libs/bootstrap-3.3.5/css/fonts/LatoBold.ttf' -> '/Users/andrea/Documents/_DBXAndrea/github/stats4biology/PCA/site_libs/bootstrap-3.3.5/css/fonts/LatoBold.ttf' (82,368) (User Action)
2026-08-11 16:21:19: Copy Over '/Users/andrea/Documents/_DBXAndrea/github/stats4biology_quarto/PCA/site_libs/bootstrap-3.3.5/css/fonts/LatoItalic.ttf' -> '/Users/andrea/Documents/_DBXAndrea/github/stats4biology/PCA/site_libs/bootstrap-3.3.5/css/fonts/LatoItalic.ttf' (81,332) (User Action)
2026-08-11 16:21:19: Copy Over '/Users/andrea/Documents/_DBXAndrea/github/stats4biology_quarto/PCA/site_libs/bootstrap-3.3.5/css/fonts/NewsCycle.ttf' -> '/Users/andrea/Documents/_DBXAndrea/github/stats4biology/PCA/site_libs/bootstrap-3.3.5/css/fonts/NewsCycle.ttf' (28,716) (User Action)
2026-08-11 16:21:19: Copy Over '/Users/andrea/Documents/_DBXAndrea/github/stats4biology_quarto/PCA/site_libs/bootstrap-3.3.5/css/fonts/NewsCycleBold.ttf' -> '/Users/andrea/Documents/_DBXAndrea/github/stats4biology/PCA/site_libs/bootstrap-3.3.5/css/fonts/NewsCycleBold.ttf' (28,724) (User Action)
2026-08-11 16:21:19: Copy Over '/Users/andrea/Documents/_DBXAndrea/github/stats4biology_quarto/PCA/site_libs/bootstrap-3.3.5/css/fonts/OpenSans.ttf' -> '/Users/andrea/Documents/_DBXAndrea/github/stats4biology/PCA/site_libs/bootstrap-3.3.5/css/fonts/OpenSans.ttf' (34,112) (User Action)
2026-08-11 16:21:19: Copy Over '/Users/andrea/Documents/_DBXAndrea/github/stats4biology_quarto/PCA/site_libs/bootstrap-3.3.5/css/fonts/OpenSansBold.ttf' -> '/Users/andrea/Documents/_DBXAndrea/github/stats4biology/PCA/site_libs/bootstrap-3.3.5/css/fonts/OpenSansBold.ttf' (35,760) (User Action)
2026-08-11 16:21:19: Copy Over '/Users/andrea/Documents/_DBXAndrea/github/stats4biology_quarto/PCA/site_libs/bootstrap-3.3.5/css/fonts/OpenSansBoldItalic.ttf' -> '/Users/andrea/Documents/_DBXAndrea/github/stats4biology/PCA/site_libs/bootstrap-3.3.5/css/fonts/OpenSansBoldItalic.ttf' (33,064) (User Action)
2026-08-11 16:21:19: Copy Over '/Users/andrea/Documents/_DBXAndrea/github/stats4biology_quarto/PCA/site_libs/bootstrap-3.3.5/css/fonts/OpenSansItalic.ttf' -> '/Users/andrea/Documents/_DBXAndrea/github/stats4biology/PCA/site_libs/bootstrap-3.3.5/css/fonts/OpenSansItalic.ttf' (32,808) (User Action)
2026-08-11 16:21:19: Copy Over '/Users/andrea/Documents/_DBXAndrea/github/stats4biology_quarto/PCA/site_libs/bootstrap-3.3.5/css/fonts/OpenSansLight.ttf' -> '/Users/andrea/Documents/_DBXAndrea/github/stats4biology/PCA/site_libs/bootstrap-3.3.5/css/fonts/OpenSansLight.ttf' (35,340) (User Action)
2026-08-11 16:21:19: Copy Over '/Users/andrea/Documents/_DBXAndrea/github/stats4biology_quarto/PCA/site_libs/bootstrap-3.3.5/css/fonts/OpenSansLightItalic.ttf' -> '/Users/andrea/Documents/_DBXAndrea/github/stats4biology/PCA/site_libs/bootstrap-3.3.5/css/fonts/OpenSansLightItalic.ttf' (32,680) (User Action)
2026-08-11 16:21:19: Copy Over '/Users/andrea/Documents/_DBXAndrea/github/stats4biology_quarto/PCA/site_libs/bootstrap-3.3.5/css/fonts/Raleway.ttf' -> '/Users/andrea/Documents/_DBXAndrea/github/stats4biology/PCA/site_libs/bootstrap-3.3.5/css/fonts/Raleway.ttf' (63,796) (User Action)
2026-08-11 16:21:19: Copy Over '/Users/andrea/Documents/_DBXAndrea/github/stats4biology_quarto/PCA/site_libs/bootstrap-3.3.5/css/fonts/RalewayBold.ttf' -> '/Users/andrea/Documents/_DBXAndrea/github/stats4biology/PCA/site_libs/bootstrap-3.3.5/css/fonts/RalewayBold.ttf' (62,224) (User Action)
2026-08-11 16:21:19: Copy Over '/Users/andrea/Documents/_DBXAndrea/github/stats4biology_quarto/PCA/site_libs/bootstrap-3.3.5/css/fonts/Roboto.ttf' -> '/Users/andrea/Documents/_DBXAndrea/github/stats4biology/PCA/site_libs/bootstrap-3.3.5/css/fonts/Roboto.ttf' (32,652) (User Action)
2026-08-11 16:21:19: Copy Over '/Users/andrea/Documents/_DBXAndrea/github/stats4biology_quarto/PCA/site_libs/bootstrap-3.3.5/css/fonts/RobotoBold.ttf' -> '/Users/andrea/Documents/_DBXAndrea/github/stats4biology/PCA/site_libs/bootstrap-3.3.5/css/fonts/RobotoBold.ttf' (32,500) (User Action)
2026-08-11 16:21:19: Copy Over '/Users/andrea/Documents/_DBXAndrea/github/stats4biology_quarto/PCA/site_libs/bootstrap-3.3.5/css/fonts/RobotoLight.ttf' -> '/Users/andrea/Documents/_DBXAndrea/github/stats4biology/PCA/site_libs/bootstrap-3.3.5/css/fonts/RobotoLight.ttf' (32,664) (User Action)
2026-08-11 16:21:19: Copy Over '/Users/andrea/Documents/_DBXAndrea/github/stats4biology_quarto/PCA/site_libs/bootstrap-3.3.5/css/fonts/RobotoMedium.ttf' -> '/Users/andrea/Documents/_DBXAndrea/github/stats4biology/PCA/site_libs/bootstrap-3.3.5/css/fonts/RobotoMedium.ttf' (32,580) (User Action)
2026-08-11 16:21:19: Copy Over '/Users/andrea/Documents/_DBXAndrea/github/stats4biology_quarto/PCA/site_libs/bootstrap-3.3.5/css/fonts/SourceSansPro.ttf' -> '/Users/andrea/Documents/_DBXAndrea/github/stats4biology/PCA/site_libs/bootstrap-3.3.5/css/fonts/SourceSansPro.ttf' (35,064) (User Action)
2026-08-11 16:21:19: Copy Over '/Users/andrea/Documents/_DBXAndrea/github/stats4biology_quarto/PCA/site_libs/bootstrap-3.3.5/css/fonts/SourceSansProBold.ttf' -> '/Users/andrea/Documents/_DBXAndrea/github/stats4biology/PCA/site_libs/bootstrap-3.3.5/css/fonts/SourceSansProBold.ttf' (34,908) (User Action)
2026-08-11 16:21:19: Copy Over '/Users/andrea/Documents/_DBXAndrea/github/stats4biology_quarto/PCA/site_libs/bootstrap-3.3.5/css/fonts/SourceSansProItalic.ttf' -> '/Users/andrea/Documents/_DBXAndrea/github/stats4biology/PCA/site_libs/bootstrap-3.3.5/css/fonts/SourceSansProItalic.ttf' (33,864) (User Action)
2026-08-11 16:21:19: Copy Over '/Users/andrea/Documents/_DBXAndrea/github/stats4biology_quarto/PCA/site_libs/bootstrap-3.3.5/css/fonts/SourceSansProLight.ttf' -> '/Users/andrea/Documents/_DBXAndrea/github/stats4biology/PCA/site_libs/bootstrap-3.3.5/css/fonts/SourceSansProLight.ttf' (35,368) (User Action)
2026-08-11 16:21:19: Copy Over '/Users/andrea/Documents/_DBXAndrea/github/stats4biology_quarto/PCA/site_libs/bootstrap-3.3.5/css/fonts/Ubuntu.ttf' -> '/Users/andrea/Documents/_DBXAndrea/github/stats4biology/PCA/site_libs/bootstrap-3.3.5/css/fonts/Ubuntu.ttf' (73,608) (User Action)
2026-08-11 16:21:19: Copy Over '/Users/andrea/Documents/_DBXAndrea/github/stats4biology_quarto/PCA/site_libs/bootstrap-3.3.5/css/journal.min.css' -> '/Users/andrea/Documents/_DBXAndrea/github/stats4biology/PCA/site_libs/bootstrap-3.3.5/css/journal.min.css' (124,651) (User Action)
2026-08-11 16:21:19: Copy Over '/Users/andrea/Documents/_DBXAndrea/github/stats4biology_quarto/PCA/site_libs/bootstrap-3.3.5/css/lumen.min.css' -> '/Users/andrea/Documents/_DBXAndrea/github/stats4biology/PCA/site_libs/bootstrap-3.3.5/css/lumen.min.css' (131,260) (User Action)
2026-08-11 16:21:19: Copy Over '/Users/andrea/Documents/_DBXAndrea/github/stats4biology_quarto/PCA/site_libs/bootstrap-3.3.5/css/paper.min.css' -> '/Users/andrea/Documents/_DBXAndrea/github/stats4biology/PCA/site_libs/bootstrap-3.3.5/css/paper.min.css' (141,648) (User Action)
2026-08-11 16:21:19: Copy Over '/Users/andrea/Documents/_DBXAndrea/github/stats4biology_quarto/PCA/site_libs/bootstrap-3.3.5/css/readable.min.css' -> '/Users/andrea/Documents/_DBXAndrea/github/stats4biology/PCA/site_libs/bootstrap-3.3.5/css/readable.min.css' (124,680) (User Action)
2026-08-11 16:21:19: Copy Over '/Users/andrea/Documents/_DBXAndrea/github/stats4biology_quarto/PCA/site_libs/bootstrap-3.3.5/css/sandstone.min.css' -> '/Users/andrea/Documents/_DBXAndrea/github/stats4biology/PCA/site_libs/bootstrap-3.3.5/css/sandstone.min.css' (125,076) (User Action)
2026-08-11 16:21:19: Copy Over '/Users/andrea/Documents/_DBXAndrea/github/stats4biology_quarto/PCA/site_libs/bootstrap-3.3.5/css/simplex.min.css' -> '/Users/andrea/Documents/_DBXAndrea/github/stats4biology/PCA/site_libs/bootstrap-3.3.5/css/simplex.min.css' (127,698) (User Action)
2026-08-11 16:21:19: Copy Over '/Users/andrea/Documents/_DBXAndrea/github/stats4biology_quarto/PCA/site_libs/bootstrap-3.3.5/css/spacelab.min.css' -> '/Users/andrea/Documents/_DBXAndrea/github/stats4biology/PCA/site_libs/bootstrap-3.3.5/css/spacelab.min.css' (131,641) (User Action)
2026-08-11 16:21:19: Copy Over '/Users/andrea/Documents/_DBXAndrea/github/stats4biology_quarto/PCA/site_libs/bootstrap-3.3.5/css/united.min.css' -> '/Users/andrea/Documents/_DBXAndrea/github/stats4biology/PCA/site_libs/bootstrap-3.3.5/css/united.min.css' (122,856) (User Action)
2026-08-11 16:21:19: Copy Over '/Users/andrea/Documents/_DBXAndrea/github/stats4biology_quarto/PCA/site_libs/bootstrap-3.3.5/css/yeti.min.css' -> '/Users/andrea/Documents/_DBXAndrea/github/stats4biology/PCA/site_libs/bootstrap-3.3.5/css/yeti.min.css' (128,392) (User Action)
2026-08-11 16:21:19: Copy Over '/Users/andrea/Documents/_DBXAndrea/github/stats4biology_quarto/PCA/site_libs/bootstrap-3.3.5/fonts/glyphicons-halflings-regular.eot' -> '/Users/andrea/Documents/_DBXAndrea/github/stats4biology/PCA/site_libs/bootstrap-3.3.5/fonts/glyphicons-halflings-regular.eot' (20,127) (User Action)
2026-08-11 16:21:19: Copy Over '/Users/andrea/Documents/_DBXAndrea/github/stats4biology_quarto/PCA/site_libs/bootstrap-3.3.5/fonts/glyphicons-halflings-regular.svg' -> '/Users/andrea/Documents/_DBXAndrea/github/stats4biology/PCA/site_libs/bootstrap-3.3.5/fonts/glyphicons-halflings-regular.svg' (108,738) (User Action)
2026-08-11 16:21:19: Copy Over '/Users/andrea/Documents/_DBXAndrea/github/stats4biology_quarto/PCA/site_libs/bootstrap-3.3.5/fonts/glyphicons-halflings-regular.ttf' -> '/Users/andrea/Documents/_DBXAndrea/github/stats4biology/PCA/site_libs/bootstrap-3.3.5/fonts/glyphicons-halflings-regular.ttf' (45,404) (User Action)
2026-08-11 16:21:19: Copy Over '/Users/andrea/Documents/_DBXAndrea/github/stats4biology_quarto/PCA/site_libs/bootstrap-3.3.5/fonts/glyphicons-halflings-regular.woff' -> '/Users/andrea/Documents/_DBXAndrea/github/stats4biology/PCA/site_libs/bootstrap-3.3.5/fonts/glyphicons-halflings-regular.woff' (23,424) (User Action)
2026-08-11 16:21:19: Copy Over '/Users/andrea/Documents/_DBXAndrea/github/stats4biology_quarto/PCA/site_libs/bootstrap-3.3.5/fonts/glyphicons-halflings-regular.woff2' -> '/Users/andrea/Documents/_DBXAndrea/github/stats4biology/PCA/site_libs/bootstrap-3.3.5/fonts/glyphicons-halflings-regular.woff2' (18,028) (User Action)
2026-08-11 16:21:19: Copy Over '/Users/andrea/Documents/_DBXAndrea/github/stats4biology_quarto/PCA/site_libs/bootstrap-3.3.5/js/bootstrap.js' -> '/Users/andrea/Documents/_DBXAndrea/github/stats4biology/PCA/site_libs/bootstrap-3.3.5/js/bootstrap.js' (68,890) (User Action)
2026-08-11 16:21:19: Copy Over '/Users/andrea/Documents/_DBXAndrea/github/stats4biology_quarto/PCA/site_libs/bootstrap-3.3.5/js/bootstrap.min.js' -> '/Users/andrea/Documents/_DBXAndrea/github/stats4biology/PCA/site_libs/bootstrap-3.3.5/js/bootstrap.min.js' (36,816) (User Action)
2026-08-11 16:21:19: Copy Over '/Users/andrea/Documents/_DBXAndrea/github/stats4biology_quarto/PCA/site_libs/bootstrap-3.3.5/js/npm.js' -> '/Users/andrea/Documents/_DBXAndrea/github/stats4biology/PCA/site_libs/bootstrap-3.3.5/js/npm.js' (484) (User Action)
2026-08-11 16:21:19: Copy Over '/Users/andrea/Documents/_DBXAndrea/github/stats4biology_quarto/PCA/site_libs/bootstrap-3.3.5/shim/html5shiv.min.js' -> '/Users/andrea/Documents/_DBXAndrea/github/stats4biology/PCA/site_libs/bootstrap-3.3.5/shim/html5shiv.min.js' (2,722) (User Action)
2026-08-11 16:21:19: Copy Over '/Users/andrea/Documents/_DBXAndrea/github/stats4biology_quarto/PCA/site_libs/bootstrap-3.3.5/shim/respond.min.js' -> '/Users/andrea/Documents/_DBXAndrea/github/stats4biology/PCA/site_libs/bootstrap-3.3.5/shim/respond.min.js' (4,463) (User Action)
2026-08-11 16:21:19: Copy Over '/Users/andrea/Documents/_DBXAndrea/github/stats4biology_quarto/PCA/site_libs/font-awesome-5.0.13/css/fa-svg-with-js.css' -> '/Users/andrea/Documents/_DBXAndrea/github/stats4biology/PCA/site_libs/font-awesome-5.0.13/css/fa-svg-with-js.css' (7,408) (User Action)
2026-08-11 16:21:19: Copy Over '/Users/andrea/Documents/_DBXAndrea/github/stats4biology_quarto/PCA/site_libs/font-awesome-5.0.13/fonts/fa-brands-400.ttf' -> '/Users/andrea/Documents/_DBXAndrea/github/stats4biology/PCA/site_libs/font-awesome-5.0.13/fonts/fa-brands-400.ttf' (111,384) (User Action)
2026-08-11 16:21:19: Copy Over '/Users/andrea/Documents/_DBXAndrea/github/stats4biology_quarto/PCA/site_libs/font-awesome-5.0.13/fonts/fa-regular-400.ttf' -> '/Users/andrea/Documents/_DBXAndrea/github/stats4biology/PCA/site_libs/font-awesome-5.0.13/fonts/fa-regular-400.ttf' (31,044) (User Action)
2026-08-11 16:21:19: Copy Over '/Users/andrea/Documents/_DBXAndrea/github/stats4biology_quarto/PCA/site_libs/font-awesome-5.0.13/fonts/fa-solid-900.ttf' -> '/Users/andrea/Documents/_DBXAndrea/github/stats4biology/PCA/site_libs/font-awesome-5.0.13/fonts/fa-solid-900.ttf' (132,920) (User Action)
2026-08-11 16:21:19: Copy Over '/Users/andrea/Documents/_DBXAndrea/github/stats4biology_quarto/PCA/site_libs/font-awesome-5.0.13/js/fa-v4-shims.min.js' -> '/Users/andrea/Documents/_DBXAndrea/github/stats4biology/PCA/site_libs/font-awesome-5.0.13/js/fa-v4-shims.min.js' (15,206) (User Action)
2026-08-11 16:21:19: Copy Over '/Users/andrea/Documents/_DBXAndrea/github/stats4biology_quarto/PCA/site_libs/font-awesome-5.0.13/js/fontawesome-all.min.js' -> '/Users/andrea/Documents/_DBXAndrea/github/stats4biology/PCA/site_libs/font-awesome-5.0.13/js/fontawesome-all.min.js' (799,550) (User Action)
2026-08-11 16:21:19: Copy Over '/Users/andrea/Documents/_DBXAndrea/github/stats4biology_quarto/PCA/site_libs/highlightjs-9.12.0/default.css' -> '/Users/andrea/Documents/_DBXAndrea/github/stats4biology/PCA/site_libs/highlightjs-9.12.0/default.css' (213) (User Action)
2026-08-11 16:21:19: Copy Over '/Users/andrea/Documents/_DBXAndrea/github/stats4biology_quarto/PCA/site_libs/highlightjs-9.12.0/highlight.js' -> '/Users/andrea/Documents/_DBXAndrea/github/stats4biology/PCA/site_libs/highlightjs-9.12.0/highlight.js' (51,225) (User Action)
2026-08-11 16:21:19: Copy Over '/Users/andrea/Documents/_DBXAndrea/github/stats4biology_quarto/PCA/site_libs/highlightjs-9.12.0/textmate.css' -> '/Users/andrea/Documents/_DBXAndrea/github/stats4biology/PCA/site_libs/highlightjs-9.12.0/textmate.css' (222) (User Action)
2026-08-11 16:21:19: Copy Over '/Users/andrea/Documents/_DBXAndrea/github/stats4biology_quarto/PCA/site_libs/jquery-1.11.3/jquery.min.js' -> '/Users/andrea/Documents/_DBXAndrea/github/stats4biology/PCA/site_libs/jquery-1.11.3/jquery.min.js' (95,957) (User Action)
2026-08-11 16:21:19: Copy Over '/Users/andrea/Documents/_DBXAndrea/github/stats4biology_quarto/PCA/site_libs/jqueryui-1.11.4/images/ui-icons_444444_256x240.png' -> '/Users/andrea/Documents/_DBXAndrea/github/stats4biology/PCA/site_libs/jqueryui-1.11.4/images/ui-icons_444444_256x240.png' (6,992) (User Action)
2026-08-11 16:21:19: Copy Over '/Users/andrea/Documents/_DBXAndrea/github/stats4biology_quarto/PCA/site_libs/jqueryui-1.11.4/images/ui-icons_555555_256x240.png' -> '/Users/andrea/Documents/_DBXAndrea/github/stats4biology/PCA/site_libs/jqueryui-1.11.4/images/ui-icons_555555_256x240.png' (6,988) (User Action)
2026-08-11 16:21:19: Copy Over '/Users/andrea/Documents/_DBXAndrea/github/stats4biology_quarto/PCA/site_libs/jqueryui-1.11.4/images/ui-icons_777620_256x240.png' -> '/Users/andrea/Documents/_DBXAndrea/github/stats4biology/PCA/site_libs/jqueryui-1.11.4/images/ui-icons_777620_256x240.png' (4,549) (User Action)
2026-08-11 16:21:19: Copy Over '/Users/andrea/Documents/_DBXAndrea/github/stats4biology_quarto/PCA/site_libs/jqueryui-1.11.4/images/ui-icons_777777_256x240.png' -> '/Users/andrea/Documents/_DBXAndrea/github/stats4biology/PCA/site_libs/jqueryui-1.11.4/images/ui-icons_777777_256x240.png' (6,999) (User Action)
2026-08-11 16:21:19: Copy Over '/Users/andrea/Documents/_DBXAndrea/github/stats4biology_quarto/PCA/site_libs/jqueryui-1.11.4/images/ui-icons_cc0000_256x240.png' -> '/Users/andrea/Documents/_DBXAndrea/github/stats4biology/PCA/site_libs/jqueryui-1.11.4/images/ui-icons_cc0000_256x240.png' (4,549) (User Action)
2026-08-11 16:21:19: Copy Over '/Users/andrea/Documents/_DBXAndrea/github/stats4biology_quarto/PCA/site_libs/jqueryui-1.11.4/images/ui-icons_ffffff_256x240.png' -> '/Users/andrea/Documents/_DBXAndrea/github/stats4biology/PCA/site_libs/jqueryui-1.11.4/images/ui-icons_ffffff_256x240.png' (6,299) (User Action)
2026-08-11 16:21:19: Copy Over '/Users/andrea/Documents/_DBXAndrea/github/stats4biology_quarto/PCA/site_libs/jqueryui-1.11.4/index.html' -> '/Users/andrea/Documents/_DBXAndrea/github/stats4biology/PCA/site_libs/jqueryui-1.11.4/index.html' (31,572) (User Action)
2026-08-11 16:21:19: Copy Over '/Users/andrea/Documents/_DBXAndrea/github/stats4biology_quarto/PCA/site_libs/jqueryui-1.11.4/jquery-ui.css' -> '/Users/andrea/Documents/_DBXAndrea/github/stats4biology/PCA/site_libs/jqueryui-1.11.4/jquery-ui.css' (31,045) (User Action)
2026-08-11 16:21:19: Copy Over '/Users/andrea/Documents/_DBXAndrea/github/stats4biology_quarto/PCA/site_libs/jqueryui-1.11.4/jquery-ui.js' -> '/Users/andrea/Documents/_DBXAndrea/github/stats4biology/PCA/site_libs/jqueryui-1.11.4/jquery-ui.js' (392,842) (User Action)
2026-08-11 16:21:19: Copy Over '/Users/andrea/Documents/_DBXAndrea/github/stats4biology_quarto/PCA/site_libs/jqueryui-1.11.4/jquery-ui.min.css' -> '/Users/andrea/Documents/_DBXAndrea/github/stats4biology/PCA/site_libs/jqueryui-1.11.4/jquery-ui.min.css' (26,302) (User Action)
2026-08-11 16:21:19: Copy Over '/Users/andrea/Documents/_DBXAndrea/github/stats4biology_quarto/PCA/site_libs/jqueryui-1.11.4/jquery-ui.min.js' -> '/Users/andrea/Documents/_DBXAndrea/github/stats4biology/PCA/site_libs/jqueryui-1.11.4/jquery-ui.min.js' (204,224) (User Action)
2026-08-11 16:21:19: Copy Over '/Users/andrea/Documents/_DBXAndrea/github/stats4biology_quarto/PCA/site_libs/jqueryui-1.11.4/jquery-ui.structure.css' -> '/Users/andrea/Documents/_DBXAndrea/github/stats4biology/PCA/site_libs/jqueryui-1.11.4/jquery-ui.structure.css' (14,618) (User Action)
2026-08-11 16:21:19: Copy Over '/Users/andrea/Documents/_DBXAndrea/github/stats4biology_quarto/PCA/site_libs/jqueryui-1.11.4/jquery-ui.structure.min.css' -> '/Users/andrea/Documents/_DBXAndrea/github/stats4biology/PCA/site_libs/jqueryui-1.11.4/jquery-ui.structure.min.css' (11,809) (User Action)
2026-08-11 16:21:19: Copy Over '/Users/andrea/Documents/_DBXAndrea/github/stats4biology_quarto/PCA/site_libs/jqueryui-1.11.4/jquery-ui.theme.css' -> '/Users/andrea/Documents/_DBXAndrea/github/stats4biology/PCA/site_libs/jqueryui-1.11.4/jquery-ui.theme.css' (16,531) (User Action)
2026-08-11 16:21:19: Copy Over '/Users/andrea/Documents/_DBXAndrea/github/stats4biology_quarto/PCA/site_libs/jqueryui-1.11.4/jquery-ui.theme.min.css' -> '/Users/andrea/Documents/_DBXAndrea/github/stats4biology/PCA/site_libs/jqueryui-1.11.4/jquery-ui.theme.min.css' (13,217) (User Action)
2026-08-11 16:21:19: Copy Over '/Users/andrea/Documents/_DBXAndrea/github/stats4biology_quarto/PCA/site_libs/jqueryui-1.11.4/README' -> '/Users/andrea/Documents/_DBXAndrea/github/stats4biology/PCA/site_libs/jqueryui-1.11.4/README' (408) (User Action)
2026-08-11 16:21:19: Copy Over '/Users/andrea/Documents/_DBXAndrea/github/stats4biology_quarto/PCA/site_libs/navigation-1.1/codefolding.js' -> '/Users/andrea/Documents/_DBXAndrea/github/stats4biology/PCA/site_libs/navigation-1.1/codefolding.js' (1,753) (User Action)
2026-08-11 16:21:19: Copy Over '/Users/andrea/Documents/_DBXAndrea/github/stats4biology_quarto/PCA/site_libs/navigation-1.1/sourceembed.js' -> '/Users/andrea/Documents/_DBXAndrea/github/stats4biology/PCA/site_libs/navigation-1.1/sourceembed.js' (357) (User Action)
2026-08-11 16:21:19: Copy Over '/Users/andrea/Documents/_DBXAndrea/github/stats4biology_quarto/PCA/site_libs/navigation-1.1/tabsets.js' -> '/Users/andrea/Documents/_DBXAndrea/github/stats4biology/PCA/site_libs/navigation-1.1/tabsets.js' (4,299) (User Action)
2026-08-11 16:21:19: Copy Over '/Users/andrea/Documents/_DBXAndrea/github/stats4biology_quarto/PCA/site_libs/tocify-1.9.1/jquery.tocify.css' -> '/Users/andrea/Documents/_DBXAndrea/github/stats4biology/PCA/site_libs/tocify-1.9.1/jquery.tocify.css' (1,927) (User Action)
2026-08-11 16:21:19: Copy Over '/Users/andrea/Documents/_DBXAndrea/github/stats4biology_quarto/PCA/site_libs/tocify-1.9.1/jquery.tocify.js' -> '/Users/andrea/Documents/_DBXAndrea/github/stats4biology/PCA/site_libs/tocify-1.9.1/jquery.tocify.js' (31,740) (User Action)
2026-08-11 16:21:19: Copy Over '/Users/andrea/Documents/_DBXAndrea/github/stats4biology_quarto/posts/_metadata.yml' -> '/Users/andrea/Documents/_DBXAndrea/github/stats4biology/posts/_metadata.yml' (237) (User Action)
2026-08-11 16:21:19: Copy Over '/Users/andrea/Documents/_DBXAndrea/github/stats4biology_quarto/posts/general_DeltaMethod.qmd' -> '/Users/andrea/Documents/_DBXAndrea/github/stats4biology/posts/general_DeltaMethod.qmd' (10,000) (User Action)
2026-08-11 16:21:19: Copy Over '/Users/andrea/Documents/_DBXAndrea/github/stats4biology_quarto/posts/general_ErrorPropagation.qmd' -> '/Users/andrea/Documents/_DBXAndrea/github/stats4biology/posts/general_ErrorPropagation.qmd' (7,676) (User Action)
2026-08-11 16:21:19: Copy Over '/Users/andrea/Documents/_DBXAndrea/github/stats4biology_quarto/posts/general_percentiles.qmd' -> '/Users/andrea/Documents/_DBXAndrea/github/stats4biology/posts/general_percentiles.qmd' (8,887) (User Action)
2026-08-11 16:21:19: Copy Over '/Users/andrea/Documents/_DBXAndrea/github/stats4biology_quarto/posts/general_VarianceSamplePop.qmd' -> '/Users/andrea/Documents/_DBXAndrea/github/stats4biology/posts/general_VarianceSamplePop.qmd' (7,994) (User Action)
2026-08-11 16:21:19: Copy Over '/Users/andrea/Documents/_DBXAndrea/github/stats4biology_quarto/posts/news_NewBook.qmd' -> '/Users/andrea/Documents/_DBXAndrea/github/stats4biology/posts/news_NewBook.qmd' (2,844) (User Action)
2026-08-11 16:21:19: Copy Over '/Users/andrea/Documents/_DBXAndrea/github/stats4biology_quarto/posts/news_SwitchToQuarto.qmd' -> '/Users/andrea/Documents/_DBXAndrea/github/stats4biology/posts/news_SwitchToQuarto.qmd' (2,223) (User Action)
2026-08-11 16:21:19: Copy Over '/Users/andrea/Documents/_DBXAndrea/github/stats4biology_quarto/posts/nlmm_DesignConstraints.qmd' -> '/Users/andrea/Documents/_DBXAndrea/github/stats4biology/posts/nlmm_DesignConstraints.qmd' (9,809) (User Action)
2026-08-11 16:21:19: Copy Over '/Users/andrea/Documents/_DBXAndrea/github/stats4biology_quarto/posts/nls_modelFitting.qmd' -> '/Users/andrea/Documents/_DBXAndrea/github/stats4biology/posts/nls_modelFitting.qmd' (31,390) (User Action)
2026-08-11 16:21:19: Copy Over '/Users/andrea/Documents/_DBXAndrea/github/stats4biology_quarto/posts/nls_selfStarting.qmd' -> '/Users/andrea/Documents/_DBXAndrea/github/stats4biology/posts/nls_selfStarting.qmd' (9,921) (User Action)
2026-08-11 16:21:19: Copy Over '/Users/andrea/Documents/_DBXAndrea/github/stats4biology_quarto/posts/nls_usefulEquations.qmd' -> '/Users/andrea/Documents/_DBXAndrea/github/stats4biology/posts/nls_usefulEquations.qmd' (43,751) (User Action)
2026-08-11 16:21:19: Copy Over '/Users/andrea/Documents/_DBXAndrea/github/stats4biology_quarto/posts/R_BlogdownSteps.qmd' -> '/Users/andrea/Documents/_DBXAndrea/github/stats4biology/posts/R_BlogdownSteps.qmd' (8,409) (User Action)
2026-08-11 16:21:19: Copy Over '/Users/andrea/Documents/_DBXAndrea/github/stats4biology_quarto/posts/R_ggplot_dualScaledAxes.qmd' -> '/Users/andrea/Documents/_DBXAndrea/github/stats4biology/posts/R_ggplot_dualScaledAxes.qmd' (9,770) (User Action)
2026-08-11 16:21:19: Copy Over '/Users/andrea/Documents/_DBXAndrea/github/stats4biology_quarto/posts/R_QuartoSteps.qmd' -> '/Users/andrea/Documents/_DBXAndrea/github/stats4biology/posts/R_QuartoSteps.qmd' (7,441) (User Action)
2026-08-11 16:21:19: Copy Over '/Users/andrea/Documents/_DBXAndrea/github/stats4biology_quarto/posts/R_TheDangerOfR.qmd' -> '/Users/andrea/Documents/_DBXAndrea/github/stats4biology/posts/R_TheDangerOfR.qmd' (4,389) (User Action)
2026-08-11 16:21:19: Copy Over '/Users/andrea/Documents/_DBXAndrea/github/stats4biology_quarto/README.md' -> '/Users/andrea/Documents/_DBXAndrea/github/stats4biology/README.md' (172) (User Action)
2026-08-11 16:21:19: Copy Over '/Users/andrea/Documents/_DBXAndrea/github/stats4biology_quarto/RecentCourses.qmd' -> '/Users/andrea/Documents/_DBXAndrea/github/stats4biology/RecentCourses.qmd' (237) (User Action)
2026-08-11 16:21:19: Copy Over '/Users/andrea/Documents/_DBXAndrea/github/stats4biology_quarto/Rpackages.qmd' -> '/Users/andrea/Documents/_DBXAndrea/github/stats4biology/Rpackages.qmd' (1,645) (User Action)
2026-08-11 16:21:19: Copy Over '/Users/andrea/Documents/_DBXAndrea/github/stats4biology_quarto/seedTutorial/404.html' -> '/Users/andrea/Documents/_DBXAndrea/github/stats4biology/seedTutorial/404.html' (26,880) (User Action)
2026-08-11 16:21:19: Copy Over '/Users/andrea/Documents/_DBXAndrea/github/stats4biology_quarto/seedTutorial/_Figures/Stat_drcte_3-method-data.jpg' -> '/Users/andrea/Documents/_DBXAndrea/github/stats4biology/seedTutorial/_Figures/Stat_drcte_3-method-data.jpg' (83,810) (User Action)
2026-08-11 16:21:19: Copy Over '/Users/andrea/Documents/_DBXAndrea/github/stats4biology_quarto/seedTutorial/_images/coversmall.jpeg' -> '/Users/andrea/Documents/_DBXAndrea/github/stats4biology/seedTutorial/_images/coversmall.jpeg' (3,752) (User Action)
2026-08-11 16:21:19: Copy Over '/Users/andrea/Documents/_DBXAndrea/github/stats4biology_quarto/seedTutorial/_images/GerminationAssay1.jpeg' -> '/Users/andrea/Documents/_DBXAndrea/github/stats4biology/seedTutorial/_images/GerminationAssay1.jpeg' (91,855) (User Action)
2026-08-11 16:21:19: Copy Over '/Users/andrea/Documents/_DBXAndrea/github/stats4biology_quarto/seedTutorial/_images/GerminationAssay2.jpeg' -> '/Users/andrea/Documents/_DBXAndrea/github/stats4biology/seedTutorial/_images/GerminationAssay2.jpeg' (144,664) (User Action)
2026-08-11 16:21:19: Copy Over '/Users/andrea/Documents/_DBXAndrea/github/stats4biology_quarto/seedTutorial/_seedGerminationTutorial.pdf' -> '/Users/andrea/Documents/_DBXAndrea/github/stats4biology/seedTutorial/_seedGerminationTutorial.pdf' (707,218) (User Action)
2026-08-11 16:21:19: Copy Over '/Users/andrea/Documents/_DBXAndrea/github/stats4biology_quarto/seedTutorial/_seedGerminationTutorial.tex' -> '/Users/andrea/Documents/_DBXAndrea/github/stats4biology/seedTutorial/_seedGerminationTutorial.tex' (259,345) (User Action)
2026-08-11 16:21:19: Copy Over '/Users/andrea/Documents/_DBXAndrea/github/stats4biology_quarto/seedTutorial/_seedGerminationTutorial_files/figure-html/unnamed-chunk-19-1.png' -> '/Users/andrea/Documents/_DBXAndrea/github/stats4biology/seedTutorial/_seedGerminationTutorial_files/figure-html/unnamed-chunk-19-1.png' (79,685) (User Action)
2026-08-11 16:21:19: Copy Over '/Users/andrea/Documents/_DBXAndrea/github/stats4biology_quarto/seedTutorial/_seedGerminationTutorial_files/figure-html/unnamed-chunk-20-1.png' -> '/Users/andrea/Documents/_DBXAndrea/github/stats4biology/seedTutorial/_seedGerminationTutorial_files/figure-html/unnamed-chunk-20-1.png' (87,049) (User Action)
2026-08-11 16:21:19: Copy Over '/Users/andrea/Documents/_DBXAndrea/github/stats4biology_quarto/seedTutorial/_seedGerminationTutorial_files/figure-html/unnamed-chunk-21-1.png' -> '/Users/andrea/Documents/_DBXAndrea/github/stats4biology/seedTutorial/_seedGerminationTutorial_files/figure-html/unnamed-chunk-21-1.png' (102,948) (User Action)
2026-08-11 16:21:19: Copy Over '/Users/andrea/Documents/_DBXAndrea/github/stats4biology_quarto/seedTutorial/_seedGerminationTutorial_files/figure-html/unnamed-chunk-25-1.png' -> '/Users/andrea/Documents/_DBXAndrea/github/stats4biology/seedTutorial/_seedGerminationTutorial_files/figure-html/unnamed-chunk-25-1.png' (105,664) (User Action)
2026-08-11 16:21:19: Copy Over '/Users/andrea/Documents/_DBXAndrea/github/stats4biology_quarto/seedTutorial/_seedGerminationTutorial_files/figure-html/unnamed-chunk-28-1.png' -> '/Users/andrea/Documents/_DBXAndrea/github/stats4biology/seedTutorial/_seedGerminationTutorial_files/figure-html/unnamed-chunk-28-1.png' (84,611) (User Action)
2026-08-11 16:21:19: Copy Over '/Users/andrea/Documents/_DBXAndrea/github/stats4biology_quarto/seedTutorial/_seedGerminationTutorial_files/figure-html/unnamed-chunk-30-1.png' -> '/Users/andrea/Documents/_DBXAndrea/github/stats4biology/seedTutorial/_seedGerminationTutorial_files/figure-html/unnamed-chunk-30-1.png' (103,488) (User Action)
2026-08-11 16:21:19: Copy Over '/Users/andrea/Documents/_DBXAndrea/github/stats4biology_quarto/seedTutorial/_seedGerminationTutorial_files/figure-html/unnamed-chunk-33-1.png' -> '/Users/andrea/Documents/_DBXAndrea/github/stats4biology/seedTutorial/_seedGerminationTutorial_files/figure-html/unnamed-chunk-33-1.png' (137,966) (User Action)
2026-08-11 16:21:19: Copy Over '/Users/andrea/Documents/_DBXAndrea/github/stats4biology_quarto/seedTutorial/_seedGerminationTutorial_files/figure-html/unnamed-chunk-39-1.png' -> '/Users/andrea/Documents/_DBXAndrea/github/stats4biology/seedTutorial/_seedGerminationTutorial_files/figure-html/unnamed-chunk-39-1.png' (157,145) (User Action)
2026-08-11 16:21:19: Copy Over '/Users/andrea/Documents/_DBXAndrea/github/stats4biology_quarto/seedTutorial/_seedGerminationTutorial_files/figure-html/unnamed-chunk-4-1.png' -> '/Users/andrea/Documents/_DBXAndrea/github/stats4biology/seedTutorial/_seedGerminationTutorial_files/figure-html/unnamed-chunk-4-1.png' (94,774) (User Action)
2026-08-11 16:21:19: Copy Over '/Users/andrea/Documents/_DBXAndrea/github/stats4biology_quarto/seedTutorial/_seedGerminationTutorial_files/figure-html/unnamed-chunk-49-1.png' -> '/Users/andrea/Documents/_DBXAndrea/github/stats4biology/seedTutorial/_seedGerminationTutorial_files/figure-html/unnamed-chunk-49-1.png' (80,393) (User Action)
2026-08-11 16:21:19: Copy Over '/Users/andrea/Documents/_DBXAndrea/github/stats4biology_quarto/seedTutorial/_seedGerminationTutorial_files/figure-html/unnamed-chunk-57-1.png' -> '/Users/andrea/Documents/_DBXAndrea/github/stats4biology/seedTutorial/_seedGerminationTutorial_files/figure-html/unnamed-chunk-57-1.png' (81,421) (User Action)
2026-08-11 16:21:19: Copy Over '/Users/andrea/Documents/_DBXAndrea/github/stats4biology_quarto/seedTutorial/_seedGerminationTutorial_files/figure-html/unnamed-chunk-58-1.png' -> '/Users/andrea/Documents/_DBXAndrea/github/stats4biology/seedTutorial/_seedGerminationTutorial_files/figure-html/unnamed-chunk-58-1.png' (106,428) (User Action)
2026-08-11 16:21:19: Copy Over '/Users/andrea/Documents/_DBXAndrea/github/stats4biology_quarto/seedTutorial/_seedGerminationTutorial_files/figure-html/unnamed-chunk-6-1.png' -> '/Users/andrea/Documents/_DBXAndrea/github/stats4biology/seedTutorial/_seedGerminationTutorial_files/figure-html/unnamed-chunk-6-1.png' (87,838) (User Action)
2026-08-11 16:21:19: Copy Over '/Users/andrea/Documents/_DBXAndrea/github/stats4biology_quarto/seedTutorial/_seedGerminationTutorial_files/figure-html/unnamed-chunk-61-1.png' -> '/Users/andrea/Documents/_DBXAndrea/github/stats4biology/seedTutorial/_seedGerminationTutorial_files/figure-html/unnamed-chunk-61-1.png' (297,135) (User Action)
2026-08-11 16:21:19: Copy Over '/Users/andrea/Documents/_DBXAndrea/github/stats4biology_quarto/seedTutorial/_seedGerminationTutorial_files/figure-html/unnamed-chunk-68-1.png' -> '/Users/andrea/Documents/_DBXAndrea/github/stats4biology/seedTutorial/_seedGerminationTutorial_files/figure-html/unnamed-chunk-68-1.png' (58,743) (User Action)
2026-08-11 16:21:19: Copy Over '/Users/andrea/Documents/_DBXAndrea/github/stats4biology_quarto/seedTutorial/_seedGerminationTutorial_files/figure-html/unnamed-chunk-69-1.png' -> '/Users/andrea/Documents/_DBXAndrea/github/stats4biology/seedTutorial/_seedGerminationTutorial_files/figure-html/unnamed-chunk-69-1.png' (80,591) (User Action)
2026-08-11 16:21:19: Copy Over '/Users/andrea/Documents/_DBXAndrea/github/stats4biology_quarto/seedTutorial/_seedGerminationTutorial_files/figure-html/unnamed-chunk-72-1.png' -> '/Users/andrea/Documents/_DBXAndrea/github/stats4biology/seedTutorial/_seedGerminationTutorial_files/figure-html/unnamed-chunk-72-1.png' (100,973) (User Action)
2026-08-11 16:21:19: Copy Over '/Users/andrea/Documents/_DBXAndrea/github/stats4biology_quarto/seedTutorial/_seedGerminationTutorial_files/figure-html/unnamed-chunk-74-1.png' -> '/Users/andrea/Documents/_DBXAndrea/github/stats4biology/seedTutorial/_seedGerminationTutorial_files/figure-html/unnamed-chunk-74-1.png' (236,989) (User Action)
2026-08-11 16:21:19: Copy Over '/Users/andrea/Documents/_DBXAndrea/github/stats4biology_quarto/seedTutorial/_seedGerminationTutorial_files/figure-html/unnamed-chunk-77-1.png' -> '/Users/andrea/Documents/_DBXAndrea/github/stats4biology/seedTutorial/_seedGerminationTutorial_files/figure-html/unnamed-chunk-77-1.png' (297,135) (User Action)
2026-08-11 16:21:19: Copy Over '/Users/andrea/Documents/_DBXAndrea/github/stats4biology_quarto/seedTutorial/_seedGerminationTutorial_files/figure-html/unnamed-chunk-82-1.png' -> '/Users/andrea/Documents/_DBXAndrea/github/stats4biology/seedTutorial/_seedGerminationTutorial_files/figure-html/unnamed-chunk-82-1.png' (170,909) (User Action)
2026-08-11 16:21:19: Copy Over '/Users/andrea/Documents/_DBXAndrea/github/stats4biology_quarto/seedTutorial/_seedGerminationTutorial_files/figure-html/unnamed-chunk-83-1.png' -> '/Users/andrea/Documents/_DBXAndrea/github/stats4biology/seedTutorial/_seedGerminationTutorial_files/figure-html/unnamed-chunk-83-1.png' (177,392) (User Action)
2026-08-11 16:21:19: Copy Over '/Users/andrea/Documents/_DBXAndrea/github/stats4biology_quarto/seedTutorial/comparing-germinationemergence-for-several-seed-lots.html' -> '/Users/andrea/Documents/_DBXAndrea/github/stats4biology/seedTutorial/comparing-germinationemergence-for-several-seed-lots.html' (70,621) (User Action)
2026-08-11 16:21:19: Copy Over '/Users/andrea/Documents/_DBXAndrea/github/stats4biology_quarto/seedTutorial/comparing-the-time-course-of-events-for-several-groups.html' -> '/Users/andrea/Documents/_DBXAndrea/github/stats4biology/seedTutorial/comparing-the-time-course-of-events-for-several-groups.html' (77,854) (User Action)
2026-08-11 16:21:19: Copy Over '/Users/andrea/Documents/_DBXAndrea/github/stats4biology_quarto/seedTutorial/examples-and-case-studies.html' -> '/Users/andrea/Documents/_DBXAndrea/github/stats4biology/seedTutorial/examples-and-case-studies.html' (114,683) (User Action)
2026-08-11 16:21:19: Copy Over '/Users/andrea/Documents/_DBXAndrea/github/stats4biology_quarto/seedTutorial/exploring-the-results-of-a-time-to-event-fit-model-parameters.html' -> '/Users/andrea/Documents/_DBXAndrea/github/stats4biology/seedTutorial/exploring-the-results-of-a-time-to-event-fit-model-parameters.html' (39,149) (User Action)
2026-08-11 16:21:19: Copy Over '/Users/andrea/Documents/_DBXAndrea/github/stats4biology_quarto/seedTutorial/fitting-germination-models-in-two-steps.html' -> '/Users/andrea/Documents/_DBXAndrea/github/stats4biology/seedTutorial/fitting-germination-models-in-two-steps.html' (98,893) (User Action)
2026-08-11 16:21:19: Copy Over '/Users/andrea/Documents/_DBXAndrea/github/stats4biology_quarto/seedTutorial/fitting-time-to-event-models-with-environmental-covariates.html' -> '/Users/andrea/Documents/_DBXAndrea/github/stats4biology/seedTutorial/fitting-time-to-event-models-with-environmental-covariates.html' (66,884) (User Action)
2026-08-11 16:21:19: Copy Over '/Users/andrea/Documents/_DBXAndrea/github/stats4biology_quarto/seedTutorial/getting-the-quantiles-with-drcte.html' -> '/Users/andrea/Documents/_DBXAndrea/github/stats4biology/seedTutorial/getting-the-quantiles-with-drcte.html' (53,635) (User Action)
2026-08-11 16:21:19: Copy Over '/Users/andrea/Documents/_DBXAndrea/github/stats4biology_quarto/seedTutorial/index.html' -> '/Users/andrea/Documents/_DBXAndrea/github/stats4biology/seedTutorial/index.html' (33,107) (User Action)
2026-08-11 16:21:19: Copy Over '/Users/andrea/Documents/_DBXAndrea/github/stats4biology_quarto/seedTutorial/introduction-1.html' -> '/Users/andrea/Documents/_DBXAndrea/github/stats4biology/seedTutorial/introduction-1.html' (91,301) (User Action)
2026-08-11 16:21:19: Copy Over '/Users/andrea/Documents/_DBXAndrea/github/stats4biology_quarto/seedTutorial/libs/anchor-sections-1.1.0/anchor-sections-hash.css' -> '/Users/andrea/Documents/_DBXAndrea/github/stats4biology/seedTutorial/libs/anchor-sections-1.1.0/anchor-sections-hash.css' (89) (User Action)
2026-08-11 16:21:19: Copy Over '/Users/andrea/Documents/_DBXAndrea/github/stats4biology_quarto/seedTutorial/libs/anchor-sections-1.1.0/anchor-sections.css' -> '/Users/andrea/Documents/_DBXAndrea/github/stats4biology/seedTutorial/libs/anchor-sections-1.1.0/anchor-sections.css' (207) (User Action)
2026-08-11 16:21:19: Copy Over '/Users/andrea/Documents/_DBXAndrea/github/stats4biology_quarto/seedTutorial/libs/anchor-sections-1.1.0/anchor-sections.js' -> '/Users/andrea/Documents/_DBXAndrea/github/stats4biology/seedTutorial/libs/anchor-sections-1.1.0/anchor-sections.js' (487) (User Action)
2026-08-11 16:21:19: Copy Over '/Users/andrea/Documents/_DBXAndrea/github/stats4biology_quarto/seedTutorial/libs/gitbook-2.6.7/css/fontawesome/fontawesome-webfont.ttf' -> '/Users/andrea/Documents/_DBXAndrea/github/stats4biology/seedTutorial/libs/gitbook-2.6.7/css/fontawesome/fontawesome-webfont.ttf' (165,548) (User Action)
2026-08-11 16:21:19: Copy Over '/Users/andrea/Documents/_DBXAndrea/github/stats4biology_quarto/seedTutorial/libs/gitbook-2.6.7/css/plugin-bookdown.css' -> '/Users/andrea/Documents/_DBXAndrea/github/stats4biology/seedTutorial/libs/gitbook-2.6.7/css/plugin-bookdown.css' (2,549) (User Action)
2026-08-11 16:21:19: Copy Over '/Users/andrea/Documents/_DBXAndrea/github/stats4biology_quarto/seedTutorial/libs/gitbook-2.6.7/css/plugin-clipboard.css' -> '/Users/andrea/Documents/_DBXAndrea/github/stats4biology/seedTutorial/libs/gitbook-2.6.7/css/plugin-clipboard.css' (266) (User Action)
2026-08-11 16:21:19: Copy Over '/Users/andrea/Documents/_DBXAndrea/github/stats4biology_quarto/seedTutorial/libs/gitbook-2.6.7/css/plugin-fontsettings.css' -> '/Users/andrea/Documents/_DBXAndrea/github/stats4biology/seedTutorial/libs/gitbook-2.6.7/css/plugin-fontsettings.css' (8,787) (User Action)
2026-08-11 16:21:19: Copy Over '/Users/andrea/Documents/_DBXAndrea/github/stats4biology_quarto/seedTutorial/libs/gitbook-2.6.7/css/plugin-highlight.css' -> '/Users/andrea/Documents/_DBXAndrea/github/stats4biology/seedTutorial/libs/gitbook-2.6.7/css/plugin-highlight.css' (30,762) (User Action)
2026-08-11 16:21:19: Copy Over '/Users/andrea/Documents/_DBXAndrea/github/stats4biology_quarto/seedTutorial/libs/gitbook-2.6.7/css/plugin-search.css' -> '/Users/andrea/Documents/_DBXAndrea/github/stats4biology/seedTutorial/libs/gitbook-2.6.7/css/plugin-search.css' (694) (User Action)
2026-08-11 16:21:19: Copy Over '/Users/andrea/Documents/_DBXAndrea/github/stats4biology_quarto/seedTutorial/libs/gitbook-2.6.7/css/plugin-table.css' -> '/Users/andrea/Documents/_DBXAndrea/github/stats4biology/seedTutorial/libs/gitbook-2.6.7/css/plugin-table.css' (623) (User Action)
2026-08-11 16:21:19: Copy Over '/Users/andrea/Documents/_DBXAndrea/github/stats4biology_quarto/seedTutorial/libs/gitbook-2.6.7/css/style.css' -> '/Users/andrea/Documents/_DBXAndrea/github/stats4biology/seedTutorial/libs/gitbook-2.6.7/css/style.css' (38,516) (User Action)
2026-08-11 16:21:19: Copy Over '/Users/andrea/Documents/_DBXAndrea/github/stats4biology_quarto/seedTutorial/libs/gitbook-2.6.7/js/app.min.js' -> '/Users/andrea/Documents/_DBXAndrea/github/stats4biology/seedTutorial/libs/gitbook-2.6.7/js/app.min.js' (146,237) (User Action)
2026-08-11 16:21:19: Copy Over '/Users/andrea/Documents/_DBXAndrea/github/stats4biology_quarto/seedTutorial/libs/gitbook-2.6.7/js/clipboard.min.js' -> '/Users/andrea/Documents/_DBXAndrea/github/stats4biology/seedTutorial/libs/gitbook-2.6.7/js/clipboard.min.js' (10,754) (User Action)
2026-08-11 16:21:19: Copy Over '/Users/andrea/Documents/_DBXAndrea/github/stats4biology_quarto/seedTutorial/libs/gitbook-2.6.7/js/jquery.highlight.js' -> '/Users/andrea/Documents/_DBXAndrea/github/stats4biology/seedTutorial/libs/gitbook-2.6.7/js/jquery.highlight.js' (3,201) (User Action)
2026-08-11 16:21:19: Copy Over '/Users/andrea/Documents/_DBXAndrea/github/stats4biology_quarto/seedTutorial/libs/gitbook-2.6.7/js/plugin-bookdown.js' -> '/Users/andrea/Documents/_DBXAndrea/github/stats4biology/seedTutorial/libs/gitbook-2.6.7/js/plugin-bookdown.js' (8,991) (User Action)
2026-08-11 16:21:19: Copy Over '/Users/andrea/Documents/_DBXAndrea/github/stats4biology_quarto/seedTutorial/libs/gitbook-2.6.7/js/plugin-clipboard.js' -> '/Users/andrea/Documents/_DBXAndrea/github/stats4biology/seedTutorial/libs/gitbook-2.6.7/js/plugin-clipboard.js' (907) (User Action)
2026-08-11 16:21:19: Copy Over '/Users/andrea/Documents/_DBXAndrea/github/stats4biology_quarto/seedTutorial/libs/gitbook-2.6.7/js/plugin-fontsettings.js' -> '/Users/andrea/Documents/_DBXAndrea/github/stats4biology/seedTutorial/libs/gitbook-2.6.7/js/plugin-fontsettings.js' (4,056) (User Action)
2026-08-11 16:21:19: Copy Over '/Users/andrea/Documents/_DBXAndrea/github/stats4biology_quarto/seedTutorial/libs/gitbook-2.6.7/js/plugin-search.js' -> '/Users/andrea/Documents/_DBXAndrea/github/stats4biology/seedTutorial/libs/gitbook-2.6.7/js/plugin-search.js' (9,078) (User Action)
2026-08-11 16:21:19: Copy Over '/Users/andrea/Documents/_DBXAndrea/github/stats4biology_quarto/seedTutorial/libs/gitbook-2.6.7/js/plugin-sharing.js' -> '/Users/andrea/Documents/_DBXAndrea/github/stats4biology/seedTutorial/libs/gitbook-2.6.7/js/plugin-sharing.js' (4,027) (User Action)
2026-08-11 16:21:19: Copy Over '/Users/andrea/Documents/_DBXAndrea/github/stats4biology_quarto/seedTutorial/libs/jquery-3.6.0/jquery-3.6.0.min.js' -> '/Users/andrea/Documents/_DBXAndrea/github/stats4biology/seedTutorial/libs/jquery-3.6.0/jquery-3.6.0.min.js' (89,501) (User Action)
2026-08-11 16:21:19: Copy Over '/Users/andrea/Documents/_DBXAndrea/github/stats4biology_quarto/seedTutorial/peculiarities-of-seed-science-data.html' -> '/Users/andrea/Documents/_DBXAndrea/github/stats4biology/seedTutorial/peculiarities-of-seed-science-data.html' (25,341) (User Action)
2026-08-11 16:21:19: Copy Over '/Users/andrea/Documents/_DBXAndrea/github/stats4biology_quarto/seedTutorial/predictions-from-a-parametric-time-to-event-model.html' -> '/Users/andrea/Documents/_DBXAndrea/github/stats4biology/seedTutorial/predictions-from-a-parametric-time-to-event-model.html' (41,009) (User Action)
2026-08-11 16:21:19: Copy Over '/Users/andrea/Documents/_DBXAndrea/github/stats4biology_quarto/seedTutorial/predictions-from-a-time-to-event-model-from-literature.html' -> '/Users/andrea/Documents/_DBXAndrea/github/stats4biology/seedTutorial/predictions-from-a-time-to-event-model-from-literature.html' (25,371) (User Action)
2026-08-11 16:21:19: Copy Over '/Users/andrea/Documents/_DBXAndrea/github/stats4biology_quarto/seedTutorial/predictions-from-non-parametric-time-to-event-models.html' -> '/Users/andrea/Documents/_DBXAndrea/github/stats4biology/seedTutorial/predictions-from-non-parametric-time-to-event-models.html' (28,837) (User Action)
2026-08-11 16:21:19: Copy Over '/Users/andrea/Documents/_DBXAndrea/github/stats4biology_quarto/seedTutorial/predictions-from-time-to-event-models.html' -> '/Users/andrea/Documents/_DBXAndrea/github/stats4biology/seedTutorial/predictions-from-time-to-event-models.html' (54,036) (User Action)
2026-08-11 16:21:19: Copy Over '/Users/andrea/Documents/_DBXAndrea/github/stats4biology_quarto/seedTutorial/quantiles-and-effective-doses-ed.html' -> '/Users/andrea/Documents/_DBXAndrea/github/stats4biology/seedTutorial/quantiles-and-effective-doses-ed.html' (22,839) (User Action)
2026-08-11 16:21:19: Copy Over '/Users/andrea/Documents/_DBXAndrea/github/stats4biology_quarto/seedTutorial/quantiles-from-time-to-event-models.html' -> '/Users/andrea/Documents/_DBXAndrea/github/stats4biology/seedTutorial/quantiles-from-time-to-event-models.html' (65,479) (User Action)
2026-08-11 16:21:19: Copy Over '/Users/andrea/Documents/_DBXAndrea/github/stats4biology_quarto/seedTutorial/references.html' -> '/Users/andrea/Documents/_DBXAndrea/github/stats4biology/seedTutorial/references.html' (33,936) (User Action)
2026-08-11 16:21:19: Copy Over '/Users/andrea/Documents/_DBXAndrea/github/stats4biology_quarto/seedTutorial/reshaping-time-to-event-data.html' -> '/Users/andrea/Documents/_DBXAndrea/github/stats4biology/seedTutorial/reshaping-time-to-event-data.html' (48,108) (User Action)
2026-08-11 16:21:19: Copy Over '/Users/andrea/Documents/_DBXAndrea/github/stats4biology_quarto/seedTutorial/search_index.json' -> '/Users/andrea/Documents/_DBXAndrea/github/stats4biology/seedTutorial/search_index.json' (11,511) (User Action)
2026-08-11 16:21:19: Copy Over '/Users/andrea/Documents/_DBXAndrea/github/stats4biology_quarto/seedTutorial/style.css' -> '/Users/andrea/Documents/_DBXAndrea/github/stats4biology/seedTutorial/style.css' (172) (User Action)
2026-08-11 16:21:19: Copy Over '/Users/andrea/Documents/_DBXAndrea/github/stats4biology_quarto/seedTutorial/time-to-event-models-for-seed-germinationemergence.html' -> '/Users/andrea/Documents/_DBXAndrea/github/stats4biology/seedTutorial/time-to-event-models-for-seed-germinationemergence.html' (58,734) (User Action)
2026-08-11 16:21:19: Copy Over '/Users/andrea/Documents/_DBXAndrea/github/stats4biology_quarto/seedTutorial/what-is-time-to-event-data.html' -> '/Users/andrea/Documents/_DBXAndrea/github/stats4biology/seedTutorial/what-is-time-to-event-data.html' (88,916) (User Action)
2026-08-11 16:21:19: Copy Over '/Users/andrea/Documents/_DBXAndrea/github/stats4biology_quarto/stats4biology_quarto.Rproj' -> '/Users/andrea/Documents/_DBXAndrea/github/stats4biology/stats4biology_quarto.Rproj' (205) (User Action)
2026-08-11 16:21:19: Copy Over '/Users/andrea/Documents/_DBXAndrea/github/stats4biology_quarto/styles.css' -> '/Users/andrea/Documents/_DBXAndrea/github/stats4biology/styles.css' (140) (User Action)
2026-08-11 16:21:19: Copy Over '/Users/andrea/Documents/_DBXAndrea/github/stats4biology_quarto/tags/nonlinear_regression/index.html' -> '/Users/andrea/Documents/_DBXAndrea/github/stats4biology/tags/nonlinear_regression/index.html' (332) (User Action)
2026-08-11 16:21:19: Copy Over '/Users/andrea/Documents/_DBXAndrea/github/stats4biology_quarto/tutorials.qmd' -> '/Users/andrea/Documents/_DBXAndrea/github/stats4biology/tutorials.qmd' (941) (User Action)
2026-08-11 16:21:20: == Sync Complete. Time: 00:00:04, Speed: 65.19 MB/s, OK: 1,929, Errors: 0
2026-08-11 16:21:20: 
